run,group,largest_update,population,genotypes,total_weighted_instructions,instruction_symbol,instruction_name,weighted_count,proportion,detail_spop
ecology_test_1_fast_run_1,ecology_test_1_fast,0,169,2,16900,a,nop-B,0,0.0,/Users/alinaqvi/Desktop/github_projects/avida/work/ecology_test_1_fast_run_1/data/detail-0.spop
ecology_test_1_fast_run_1,ecology_test_1_fast,0,169,2,16900,b,nop-C,16431,0.9722485207100592,/Users/alinaqvi/Desktop/github_projects/avida/work/ecology_test_1_fast_run_1/data/detail-0.spop
ecology_test_1_fast_run_1,ecology_test_1_fast,0,169,2,16900,c,if-n-equ,0,0.0,/Users/alinaqvi/Desktop/github_projects/avida/work/ecology_test_1_fast_run_1/data/detail-0.spop
ecology_test_1_fast_run_1,ecology_test_1_fast,0,169,2,16900,d,if-less,0,0.0,/Users/alinaqvi/Desktop/github_projects/avida/work/ecology_test_1_fast_run_1/data/detail-0.spop
ecology_test_1_fast_run_1,ecology_test_1_fast,0,169,2,16900,e,if-not-0,0,0.0,/Users/alinaqvi/Desktop/github_projects/avida/work/ecology_test_1_fast_run_1/data/detail-0.spop
ecology_test_1_fast_run_1,ecology_test_1_fast,0,169,2,16900,f,if-les-0,0,0.0,/Users/alinaqvi/Desktop/github_projects/avida/work/ecology_test_1_fast_run_1/data/detail-0.spop
ecology_test_1_fast_run_1,ecology_test_1_fast,0,169,2,16900,g,if-grt-0,0,0.0,/Users/alinaqvi/Desktop/github_projects/avida/work/ecology_test_1_fast_run_1/data/detail-0.spop
ecology_test_1_fast_run_1,ecology_test_1_fast,0,169,2,16900,h,if-label,0,0.0,/Users/alinaqvi/Desktop/github_projects/avida/work/ecology_test_1_fast_run_1/data/detail-0.spop
ecology_test_1_fast_run_1,ecology_test_1_fast,0,169,2,16900,i,zero,0,0.0,/Users/alinaqvi/Desktop/github_projects/avida/work/ecology_test_1_fast_run_1/data/detail-0.spop
ecology_test_1_fast_run_1,ecology_test_1_fast,0,169,2,16900,j,inc,0,0.0,/Users/alinaqvi/Desktop/github_projects/avida/work/ecology_test_1_fast_run_1/data/detail-0.spop
ecology_test_1_fast_run_1,ecology_test_1_fast,0,169,2,16900,k,dec,0,0.0,/Users/alinaqvi/Desktop/github_projects/avida/work/ecology_test_1_fast_run_1/data/detail-0.spop
ecology_test_1_fast_run_1,ecology_test_1_fast,0,169,2,16900,l,push,0,0.0,/Users/alinaqvi/Desktop/github_projects/avida/work/ecology_test_1_fast_run_1/data/detail-0.spop
ecology_test_1_fast_run_1,ecology_test_1_fast,0,169,2,16900,m,pop,0,0.0,/Users/alinaqvi/Desktop/github_projects/avida/work/ecology_test_1_fast_run_1/data/detail-0.spop
ecology_test_1_fast_run_1,ecology_test_1_fast,0,169,2,16900,n,swap-stk,0,0.0,/Users/alinaqvi/Desktop/github_projects/avida/work/ecology_test_1_fast_run_1/data/detail-0.spop
ecology_test_1_fast_run_1,ecology_test_1_fast,0,169,2,16900,o,swap,0,0.0,/Users/alinaqvi/Desktop/github_projects/avida/work/ecology_test_1_fast_run_1/data/detail-0.spop
ecology_test_1_fast_run_1,ecology_test_1_fast,0,169,2,16900,p,add,0,0.0,/Users/alinaqvi/Desktop/github_projects/avida/work/ecology_test_1_fast_run_1/data/detail-0.spop
ecology_test_1_fast_run_1,ecology_test_1_fast,0,169,2,16900,q,sub,0,0.0,/Users/alinaqvi/Desktop/github_projects/avida/work/ecology_test_1_fast_run_1/data/detail-0.spop
ecology_test_1_fast_run_1,ecology_test_1_fast,0,169,2,16900,r,nand,0,0.0,/Users/alinaqvi/Desktop/github_projects/avida/work/ecology_test_1_fast_run_1/data/detail-0.spop
ecology_test_1_fast_run_1,ecology_test_1_fast,0,169,2,16900,s,repro,400,0.023668639053254437,/Users/alinaqvi/Desktop/github_projects/avida/work/ecology_test_1_fast_run_1/data/detail-0.spop
ecology_test_1_fast_run_1,ecology_test_1_fast,0,169,2,16900,t,repro-semel,69,0.004082840236686391,/Users/alinaqvi/Desktop/github_projects/avida/work/ecology_test_1_fast_run_1/data/detail-0.spop
ecology_test_1_fast_run_1,ecology_test_1_fast,0,169,2,16900,u,move,0,0.0,/Users/alinaqvi/Desktop/github_projects/avida/work/ecology_test_1_fast_run_1/data/detail-0.spop
ecology_test_1_fast_run_1,ecology_test_1_fast,0,169,2,16900,v,rotate-left-one,0,0.0,/Users/alinaqvi/Desktop/github_projects/avida/work/ecology_test_1_fast_run_1/data/detail-0.spop
ecology_test_1_fast_run_1,ecology_test_1_fast,0,169,2,16900,w,rotate-right-one,0,0.0,/Users/alinaqvi/Desktop/github_projects/avida/work/ecology_test_1_fast_run_1/data/detail-0.spop
ecology_test_1_fast_run_1,ecology_test_1_fast,0,169,2,16900,x,sense-resource0,0,0.0,/Users/alinaqvi/Desktop/github_projects/avida/work/ecology_test_1_fast_run_1/data/detail-0.spop
ecology_test_1_fast_run_1,ecology_test_1_fast,0,169,2,16900,y,sense-faced-resource0,0,0.0,/Users/alinaqvi/Desktop/github_projects/avida/work/ecology_test_1_fast_run_1/data/detail-0.spop
ecology_test_1_fast_run_2,ecology_test_1_fast,0,170,2,17000,a,nop-B,0,0.0,/Users/alinaqvi/Desktop/github_projects/avida/work/ecology_test_1_fast_run_2/data/detail-0.spop
ecology_test_1_fast_run_2,ecology_test_1_fast,0,170,2,17000,b,nop-C,16530,0.9723529411764706,/Users/alinaqvi/Desktop/github_projects/avida/work/ecology_test_1_fast_run_2/data/detail-0.spop
ecology_test_1_fast_run_2,ecology_test_1_fast,0,170,2,17000,c,if-n-equ,0,0.0,/Users/alinaqvi/Desktop/github_projects/avida/work/ecology_test_1_fast_run_2/data/detail-0.spop
ecology_test_1_fast_run_2,ecology_test_1_fast,0,170,2,17000,d,if-less,0,0.0,/Users/alinaqvi/Desktop/github_projects/avida/work/ecology_test_1_fast_run_2/data/detail-0.spop
ecology_test_1_fast_run_2,ecology_test_1_fast,0,170,2,17000,e,if-not-0,0,0.0,/Users/alinaqvi/Desktop/github_projects/avida/work/ecology_test_1_fast_run_2/data/detail-0.spop
ecology_test_1_fast_run_2,ecology_test_1_fast,0,170,2,17000,f,if-les-0,0,0.0,/Users/alinaqvi/Desktop/github_projects/avida/work/ecology_test_1_fast_run_2/data/detail-0.spop
ecology_test_1_fast_run_2,ecology_test_1_fast,0,170,2,17000,g,if-grt-0,0,0.0,/Users/alinaqvi/Desktop/github_projects/avida/work/ecology_test_1_fast_run_2/data/detail-0.spop
ecology_test_1_fast_run_2,ecology_test_1_fast,0,170,2,17000,h,if-label,0,0.0,/Users/alinaqvi/Desktop/github_projects/avida/work/ecology_test_1_fast_run_2/data/detail-0.spop
ecology_test_1_fast_run_2,ecology_test_1_fast,0,170,2,17000,i,zero,0,0.0,/Users/alinaqvi/Desktop/github_projects/avida/work/ecology_test_1_fast_run_2/data/detail-0.spop
ecology_test_1_fast_run_2,ecology_test_1_fast,0,170,2,17000,j,inc,0,0.0,/Users/alinaqvi/Desktop/github_projects/avida/work/ecology_test_1_fast_run_2/data/detail-0.spop
ecology_test_1_fast_run_2,ecology_test_1_fast,0,170,2,17000,k,dec,0,0.0,/Users/alinaqvi/Desktop/github_projects/avida/work/ecology_test_1_fast_run_2/data/detail-0.spop
ecology_test_1_fast_run_2,ecology_test_1_fast,0,170,2,17000,l,push,0,0.0,/Users/alinaqvi/Desktop/github_projects/avida/work/ecology_test_1_fast_run_2/data/detail-0.spop
ecology_test_1_fast_run_2,ecology_test_1_fast,0,170,2,17000,m,pop,0,0.0,/Users/alinaqvi/Desktop/github_projects/avida/work/ecology_test_1_fast_run_2/data/detail-0.spop
ecology_test_1_fast_run_2,ecology_test_1_fast,0,170,2,17000,n,swap-stk,0,0.0,/Users/alinaqvi/Desktop/github_projects/avida/work/ecology_test_1_fast_run_2/data/detail-0.spop
ecology_test_1_fast_run_2,ecology_test_1_fast,0,170,2,17000,o,swap,0,0.0,/Users/alinaqvi/Desktop/github_projects/avida/work/ecology_test_1_fast_run_2/data/detail-0.spop
ecology_test_1_fast_run_2,ecology_test_1_fast,0,170,2,17000,p,add,0,0.0,/Users/alinaqvi/Desktop/github_projects/avida/work/ecology_test_1_fast_run_2/data/detail-0.spop
ecology_test_1_fast_run_2,ecology_test_1_fast,0,170,2,17000,q,sub,0,0.0,/Users/alinaqvi/Desktop/github_projects/avida/work/ecology_test_1_fast_run_2/data/detail-0.spop
ecology_test_1_fast_run_2,ecology_test_1_fast,0,170,2,17000,r,nand,0,0.0,/Users/alinaqvi/Desktop/github_projects/avida/work/ecology_test_1_fast_run_2/data/detail-0.spop
ecology_test_1_fast_run_2,ecology_test_1_fast,0,170,2,17000,s,repro,400,0.023529411764705882,/Users/alinaqvi/Desktop/github_projects/avida/work/ecology_test_1_fast_run_2/data/detail-0.spop
ecology_test_1_fast_run_2,ecology_test_1_fast,0,170,2,17000,t,repro-semel,70,0.00411764705882353,/Users/alinaqvi/Desktop/github_projects/avida/work/ecology_test_1_fast_run_2/data/detail-0.spop
ecology_test_1_fast_run_2,ecology_test_1_fast,0,170,2,17000,u,move,0,0.0,/Users/alinaqvi/Desktop/github_projects/avida/work/ecology_test_1_fast_run_2/data/detail-0.spop
ecology_test_1_fast_run_2,ecology_test_1_fast,0,170,2,17000,v,rotate-left-one,0,0.0,/Users/alinaqvi/Desktop/github_projects/avida/work/ecology_test_1_fast_run_2/data/detail-0.spop
ecology_test_1_fast_run_2,ecology_test_1_fast,0,170,2,17000,w,rotate-right-one,0,0.0,/Users/alinaqvi/Desktop/github_projects/avida/work/ecology_test_1_fast_run_2/data/detail-0.spop
ecology_test_1_fast_run_2,ecology_test_1_fast,0,170,2,17000,x,sense-resource0,0,0.0,/Users/alinaqvi/Desktop/github_projects/avida/work/ecology_test_1_fast_run_2/data/detail-0.spop
ecology_test_1_fast_run_2,ecology_test_1_fast,0,170,2,17000,y,sense-faced-resource0,0,0.0,/Users/alinaqvi/Desktop/github_projects/avida/work/ecology_test_1_fast_run_2/data/detail-0.spop
ecology_test_1_fast_run_3,ecology_test_1_fast,0,167,2,16700,a,nop-B,0,0.0,/Users/alinaqvi/Desktop/github_projects/avida/work/ecology_test_1_fast_run_3/data/detail-0.spop
ecology_test_1_fast_run_3,ecology_test_1_fast,0,167,2,16700,b,nop-C,16233,0.9720359281437125,/Users/alinaqvi/Desktop/github_projects/avida/work/ecology_test_1_fast_run_3/data/detail-0.spop
ecology_test_1_fast_run_3,ecology_test_1_fast,0,167,2,16700,c,if-n-equ,0,0.0,/Users/alinaqvi/Desktop/github_projects/avida/work/ecology_test_1_fast_run_3/data/detail-0.spop
ecology_test_1_fast_run_3,ecology_test_1_fast,0,167,2,16700,d,if-less,0,0.0,/Users/alinaqvi/Desktop/github_projects/avida/work/ecology_test_1_fast_run_3/data/detail-0.spop
ecology_test_1_fast_run_3,ecology_test_1_fast,0,167,2,16700,e,if-not-0,0,0.0,/Users/alinaqvi/Desktop/github_projects/avida/work/ecology_test_1_fast_run_3/data/detail-0.spop
ecology_test_1_fast_run_3,ecology_test_1_fast,0,167,2,16700,f,if-les-0,0,0.0,/Users/alinaqvi/Desktop/github_projects/avida/work/ecology_test_1_fast_run_3/data/detail-0.spop
ecology_test_1_fast_run_3,ecology_test_1_fast,0,167,2,16700,g,if-grt-0,0,0.0,/Users/alinaqvi/Desktop/github_projects/avida/work/ecology_test_1_fast_run_3/data/detail-0.spop
ecology_test_1_fast_run_3,ecology_test_1_fast,0,167,2,16700,h,if-label,0,0.0,/Users/alinaqvi/Desktop/github_projects/avida/work/ecology_test_1_fast_run_3/data/detail-0.spop
ecology_test_1_fast_run_3,ecology_test_1_fast,0,167,2,16700,i,zero,0,0.0,/Users/alinaqvi/Desktop/github_projects/avida/work/ecology_test_1_fast_run_3/data/detail-0.spop
ecology_test_1_fast_run_3,ecology_test_1_fast,0,167,2,16700,j,inc,0,0.0,/Users/alinaqvi/Desktop/github_projects/avida/work/ecology_test_1_fast_run_3/data/detail-0.spop
ecology_test_1_fast_run_3,ecology_test_1_fast,0,167,2,16700,k,dec,0,0.0,/Users/alinaqvi/Desktop/github_projects/avida/work/ecology_test_1_fast_run_3/data/detail-0.spop
ecology_test_1_fast_run_3,ecology_test_1_fast,0,167,2,16700,l,push,0,0.0,/Users/alinaqvi/Desktop/github_projects/avida/work/ecology_test_1_fast_run_3/data/detail-0.spop
ecology_test_1_fast_run_3,ecology_test_1_fast,0,167,2,16700,m,pop,0,0.0,/Users/alinaqvi/Desktop/github_projects/avida/work/ecology_test_1_fast_run_3/data/detail-0.spop
ecology_test_1_fast_run_3,ecology_test_1_fast,0,167,2,16700,n,swap-stk,0,0.0,/Users/alinaqvi/Desktop/github_projects/avida/work/ecology_test_1_fast_run_3/data/detail-0.spop
ecology_test_1_fast_run_3,ecology_test_1_fast,0,167,2,16700,o,swap,0,0.0,/Users/alinaqvi/Desktop/github_projects/avida/work/ecology_test_1_fast_run_3/data/detail-0.spop
ecology_test_1_fast_run_3,ecology_test_1_fast,0,167,2,16700,p,add,0,0.0,/Users/alinaqvi/Desktop/github_projects/avida/work/ecology_test_1_fast_run_3/data/detail-0.spop
ecology_test_1_fast_run_3,ecology_test_1_fast,0,167,2,16700,q,sub,0,0.0,/Users/alinaqvi/Desktop/github_projects/avida/work/ecology_test_1_fast_run_3/data/detail-0.spop
ecology_test_1_fast_run_3,ecology_test_1_fast,0,167,2,16700,r,nand,0,0.0,/Users/alinaqvi/Desktop/github_projects/avida/work/ecology_test_1_fast_run_3/data/detail-0.spop
ecology_test_1_fast_run_3,ecology_test_1_fast,0,167,2,16700,s,repro,400,0.023952095808383235,/Users/alinaqvi/Desktop/github_projects/avida/work/ecology_test_1_fast_run_3/data/detail-0.spop
ecology_test_1_fast_run_3,ecology_test_1_fast,0,167,2,16700,t,repro-semel,67,0.0040119760479041915,/Users/alinaqvi/Desktop/github_projects/avida/work/ecology_test_1_fast_run_3/data/detail-0.spop
ecology_test_1_fast_run_3,ecology_test_1_fast,0,167,2,16700,u,move,0,0.0,/Users/alinaqvi/Desktop/github_projects/avida/work/ecology_test_1_fast_run_3/data/detail-0.spop
ecology_test_1_fast_run_3,ecology_test_1_fast,0,167,2,16700,v,rotate-left-one,0,0.0,/Users/alinaqvi/Desktop/github_projects/avida/work/ecology_test_1_fast_run_3/data/detail-0.spop
ecology_test_1_fast_run_3,ecology_test_1_fast,0,167,2,16700,w,rotate-right-one,0,0.0,/Users/alinaqvi/Desktop/github_projects/avida/work/ecology_test_1_fast_run_3/data/detail-0.spop
ecology_test_1_fast_run_3,ecology_test_1_fast,0,167,2,16700,x,sense-resource0,0,0.0,/Users/alinaqvi/Desktop/github_projects/avida/work/ecology_test_1_fast_run_3/data/detail-0.spop
ecology_test_1_fast_run_3,ecology_test_1_fast,0,167,2,16700,y,sense-faced-resource0,0,0.0,/Users/alinaqvi/Desktop/github_projects/avida/work/ecology_test_1_fast_run_3/data/detail-0.spop
ecology_test_1_fast_run_4,ecology_test_1_fast,0,172,2,17200,a,nop-B,0,0.0,/Users/alinaqvi/Desktop/github_projects/avida/work/ecology_test_1_fast_run_4/data/detail-0.spop
ecology_test_1_fast_run_4,ecology_test_1_fast,0,172,2,17200,b,nop-C,16728,0.9725581395348837,/Users/alinaqvi/Desktop/github_projects/avida/work/ecology_test_1_fast_run_4/data/detail-0.spop
ecology_test_1_fast_run_4,ecology_test_1_fast,0,172,2,17200,c,if-n-equ,0,0.0,/Users/alinaqvi/Desktop/github_projects/avida/work/ecology_test_1_fast_run_4/data/detail-0.spop
ecology_test_1_fast_run_4,ecology_test_1_fast,0,172,2,17200,d,if-less,0,0.0,/Users/alinaqvi/Desktop/github_projects/avida/work/ecology_test_1_fast_run_4/data/detail-0.spop
ecology_test_1_fast_run_4,ecology_test_1_fast,0,172,2,17200,e,if-not-0,0,0.0,/Users/alinaqvi/Desktop/github_projects/avida/work/ecology_test_1_fast_run_4/data/detail-0.spop
ecology_test_1_fast_run_4,ecology_test_1_fast,0,172,2,17200,f,if-les-0,0,0.0,/Users/alinaqvi/Desktop/github_projects/avida/work/ecology_test_1_fast_run_4/data/detail-0.spop
ecology_test_1_fast_run_4,ecology_test_1_fast,0,172,2,17200,g,if-grt-0,0,0.0,/Users/alinaqvi/Desktop/github_projects/avida/work/ecology_test_1_fast_run_4/data/detail-0.spop
ecology_test_1_fast_run_4,ecology_test_1_fast,0,172,2,17200,h,if-label,0,0.0,/Users/alinaqvi/Desktop/github_projects/avida/work/ecology_test_1_fast_run_4/data/detail-0.spop
ecology_test_1_fast_run_4,ecology_test_1_fast,0,172,2,17200,i,zero,0,0.0,/Users/alinaqvi/Desktop/github_projects/avida/work/ecology_test_1_fast_run_4/data/detail-0.spop
ecology_test_1_fast_run_4,ecology_test_1_fast,0,172,2,17200,j,inc,0,0.0,/Users/alinaqvi/Desktop/github_projects/avida/work/ecology_test_1_fast_run_4/data/detail-0.spop
ecology_test_1_fast_run_4,ecology_test_1_fast,0,172,2,17200,k,dec,0,0.0,/Users/alinaqvi/Desktop/github_projects/avida/work/ecology_test_1_fast_run_4/data/detail-0.spop
ecology_test_1_fast_run_4,ecology_test_1_fast,0,172,2,17200,l,push,0,0.0,/Users/alinaqvi/Desktop/github_projects/avida/work/ecology_test_1_fast_run_4/data/detail-0.spop
ecology_test_1_fast_run_4,ecology_test_1_fast,0,172,2,17200,m,pop,0,0.0,/Users/alinaqvi/Desktop/github_projects/avida/work/ecology_test_1_fast_run_4/data/detail-0.spop
ecology_test_1_fast_run_4,ecology_test_1_fast,0,172,2,17200,n,swap-stk,0,0.0,/Users/alinaqvi/Desktop/github_projects/avida/work/ecology_test_1_fast_run_4/data/detail-0.spop
ecology_test_1_fast_run_4,ecology_test_1_fast,0,172,2,17200,o,swap,0,0.0,/Users/alinaqvi/Desktop/github_projects/avida/work/ecology_test_1_fast_run_4/data/detail-0.spop
ecology_test_1_fast_run_4,ecology_test_1_fast,0,172,2,17200,p,add,0,0.0,/Users/alinaqvi/Desktop/github_projects/avida/work/ecology_test_1_fast_run_4/data/detail-0.spop
ecology_test_1_fast_run_4,ecology_test_1_fast,0,172,2,17200,q,sub,0,0.0,/Users/alinaqvi/Desktop/github_projects/avida/work/ecology_test_1_fast_run_4/data/detail-0.spop
ecology_test_1_fast_run_4,ecology_test_1_fast,0,172,2,17200,r,nand,0,0.0,/Users/alinaqvi/Desktop/github_projects/avida/work/ecology_test_1_fast_run_4/data/detail-0.spop
ecology_test_1_fast_run_4,ecology_test_1_fast,0,172,2,17200,s,repro,400,0.023255813953488372,/Users/alinaqvi/Desktop/github_projects/avida/work/ecology_test_1_fast_run_4/data/detail-0.spop
ecology_test_1_fast_run_4,ecology_test_1_fast,0,172,2,17200,t,repro-semel,72,0.004186046511627907,/Users/alinaqvi/Desktop/github_projects/avida/work/ecology_test_1_fast_run_4/data/detail-0.spop
ecology_test_1_fast_run_4,ecology_test_1_fast,0,172,2,17200,u,move,0,0.0,/Users/alinaqvi/Desktop/github_projects/avida/work/ecology_test_1_fast_run_4/data/detail-0.spop
ecology_test_1_fast_run_4,ecology_test_1_fast,0,172,2,17200,v,rotate-left-one,0,0.0,/Users/alinaqvi/Desktop/github_projects/avida/work/ecology_test_1_fast_run_4/data/detail-0.spop
ecology_test_1_fast_run_4,ecology_test_1_fast,0,172,2,17200,w,rotate-right-one,0,0.0,/Users/alinaqvi/Desktop/github_projects/avida/work/ecology_test_1_fast_run_4/data/detail-0.spop
ecology_test_1_fast_run_4,ecology_test_1_fast,0,172,2,17200,x,sense-resource0,0,0.0,/Users/alinaqvi/Desktop/github_projects/avida/work/ecology_test_1_fast_run_4/data/detail-0.spop
ecology_test_1_fast_run_4,ecology_test_1_fast,0,172,2,17200,y,sense-faced-resource0,0,0.0,/Users/alinaqvi/Desktop/github_projects/avida/work/ecology_test_1_fast_run_4/data/detail-0.spop
ecology_test_1_fast_run_5,ecology_test_1_fast,0,174,2,17400,a,nop-B,0,0.0,/Users/alinaqvi/Desktop/github_projects/avida/work/ecology_test_1_fast_run_5/data/detail-0.spop
ecology_test_1_fast_run_5,ecology_test_1_fast,0,174,2,17400,b,nop-C,16926,0.9727586206896551,/Users/alinaqvi/Desktop/github_projects/avida/work/ecology_test_1_fast_run_5/data/detail-0.spop
ecology_test_1_fast_run_5,ecology_test_1_fast,0,174,2,17400,c,if-n-equ,0,0.0,/Users/alinaqvi/Desktop/github_projects/avida/work/ecology_test_1_fast_run_5/data/detail-0.spop
ecology_test_1_fast_run_5,ecology_test_1_fast,0,174,2,17400,d,if-less,0,0.0,/Users/alinaqvi/Desktop/github_projects/avida/work/ecology_test_1_fast_run_5/data/detail-0.spop
ecology_test_1_fast_run_5,ecology_test_1_fast,0,174,2,17400,e,if-not-0,0,0.0,/Users/alinaqvi/Desktop/github_projects/avida/work/ecology_test_1_fast_run_5/data/detail-0.spop
ecology_test_1_fast_run_5,ecology_test_1_fast,0,174,2,17400,f,if-les-0,0,0.0,/Users/alinaqvi/Desktop/github_projects/avida/work/ecology_test_1_fast_run_5/data/detail-0.spop
ecology_test_1_fast_run_5,ecology_test_1_fast,0,174,2,17400,g,if-grt-0,0,0.0,/Users/alinaqvi/Desktop/github_projects/avida/work/ecology_test_1_fast_run_5/data/detail-0.spop
ecology_test_1_fast_run_5,ecology_test_1_fast,0,174,2,17400,h,if-label,0,0.0,/Users/alinaqvi/Desktop/github_projects/avida/work/ecology_test_1_fast_run_5/data/detail-0.spop
ecology_test_1_fast_run_5,ecology_test_1_fast,0,174,2,17400,i,zero,0,0.0,/Users/alinaqvi/Desktop/github_projects/avida/work/ecology_test_1_fast_run_5/data/detail-0.spop
ecology_test_1_fast_run_5,ecology_test_1_fast,0,174,2,17400,j,inc,0,0.0,/Users/alinaqvi/Desktop/github_projects/avida/work/ecology_test_1_fast_run_5/data/detail-0.spop
ecology_test_1_fast_run_5,ecology_test_1_fast,0,174,2,17400,k,dec,0,0.0,/Users/alinaqvi/Desktop/github_projects/avida/work/ecology_test_1_fast_run_5/data/detail-0.spop
ecology_test_1_fast_run_5,ecology_test_1_fast,0,174,2,17400,l,push,0,0.0,/Users/alinaqvi/Desktop/github_projects/avida/work/ecology_test_1_fast_run_5/data/detail-0.spop
ecology_test_1_fast_run_5,ecology_test_1_fast,0,174,2,17400,m,pop,0,0.0,/Users/alinaqvi/Desktop/github_projects/avida/work/ecology_test_1_fast_run_5/data/detail-0.spop
ecology_test_1_fast_run_5,ecology_test_1_fast,0,174,2,17400,n,swap-stk,0,0.0,/Users/alinaqvi/Desktop/github_projects/avida/work/ecology_test_1_fast_run_5/data/detail-0.spop
ecology_test_1_fast_run_5,ecology_test_1_fast,0,174,2,17400,o,swap,0,0.0,/Users/alinaqvi/Desktop/github_projects/avida/work/ecology_test_1_fast_run_5/data/detail-0.spop
ecology_test_1_fast_run_5,ecology_test_1_fast,0,174,2,17400,p,add,0,0.0,/Users/alinaqvi/Desktop/github_projects/avida/work/ecology_test_1_fast_run_5/data/detail-0.spop
ecology_test_1_fast_run_5,ecology_test_1_fast,0,174,2,17400,q,sub,0,0.0,/Users/alinaqvi/Desktop/github_projects/avida/work/ecology_test_1_fast_run_5/data/detail-0.spop
ecology_test_1_fast_run_5,ecology_test_1_fast,0,174,2,17400,r,nand,0,0.0,/Users/alinaqvi/Desktop/github_projects/avida/work/ecology_test_1_fast_run_5/data/detail-0.spop
ecology_test_1_fast_run_5,ecology_test_1_fast,0,174,2,17400,s,repro,400,0.022988505747126436,/Users/alinaqvi/Desktop/github_projects/avida/work/ecology_test_1_fast_run_5/data/detail-0.spop
ecology_test_1_fast_run_5,ecology_test_1_fast,0,174,2,17400,t,repro-semel,74,0.004252873563218391,/Users/alinaqvi/Desktop/github_projects/avida/work/ecology_test_1_fast_run_5/data/detail-0.spop
ecology_test_1_fast_run_5,ecology_test_1_fast,0,174,2,17400,u,move,0,0.0,/Users/alinaqvi/Desktop/github_projects/avida/work/ecology_test_1_fast_run_5/data/detail-0.spop
ecology_test_1_fast_run_5,ecology_test_1_fast,0,174,2,17400,v,rotate-left-one,0,0.0,/Users/alinaqvi/Desktop/github_projects/avida/work/ecology_test_1_fast_run_5/data/detail-0.spop
ecology_test_1_fast_run_5,ecology_test_1_fast,0,174,2,17400,w,rotate-right-one,0,0.0,/Users/alinaqvi/Desktop/github_projects/avida/work/ecology_test_1_fast_run_5/data/detail-0.spop
ecology_test_1_fast_run_5,ecology_test_1_fast,0,174,2,17400,x,sense-resource0,0,0.0,/Users/alinaqvi/Desktop/github_projects/avida/work/ecology_test_1_fast_run_5/data/detail-0.spop
ecology_test_1_fast_run_5,ecology_test_1_fast,0,174,2,17400,y,sense-faced-resource0,0,0.0,/Users/alinaqvi/Desktop/github_projects/avida/work/ecology_test_1_fast_run_5/data/detail-0.spop
ecology_test_1_fast_run_6,ecology_test_1_fast,0,175,2,17500,a,nop-B,0,0.0,/Users/alinaqvi/Desktop/github_projects/avida/work/ecology_test_1_fast_run_6/data/detail-0.spop
ecology_test_1_fast_run_6,ecology_test_1_fast,0,175,2,17500,b,nop-C,17025,0.9728571428571429,/Users/alinaqvi/Desktop/github_projects/avida/work/ecology_test_1_fast_run_6/data/detail-0.spop
ecology_test_1_fast_run_6,ecology_test_1_fast,0,175,2,17500,c,if-n-equ,0,0.0,/Users/alinaqvi/Desktop/github_projects/avida/work/ecology_test_1_fast_run_6/data/detail-0.spop
ecology_test_1_fast_run_6,ecology_test_1_fast,0,175,2,17500,d,if-less,0,0.0,/Users/alinaqvi/Desktop/github_projects/avida/work/ecology_test_1_fast_run_6/data/detail-0.spop
ecology_test_1_fast_run_6,ecology_test_1_fast,0,175,2,17500,e,if-not-0,0,0.0,/Users/alinaqvi/Desktop/github_projects/avida/work/ecology_test_1_fast_run_6/data/detail-0.spop
ecology_test_1_fast_run_6,ecology_test_1_fast,0,175,2,17500,f,if-les-0,0,0.0,/Users/alinaqvi/Desktop/github_projects/avida/work/ecology_test_1_fast_run_6/data/detail-0.spop
ecology_test_1_fast_run_6,ecology_test_1_fast,0,175,2,17500,g,if-grt-0,0,0.0,/Users/alinaqvi/Desktop/github_projects/avida/work/ecology_test_1_fast_run_6/data/detail-0.spop
ecology_test_1_fast_run_6,ecology_test_1_fast,0,175,2,17500,h,if-label,0,0.0,/Users/alinaqvi/Desktop/github_projects/avida/work/ecology_test_1_fast_run_6/data/detail-0.spop
ecology_test_1_fast_run_6,ecology_test_1_fast,0,175,2,17500,i,zero,0,0.0,/Users/alinaqvi/Desktop/github_projects/avida/work/ecology_test_1_fast_run_6/data/detail-0.spop
ecology_test_1_fast_run_6,ecology_test_1_fast,0,175,2,17500,j,inc,0,0.0,/Users/alinaqvi/Desktop/github_projects/avida/work/ecology_test_1_fast_run_6/data/detail-0.spop
ecology_test_1_fast_run_6,ecology_test_1_fast,0,175,2,17500,k,dec,0,0.0,/Users/alinaqvi/Desktop/github_projects/avida/work/ecology_test_1_fast_run_6/data/detail-0.spop
ecology_test_1_fast_run_6,ecology_test_1_fast,0,175,2,17500,l,push,0,0.0,/Users/alinaqvi/Desktop/github_projects/avida/work/ecology_test_1_fast_run_6/data/detail-0.spop
ecology_test_1_fast_run_6,ecology_test_1_fast,0,175,2,17500,m,pop,0,0.0,/Users/alinaqvi/Desktop/github_projects/avida/work/ecology_test_1_fast_run_6/data/detail-0.spop
ecology_test_1_fast_run_6,ecology_test_1_fast,0,175,2,17500,n,swap-stk,0,0.0,/Users/alinaqvi/Desktop/github_projects/avida/work/ecology_test_1_fast_run_6/data/detail-0.spop
ecology_test_1_fast_run_6,ecology_test_1_fast,0,175,2,17500,o,swap,0,0.0,/Users/alinaqvi/Desktop/github_projects/avida/work/ecology_test_1_fast_run_6/data/detail-0.spop
ecology_test_1_fast_run_6,ecology_test_1_fast,0,175,2,17500,p,add,0,0.0,/Users/alinaqvi/Desktop/github_projects/avida/work/ecology_test_1_fast_run_6/data/detail-0.spop
ecology_test_1_fast_run_6,ecology_test_1_fast,0,175,2,17500,q,sub,0,0.0,/Users/alinaqvi/Desktop/github_projects/avida/work/ecology_test_1_fast_run_6/data/detail-0.spop
ecology_test_1_fast_run_6,ecology_test_1_fast,0,175,2,17500,r,nand,0,0.0,/Users/alinaqvi/Desktop/github_projects/avida/work/ecology_test_1_fast_run_6/data/detail-0.spop
ecology_test_1_fast_run_6,ecology_test_1_fast,0,175,2,17500,s,repro,400,0.022857142857142857,/Users/alinaqvi/Desktop/github_projects/avida/work/ecology_test_1_fast_run_6/data/detail-0.spop
ecology_test_1_fast_run_6,ecology_test_1_fast,0,175,2,17500,t,repro-semel,75,0.004285714285714286,/Users/alinaqvi/Desktop/github_projects/avida/work/ecology_test_1_fast_run_6/data/detail-0.spop
ecology_test_1_fast_run_6,ecology_test_1_fast,0,175,2,17500,u,move,0,0.0,/Users/alinaqvi/Desktop/github_projects/avida/work/ecology_test_1_fast_run_6/data/detail-0.spop
ecology_test_1_fast_run_6,ecology_test_1_fast,0,175,2,17500,v,rotate-left-one,0,0.0,/Users/alinaqvi/Desktop/github_projects/avida/work/ecology_test_1_fast_run_6/data/detail-0.spop
ecology_test_1_fast_run_6,ecology_test_1_fast,0,175,2,17500,w,rotate-right-one,0,0.0,/Users/alinaqvi/Desktop/github_projects/avida/work/ecology_test_1_fast_run_6/data/detail-0.spop
ecology_test_1_fast_run_6,ecology_test_1_fast,0,175,2,17500,x,sense-resource0,0,0.0,/Users/alinaqvi/Desktop/github_projects/avida/work/ecology_test_1_fast_run_6/data/detail-0.spop
ecology_test_1_fast_run_6,ecology_test_1_fast,0,175,2,17500,y,sense-faced-resource0,0,0.0,/Users/alinaqvi/Desktop/github_projects/avida/work/ecology_test_1_fast_run_6/data/detail-0.spop
ecology_test_1_fast_run_7,ecology_test_1_fast,0,175,2,17500,a,nop-B,0,0.0,/Users/alinaqvi/Desktop/github_projects/avida/work/ecology_test_1_fast_run_7/data/detail-0.spop
ecology_test_1_fast_run_7,ecology_test_1_fast,0,175,2,17500,b,nop-C,17025,0.9728571428571429,/Users/alinaqvi/Desktop/github_projects/avida/work/ecology_test_1_fast_run_7/data/detail-0.spop
ecology_test_1_fast_run_7,ecology_test_1_fast,0,175,2,17500,c,if-n-equ,0,0.0,/Users/alinaqvi/Desktop/github_projects/avida/work/ecology_test_1_fast_run_7/data/detail-0.spop
ecology_test_1_fast_run_7,ecology_test_1_fast,0,175,2,17500,d,if-less,0,0.0,/Users/alinaqvi/Desktop/github_projects/avida/work/ecology_test_1_fast_run_7/data/detail-0.spop
ecology_test_1_fast_run_7,ecology_test_1_fast,0,175,2,17500,e,if-not-0,0,0.0,/Users/alinaqvi/Desktop/github_projects/avida/work/ecology_test_1_fast_run_7/data/detail-0.spop
ecology_test_1_fast_run_7,ecology_test_1_fast,0,175,2,17500,f,if-les-0,0,0.0,/Users/alinaqvi/Desktop/github_projects/avida/work/ecology_test_1_fast_run_7/data/detail-0.spop
ecology_test_1_fast_run_7,ecology_test_1_fast,0,175,2,17500,g,if-grt-0,0,0.0,/Users/alinaqvi/Desktop/github_projects/avida/work/ecology_test_1_fast_run_7/data/detail-0.spop
ecology_test_1_fast_run_7,ecology_test_1_fast,0,175,2,17500,h,if-label,0,0.0,/Users/alinaqvi/Desktop/github_projects/avida/work/ecology_test_1_fast_run_7/data/detail-0.spop
ecology_test_1_fast_run_7,ecology_test_1_fast,0,175,2,17500,i,zero,0,0.0,/Users/alinaqvi/Desktop/github_projects/avida/work/ecology_test_1_fast_run_7/data/detail-0.spop
ecology_test_1_fast_run_7,ecology_test_1_fast,0,175,2,17500,j,inc,0,0.0,/Users/alinaqvi/Desktop/github_projects/avida/work/ecology_test_1_fast_run_7/data/detail-0.spop
ecology_test_1_fast_run_7,ecology_test_1_fast,0,175,2,17500,k,dec,0,0.0,/Users/alinaqvi/Desktop/github_projects/avida/work/ecology_test_1_fast_run_7/data/detail-0.spop
ecology_test_1_fast_run_7,ecology_test_1_fast,0,175,2,17500,l,push,0,0.0,/Users/alinaqvi/Desktop/github_projects/avida/work/ecology_test_1_fast_run_7/data/detail-0.spop
ecology_test_1_fast_run_7,ecology_test_1_fast,0,175,2,17500,m,pop,0,0.0,/Users/alinaqvi/Desktop/github_projects/avida/work/ecology_test_1_fast_run_7/data/detail-0.spop
ecology_test_1_fast_run_7,ecology_test_1_fast,0,175,2,17500,n,swap-stk,0,0.0,/Users/alinaqvi/Desktop/github_projects/avida/work/ecology_test_1_fast_run_7/data/detail-0.spop
ecology_test_1_fast_run_7,ecology_test_1_fast,0,175,2,17500,o,swap,0,0.0,/Users/alinaqvi/Desktop/github_projects/avida/work/ecology_test_1_fast_run_7/data/detail-0.spop
ecology_test_1_fast_run_7,ecology_test_1_fast,0,175,2,17500,p,add,0,0.0,/Users/alinaqvi/Desktop/github_projects/avida/work/ecology_test_1_fast_run_7/data/detail-0.spop
ecology_test_1_fast_run_7,ecology_test_1_fast,0,175,2,17500,q,sub,0,0.0,/Users/alinaqvi/Desktop/github_projects/avida/work/ecology_test_1_fast_run_7/data/detail-0.spop
ecology_test_1_fast_run_7,ecology_test_1_fast,0,175,2,17500,r,nand,0,0.0,/Users/alinaqvi/Desktop/github_projects/avida/work/ecology_test_1_fast_run_7/data/detail-0.spop
ecology_test_1_fast_run_7,ecology_test_1_fast,0,175,2,17500,s,repro,400,0.022857142857142857,/Users/alinaqvi/Desktop/github_projects/avida/work/ecology_test_1_fast_run_7/data/detail-0.spop
ecology_test_1_fast_run_7,ecology_test_1_fast,0,175,2,17500,t,repro-semel,75,0.004285714285714286,/Users/alinaqvi/Desktop/github_projects/avida/work/ecology_test_1_fast_run_7/data/detail-0.spop
ecology_test_1_fast_run_7,ecology_test_1_fast,0,175,2,17500,u,move,0,0.0,/Users/alinaqvi/Desktop/github_projects/avida/work/ecology_test_1_fast_run_7/data/detail-0.spop
ecology_test_1_fast_run_7,ecology_test_1_fast,0,175,2,17500,v,rotate-left-one,0,0.0,/Users/alinaqvi/Desktop/github_projects/avida/work/ecology_test_1_fast_run_7/data/detail-0.spop
ecology_test_1_fast_run_7,ecology_test_1_fast,0,175,2,17500,w,rotate-right-one,0,0.0,/Users/alinaqvi/Desktop/github_projects/avida/work/ecology_test_1_fast_run_7/data/detail-0.spop
ecology_test_1_fast_run_7,ecology_test_1_fast,0,175,2,17500,x,sense-resource0,0,0.0,/Users/alinaqvi/Desktop/github_projects/avida/work/ecology_test_1_fast_run_7/data/detail-0.spop
ecology_test_1_fast_run_7,ecology_test_1_fast,0,175,2,17500,y,sense-faced-resource0,0,0.0,/Users/alinaqvi/Desktop/github_projects/avida/work/ecology_test_1_fast_run_7/data/detail-0.spop
ecology_test_1_fast_run_8,ecology_test_1_fast,0,168,2,16800,a,nop-B,0,0.0,/Users/alinaqvi/Desktop/github_projects/avida/work/ecology_test_1_fast_run_8/data/detail-0.spop
ecology_test_1_fast_run_8,ecology_test_1_fast,0,168,2,16800,b,nop-C,16332,0.9721428571428572,/Users/alinaqvi/Desktop/github_projects/avida/work/ecology_test_1_fast_run_8/data/detail-0.spop
ecology_test_1_fast_run_8,ecology_test_1_fast,0,168,2,16800,c,if-n-equ,0,0.0,/Users/alinaqvi/Desktop/github_projects/avida/work/ecology_test_1_fast_run_8/data/detail-0.spop
ecology_test_1_fast_run_8,ecology_test_1_fast,0,168,2,16800,d,if-less,0,0.0,/Users/alinaqvi/Desktop/github_projects/avida/work/ecology_test_1_fast_run_8/data/detail-0.spop
ecology_test_1_fast_run_8,ecology_test_1_fast,0,168,2,16800,e,if-not-0,0,0.0,/Users/alinaqvi/Desktop/github_projects/avida/work/ecology_test_1_fast_run_8/data/detail-0.spop
ecology_test_1_fast_run_8,ecology_test_1_fast,0,168,2,16800,f,if-les-0,0,0.0,/Users/alinaqvi/Desktop/github_projects/avida/work/ecology_test_1_fast_run_8/data/detail-0.spop
ecology_test_1_fast_run_8,ecology_test_1_fast,0,168,2,16800,g,if-grt-0,0,0.0,/Users/alinaqvi/Desktop/github_projects/avida/work/ecology_test_1_fast_run_8/data/detail-0.spop
ecology_test_1_fast_run_8,ecology_test_1_fast,0,168,2,16800,h,if-label,0,0.0,/Users/alinaqvi/Desktop/github_projects/avida/work/ecology_test_1_fast_run_8/data/detail-0.spop
ecology_test_1_fast_run_8,ecology_test_1_fast,0,168,2,16800,i,zero,0,0.0,/Users/alinaqvi/Desktop/github_projects/avida/work/ecology_test_1_fast_run_8/data/detail-0.spop
ecology_test_1_fast_run_8,ecology_test_1_fast,0,168,2,16800,j,inc,0,0.0,/Users/alinaqvi/Desktop/github_projects/avida/work/ecology_test_1_fast_run_8/data/detail-0.spop
ecology_test_1_fast_run_8,ecology_test_1_fast,0,168,2,16800,k,dec,0,0.0,/Users/alinaqvi/Desktop/github_projects/avida/work/ecology_test_1_fast_run_8/data/detail-0.spop
ecology_test_1_fast_run_8,ecology_test_1_fast,0,168,2,16800,l,push,0,0.0,/Users/alinaqvi/Desktop/github_projects/avida/work/ecology_test_1_fast_run_8/data/detail-0.spop
ecology_test_1_fast_run_8,ecology_test_1_fast,0,168,2,16800,m,pop,0,0.0,/Users/alinaqvi/Desktop/github_projects/avida/work/ecology_test_1_fast_run_8/data/detail-0.spop
ecology_test_1_fast_run_8,ecology_test_1_fast,0,168,2,16800,n,swap-stk,0,0.0,/Users/alinaqvi/Desktop/github_projects/avida/work/ecology_test_1_fast_run_8/data/detail-0.spop
ecology_test_1_fast_run_8,ecology_test_1_fast,0,168,2,16800,o,swap,0,0.0,/Users/alinaqvi/Desktop/github_projects/avida/work/ecology_test_1_fast_run_8/data/detail-0.spop
ecology_test_1_fast_run_8,ecology_test_1_fast,0,168,2,16800,p,add,0,0.0,/Users/alinaqvi/Desktop/github_projects/avida/work/ecology_test_1_fast_run_8/data/detail-0.spop
ecology_test_1_fast_run_8,ecology_test_1_fast,0,168,2,16800,q,sub,0,0.0,/Users/alinaqvi/Desktop/github_projects/avida/work/ecology_test_1_fast_run_8/data/detail-0.spop
ecology_test_1_fast_run_8,ecology_test_1_fast,0,168,2,16800,r,nand,0,0.0,/Users/alinaqvi/Desktop/github_projects/avida/work/ecology_test_1_fast_run_8/data/detail-0.spop
ecology_test_1_fast_run_8,ecology_test_1_fast,0,168,2,16800,s,repro,400,0.023809523809523808,/Users/alinaqvi/Desktop/github_projects/avida/work/ecology_test_1_fast_run_8/data/detail-0.spop
ecology_test_1_fast_run_8,ecology_test_1_fast,0,168,2,16800,t,repro-semel,68,0.004047619047619047,/Users/alinaqvi/Desktop/github_projects/avida/work/ecology_test_1_fast_run_8/data/detail-0.spop
ecology_test_1_fast_run_8,ecology_test_1_fast,0,168,2,16800,u,move,0,0.0,/Users/alinaqvi/Desktop/github_projects/avida/work/ecology_test_1_fast_run_8/data/detail-0.spop
ecology_test_1_fast_run_8,ecology_test_1_fast,0,168,2,16800,v,rotate-left-one,0,0.0,/Users/alinaqvi/Desktop/github_projects/avida/work/ecology_test_1_fast_run_8/data/detail-0.spop
ecology_test_1_fast_run_8,ecology_test_1_fast,0,168,2,16800,w,rotate-right-one,0,0.0,/Users/alinaqvi/Desktop/github_projects/avida/work/ecology_test_1_fast_run_8/data/detail-0.spop
ecology_test_1_fast_run_8,ecology_test_1_fast,0,168,2,16800,x,sense-resource0,0,0.0,/Users/alinaqvi/Desktop/github_projects/avida/work/ecology_test_1_fast_run_8/data/detail-0.spop
ecology_test_1_fast_run_8,ecology_test_1_fast,0,168,2,16800,y,sense-faced-resource0,0,0.0,/Users/alinaqvi/Desktop/github_projects/avida/work/ecology_test_1_fast_run_8/data/detail-0.spop
ecology_test_1_fast_run_9,ecology_test_1_fast,0,175,2,17500,a,nop-B,0,0.0,/Users/alinaqvi/Desktop/github_projects/avida/work/ecology_test_1_fast_run_9/data/detail-0.spop
ecology_test_1_fast_run_9,ecology_test_1_fast,0,175,2,17500,b,nop-C,17025,0.9728571428571429,/Users/alinaqvi/Desktop/github_projects/avida/work/ecology_test_1_fast_run_9/data/detail-0.spop
ecology_test_1_fast_run_9,ecology_test_1_fast,0,175,2,17500,c,if-n-equ,0,0.0,/Users/alinaqvi/Desktop/github_projects/avida/work/ecology_test_1_fast_run_9/data/detail-0.spop
ecology_test_1_fast_run_9,ecology_test_1_fast,0,175,2,17500,d,if-less,0,0.0,/Users/alinaqvi/Desktop/github_projects/avida/work/ecology_test_1_fast_run_9/data/detail-0.spop
ecology_test_1_fast_run_9,ecology_test_1_fast,0,175,2,17500,e,if-not-0,0,0.0,/Users/alinaqvi/Desktop/github_projects/avida/work/ecology_test_1_fast_run_9/data/detail-0.spop
ecology_test_1_fast_run_9,ecology_test_1_fast,0,175,2,17500,f,if-les-0,0,0.0,/Users/alinaqvi/Desktop/github_projects/avida/work/ecology_test_1_fast_run_9/data/detail-0.spop
ecology_test_1_fast_run_9,ecology_test_1_fast,0,175,2,17500,g,if-grt-0,0,0.0,/Users/alinaqvi/Desktop/github_projects/avida/work/ecology_test_1_fast_run_9/data/detail-0.spop
ecology_test_1_fast_run_9,ecology_test_1_fast,0,175,2,17500,h,if-label,0,0.0,/Users/alinaqvi/Desktop/github_projects/avida/work/ecology_test_1_fast_run_9/data/detail-0.spop
ecology_test_1_fast_run_9,ecology_test_1_fast,0,175,2,17500,i,zero,0,0.0,/Users/alinaqvi/Desktop/github_projects/avida/work/ecology_test_1_fast_run_9/data/detail-0.spop
ecology_test_1_fast_run_9,ecology_test_1_fast,0,175,2,17500,j,inc,0,0.0,/Users/alinaqvi/Desktop/github_projects/avida/work/ecology_test_1_fast_run_9/data/detail-0.spop
ecology_test_1_fast_run_9,ecology_test_1_fast,0,175,2,17500,k,dec,0,0.0,/Users/alinaqvi/Desktop/github_projects/avida/work/ecology_test_1_fast_run_9/data/detail-0.spop
ecology_test_1_fast_run_9,ecology_test_1_fast,0,175,2,17500,l,push,0,0.0,/Users/alinaqvi/Desktop/github_projects/avida/work/ecology_test_1_fast_run_9/data/detail-0.spop
ecology_test_1_fast_run_9,ecology_test_1_fast,0,175,2,17500,m,pop,0,0.0,/Users/alinaqvi/Desktop/github_projects/avida/work/ecology_test_1_fast_run_9/data/detail-0.spop
ecology_test_1_fast_run_9,ecology_test_1_fast,0,175,2,17500,n,swap-stk,0,0.0,/Users/alinaqvi/Desktop/github_projects/avida/work/ecology_test_1_fast_run_9/data/detail-0.spop
ecology_test_1_fast_run_9,ecology_test_1_fast,0,175,2,17500,o,swap,0,0.0,/Users/alinaqvi/Desktop/github_projects/avida/work/ecology_test_1_fast_run_9/data/detail-0.spop
ecology_test_1_fast_run_9,ecology_test_1_fast,0,175,2,17500,p,add,0,0.0,/Users/alinaqvi/Desktop/github_projects/avida/work/ecology_test_1_fast_run_9/data/detail-0.spop
ecology_test_1_fast_run_9,ecology_test_1_fast,0,175,2,17500,q,sub,0,0.0,/Users/alinaqvi/Desktop/github_projects/avida/work/ecology_test_1_fast_run_9/data/detail-0.spop
ecology_test_1_fast_run_9,ecology_test_1_fast,0,175,2,17500,r,nand,0,0.0,/Users/alinaqvi/Desktop/github_projects/avida/work/ecology_test_1_fast_run_9/data/detail-0.spop
ecology_test_1_fast_run_9,ecology_test_1_fast,0,175,2,17500,s,repro,400,0.022857142857142857,/Users/alinaqvi/Desktop/github_projects/avida/work/ecology_test_1_fast_run_9/data/detail-0.spop
ecology_test_1_fast_run_9,ecology_test_1_fast,0,175,2,17500,t,repro-semel,75,0.004285714285714286,/Users/alinaqvi/Desktop/github_projects/avida/work/ecology_test_1_fast_run_9/data/detail-0.spop
ecology_test_1_fast_run_9,ecology_test_1_fast,0,175,2,17500,u,move,0,0.0,/Users/alinaqvi/Desktop/github_projects/avida/work/ecology_test_1_fast_run_9/data/detail-0.spop
ecology_test_1_fast_run_9,ecology_test_1_fast,0,175,2,17500,v,rotate-left-one,0,0.0,/Users/alinaqvi/Desktop/github_projects/avida/work/ecology_test_1_fast_run_9/data/detail-0.spop
ecology_test_1_fast_run_9,ecology_test_1_fast,0,175,2,17500,w,rotate-right-one,0,0.0,/Users/alinaqvi/Desktop/github_projects/avida/work/ecology_test_1_fast_run_9/data/detail-0.spop
ecology_test_1_fast_run_9,ecology_test_1_fast,0,175,2,17500,x,sense-resource0,0,0.0,/Users/alinaqvi/Desktop/github_projects/avida/work/ecology_test_1_fast_run_9/data/detail-0.spop
ecology_test_1_fast_run_9,ecology_test_1_fast,0,175,2,17500,y,sense-faced-resource0,0,0.0,/Users/alinaqvi/Desktop/github_projects/avida/work/ecology_test_1_fast_run_9/data/detail-0.spop
ecology_test_1_fast_run_10,ecology_test_1_fast,0,176,2,17600,a,nop-B,0,0.0,/Users/alinaqvi/Desktop/github_projects/avida/work/ecology_test_1_fast_run_10/data/detail-0.spop
ecology_test_1_fast_run_10,ecology_test_1_fast,0,176,2,17600,b,nop-C,17124,0.9729545454545454,/Users/alinaqvi/Desktop/github_projects/avida/work/ecology_test_1_fast_run_10/data/detail-0.spop
ecology_test_1_fast_run_10,ecology_test_1_fast,0,176,2,17600,c,if-n-equ,0,0.0,/Users/alinaqvi/Desktop/github_projects/avida/work/ecology_test_1_fast_run_10/data/detail-0.spop
ecology_test_1_fast_run_10,ecology_test_1_fast,0,176,2,17600,d,if-less,0,0.0,/Users/alinaqvi/Desktop/github_projects/avida/work/ecology_test_1_fast_run_10/data/detail-0.spop
ecology_test_1_fast_run_10,ecology_test_1_fast,0,176,2,17600,e,if-not-0,0,0.0,/Users/alinaqvi/Desktop/github_projects/avida/work/ecology_test_1_fast_run_10/data/detail-0.spop
ecology_test_1_fast_run_10,ecology_test_1_fast,0,176,2,17600,f,if-les-0,0,0.0,/Users/alinaqvi/Desktop/github_projects/avida/work/ecology_test_1_fast_run_10/data/detail-0.spop
ecology_test_1_fast_run_10,ecology_test_1_fast,0,176,2,17600,g,if-grt-0,0,0.0,/Users/alinaqvi/Desktop/github_projects/avida/work/ecology_test_1_fast_run_10/data/detail-0.spop
ecology_test_1_fast_run_10,ecology_test_1_fast,0,176,2,17600,h,if-label,0,0.0,/Users/alinaqvi/Desktop/github_projects/avida/work/ecology_test_1_fast_run_10/data/detail-0.spop
ecology_test_1_fast_run_10,ecology_test_1_fast,0,176,2,17600,i,zero,0,0.0,/Users/alinaqvi/Desktop/github_projects/avida/work/ecology_test_1_fast_run_10/data/detail-0.spop
ecology_test_1_fast_run_10,ecology_test_1_fast,0,176,2,17600,j,inc,0,0.0,/Users/alinaqvi/Desktop/github_projects/avida/work/ecology_test_1_fast_run_10/data/detail-0.spop
ecology_test_1_fast_run_10,ecology_test_1_fast,0,176,2,17600,k,dec,0,0.0,/Users/alinaqvi/Desktop/github_projects/avida/work/ecology_test_1_fast_run_10/data/detail-0.spop
ecology_test_1_fast_run_10,ecology_test_1_fast,0,176,2,17600,l,push,0,0.0,/Users/alinaqvi/Desktop/github_projects/avida/work/ecology_test_1_fast_run_10/data/detail-0.spop
ecology_test_1_fast_run_10,ecology_test_1_fast,0,176,2,17600,m,pop,0,0.0,/Users/alinaqvi/Desktop/github_projects/avida/work/ecology_test_1_fast_run_10/data/detail-0.spop
ecology_test_1_fast_run_10,ecology_test_1_fast,0,176,2,17600,n,swap-stk,0,0.0,/Users/alinaqvi/Desktop/github_projects/avida/work/ecology_test_1_fast_run_10/data/detail-0.spop
ecology_test_1_fast_run_10,ecology_test_1_fast,0,176,2,17600,o,swap,0,0.0,/Users/alinaqvi/Desktop/github_projects/avida/work/ecology_test_1_fast_run_10/data/detail-0.spop
ecology_test_1_fast_run_10,ecology_test_1_fast,0,176,2,17600,p,add,0,0.0,/Users/alinaqvi/Desktop/github_projects/avida/work/ecology_test_1_fast_run_10/data/detail-0.spop
ecology_test_1_fast_run_10,ecology_test_1_fast,0,176,2,17600,q,sub,0,0.0,/Users/alinaqvi/Desktop/github_projects/avida/work/ecology_test_1_fast_run_10/data/detail-0.spop
ecology_test_1_fast_run_10,ecology_test_1_fast,0,176,2,17600,r,nand,0,0.0,/Users/alinaqvi/Desktop/github_projects/avida/work/ecology_test_1_fast_run_10/data/detail-0.spop
ecology_test_1_fast_run_10,ecology_test_1_fast,0,176,2,17600,s,repro,400,0.022727272727272728,/Users/alinaqvi/Desktop/github_projects/avida/work/ecology_test_1_fast_run_10/data/detail-0.spop
ecology_test_1_fast_run_10,ecology_test_1_fast,0,176,2,17600,t,repro-semel,76,0.004318181818181818,/Users/alinaqvi/Desktop/github_projects/avida/work/ecology_test_1_fast_run_10/data/detail-0.spop
ecology_test_1_fast_run_10,ecology_test_1_fast,0,176,2,17600,u,move,0,0.0,/Users/alinaqvi/Desktop/github_projects/avida/work/ecology_test_1_fast_run_10/data/detail-0.spop
ecology_test_1_fast_run_10,ecology_test_1_fast,0,176,2,17600,v,rotate-left-one,0,0.0,/Users/alinaqvi/Desktop/github_projects/avida/work/ecology_test_1_fast_run_10/data/detail-0.spop
ecology_test_1_fast_run_10,ecology_test_1_fast,0,176,2,17600,w,rotate-right-one,0,0.0,/Users/alinaqvi/Desktop/github_projects/avida/work/ecology_test_1_fast_run_10/data/detail-0.spop
ecology_test_1_fast_run_10,ecology_test_1_fast,0,176,2,17600,x,sense-resource0,0,0.0,/Users/alinaqvi/Desktop/github_projects/avida/work/ecology_test_1_fast_run_10/data/detail-0.spop
ecology_test_1_fast_run_10,ecology_test_1_fast,0,176,2,17600,y,sense-faced-resource0,0,0.0,/Users/alinaqvi/Desktop/github_projects/avida/work/ecology_test_1_fast_run_10/data/detail-0.spop
ecology_test_1_fast_run_11,ecology_test_1_fast,0,171,2,17100,a,nop-B,0,0.0,/Users/alinaqvi/Desktop/github_projects/avida/work/ecology_test_1_fast_run_11/data/detail-0.spop
ecology_test_1_fast_run_11,ecology_test_1_fast,0,171,2,17100,b,nop-C,16629,0.9724561403508772,/Users/alinaqvi/Desktop/github_projects/avida/work/ecology_test_1_fast_run_11/data/detail-0.spop
ecology_test_1_fast_run_11,ecology_test_1_fast,0,171,2,17100,c,if-n-equ,0,0.0,/Users/alinaqvi/Desktop/github_projects/avida/work/ecology_test_1_fast_run_11/data/detail-0.spop
ecology_test_1_fast_run_11,ecology_test_1_fast,0,171,2,17100,d,if-less,0,0.0,/Users/alinaqvi/Desktop/github_projects/avida/work/ecology_test_1_fast_run_11/data/detail-0.spop
ecology_test_1_fast_run_11,ecology_test_1_fast,0,171,2,17100,e,if-not-0,0,0.0,/Users/alinaqvi/Desktop/github_projects/avida/work/ecology_test_1_fast_run_11/data/detail-0.spop
ecology_test_1_fast_run_11,ecology_test_1_fast,0,171,2,17100,f,if-les-0,0,0.0,/Users/alinaqvi/Desktop/github_projects/avida/work/ecology_test_1_fast_run_11/data/detail-0.spop
ecology_test_1_fast_run_11,ecology_test_1_fast,0,171,2,17100,g,if-grt-0,0,0.0,/Users/alinaqvi/Desktop/github_projects/avida/work/ecology_test_1_fast_run_11/data/detail-0.spop
ecology_test_1_fast_run_11,ecology_test_1_fast,0,171,2,17100,h,if-label,0,0.0,/Users/alinaqvi/Desktop/github_projects/avida/work/ecology_test_1_fast_run_11/data/detail-0.spop
ecology_test_1_fast_run_11,ecology_test_1_fast,0,171,2,17100,i,zero,0,0.0,/Users/alinaqvi/Desktop/github_projects/avida/work/ecology_test_1_fast_run_11/data/detail-0.spop
ecology_test_1_fast_run_11,ecology_test_1_fast,0,171,2,17100,j,inc,0,0.0,/Users/alinaqvi/Desktop/github_projects/avida/work/ecology_test_1_fast_run_11/data/detail-0.spop
ecology_test_1_fast_run_11,ecology_test_1_fast,0,171,2,17100,k,dec,0,0.0,/Users/alinaqvi/Desktop/github_projects/avida/work/ecology_test_1_fast_run_11/data/detail-0.spop
ecology_test_1_fast_run_11,ecology_test_1_fast,0,171,2,17100,l,push,0,0.0,/Users/alinaqvi/Desktop/github_projects/avida/work/ecology_test_1_fast_run_11/data/detail-0.spop
ecology_test_1_fast_run_11,ecology_test_1_fast,0,171,2,17100,m,pop,0,0.0,/Users/alinaqvi/Desktop/github_projects/avida/work/ecology_test_1_fast_run_11/data/detail-0.spop
ecology_test_1_fast_run_11,ecology_test_1_fast,0,171,2,17100,n,swap-stk,0,0.0,/Users/alinaqvi/Desktop/github_projects/avida/work/ecology_test_1_fast_run_11/data/detail-0.spop
ecology_test_1_fast_run_11,ecology_test_1_fast,0,171,2,17100,o,swap,0,0.0,/Users/alinaqvi/Desktop/github_projects/avida/work/ecology_test_1_fast_run_11/data/detail-0.spop
ecology_test_1_fast_run_11,ecology_test_1_fast,0,171,2,17100,p,add,0,0.0,/Users/alinaqvi/Desktop/github_projects/avida/work/ecology_test_1_fast_run_11/data/detail-0.spop
ecology_test_1_fast_run_11,ecology_test_1_fast,0,171,2,17100,q,sub,0,0.0,/Users/alinaqvi/Desktop/github_projects/avida/work/ecology_test_1_fast_run_11/data/detail-0.spop
ecology_test_1_fast_run_11,ecology_test_1_fast,0,171,2,17100,r,nand,0,0.0,/Users/alinaqvi/Desktop/github_projects/avida/work/ecology_test_1_fast_run_11/data/detail-0.spop
ecology_test_1_fast_run_11,ecology_test_1_fast,0,171,2,17100,s,repro,400,0.023391812865497075,/Users/alinaqvi/Desktop/github_projects/avida/work/ecology_test_1_fast_run_11/data/detail-0.spop
ecology_test_1_fast_run_11,ecology_test_1_fast,0,171,2,17100,t,repro-semel,71,0.004152046783625731,/Users/alinaqvi/Desktop/github_projects/avida/work/ecology_test_1_fast_run_11/data/detail-0.spop
ecology_test_1_fast_run_11,ecology_test_1_fast,0,171,2,17100,u,move,0,0.0,/Users/alinaqvi/Desktop/github_projects/avida/work/ecology_test_1_fast_run_11/data/detail-0.spop
ecology_test_1_fast_run_11,ecology_test_1_fast,0,171,2,17100,v,rotate-left-one,0,0.0,/Users/alinaqvi/Desktop/github_projects/avida/work/ecology_test_1_fast_run_11/data/detail-0.spop
ecology_test_1_fast_run_11,ecology_test_1_fast,0,171,2,17100,w,rotate-right-one,0,0.0,/Users/alinaqvi/Desktop/github_projects/avida/work/ecology_test_1_fast_run_11/data/detail-0.spop
ecology_test_1_fast_run_11,ecology_test_1_fast,0,171,2,17100,x,sense-resource0,0,0.0,/Users/alinaqvi/Desktop/github_projects/avida/work/ecology_test_1_fast_run_11/data/detail-0.spop
ecology_test_1_fast_run_11,ecology_test_1_fast,0,171,2,17100,y,sense-faced-resource0,0,0.0,/Users/alinaqvi/Desktop/github_projects/avida/work/ecology_test_1_fast_run_11/data/detail-0.spop
ecology_test_1_fast_run_12,ecology_test_1_fast,0,176,2,17600,a,nop-B,0,0.0,/Users/alinaqvi/Desktop/github_projects/avida/work/ecology_test_1_fast_run_12/data/detail-0.spop
ecology_test_1_fast_run_12,ecology_test_1_fast,0,176,2,17600,b,nop-C,17124,0.9729545454545454,/Users/alinaqvi/Desktop/github_projects/avida/work/ecology_test_1_fast_run_12/data/detail-0.spop
ecology_test_1_fast_run_12,ecology_test_1_fast,0,176,2,17600,c,if-n-equ,0,0.0,/Users/alinaqvi/Desktop/github_projects/avida/work/ecology_test_1_fast_run_12/data/detail-0.spop
ecology_test_1_fast_run_12,ecology_test_1_fast,0,176,2,17600,d,if-less,0,0.0,/Users/alinaqvi/Desktop/github_projects/avida/work/ecology_test_1_fast_run_12/data/detail-0.spop
ecology_test_1_fast_run_12,ecology_test_1_fast,0,176,2,17600,e,if-not-0,0,0.0,/Users/alinaqvi/Desktop/github_projects/avida/work/ecology_test_1_fast_run_12/data/detail-0.spop
ecology_test_1_fast_run_12,ecology_test_1_fast,0,176,2,17600,f,if-les-0,0,0.0,/Users/alinaqvi/Desktop/github_projects/avida/work/ecology_test_1_fast_run_12/data/detail-0.spop
ecology_test_1_fast_run_12,ecology_test_1_fast,0,176,2,17600,g,if-grt-0,0,0.0,/Users/alinaqvi/Desktop/github_projects/avida/work/ecology_test_1_fast_run_12/data/detail-0.spop
ecology_test_1_fast_run_12,ecology_test_1_fast,0,176,2,17600,h,if-label,0,0.0,/Users/alinaqvi/Desktop/github_projects/avida/work/ecology_test_1_fast_run_12/data/detail-0.spop
ecology_test_1_fast_run_12,ecology_test_1_fast,0,176,2,17600,i,zero,0,0.0,/Users/alinaqvi/Desktop/github_projects/avida/work/ecology_test_1_fast_run_12/data/detail-0.spop
ecology_test_1_fast_run_12,ecology_test_1_fast,0,176,2,17600,j,inc,0,0.0,/Users/alinaqvi/Desktop/github_projects/avida/work/ecology_test_1_fast_run_12/data/detail-0.spop
ecology_test_1_fast_run_12,ecology_test_1_fast,0,176,2,17600,k,dec,0,0.0,/Users/alinaqvi/Desktop/github_projects/avida/work/ecology_test_1_fast_run_12/data/detail-0.spop
ecology_test_1_fast_run_12,ecology_test_1_fast,0,176,2,17600,l,push,0,0.0,/Users/alinaqvi/Desktop/github_projects/avida/work/ecology_test_1_fast_run_12/data/detail-0.spop
ecology_test_1_fast_run_12,ecology_test_1_fast,0,176,2,17600,m,pop,0,0.0,/Users/alinaqvi/Desktop/github_projects/avida/work/ecology_test_1_fast_run_12/data/detail-0.spop
ecology_test_1_fast_run_12,ecology_test_1_fast,0,176,2,17600,n,swap-stk,0,0.0,/Users/alinaqvi/Desktop/github_projects/avida/work/ecology_test_1_fast_run_12/data/detail-0.spop
ecology_test_1_fast_run_12,ecology_test_1_fast,0,176,2,17600,o,swap,0,0.0,/Users/alinaqvi/Desktop/github_projects/avida/work/ecology_test_1_fast_run_12/data/detail-0.spop
ecology_test_1_fast_run_12,ecology_test_1_fast,0,176,2,17600,p,add,0,0.0,/Users/alinaqvi/Desktop/github_projects/avida/work/ecology_test_1_fast_run_12/data/detail-0.spop
ecology_test_1_fast_run_12,ecology_test_1_fast,0,176,2,17600,q,sub,0,0.0,/Users/alinaqvi/Desktop/github_projects/avida/work/ecology_test_1_fast_run_12/data/detail-0.spop
ecology_test_1_fast_run_12,ecology_test_1_fast,0,176,2,17600,r,nand,0,0.0,/Users/alinaqvi/Desktop/github_projects/avida/work/ecology_test_1_fast_run_12/data/detail-0.spop
ecology_test_1_fast_run_12,ecology_test_1_fast,0,176,2,17600,s,repro,400,0.022727272727272728,/Users/alinaqvi/Desktop/github_projects/avida/work/ecology_test_1_fast_run_12/data/detail-0.spop
ecology_test_1_fast_run_12,ecology_test_1_fast,0,176,2,17600,t,repro-semel,76,0.004318181818181818,/Users/alinaqvi/Desktop/github_projects/avida/work/ecology_test_1_fast_run_12/data/detail-0.spop
ecology_test_1_fast_run_12,ecology_test_1_fast,0,176,2,17600,u,move,0,0.0,/Users/alinaqvi/Desktop/github_projects/avida/work/ecology_test_1_fast_run_12/data/detail-0.spop
ecology_test_1_fast_run_12,ecology_test_1_fast,0,176,2,17600,v,rotate-left-one,0,0.0,/Users/alinaqvi/Desktop/github_projects/avida/work/ecology_test_1_fast_run_12/data/detail-0.spop
ecology_test_1_fast_run_12,ecology_test_1_fast,0,176,2,17600,w,rotate-right-one,0,0.0,/Users/alinaqvi/Desktop/github_projects/avida/work/ecology_test_1_fast_run_12/data/detail-0.spop
ecology_test_1_fast_run_12,ecology_test_1_fast,0,176,2,17600,x,sense-resource0,0,0.0,/Users/alinaqvi/Desktop/github_projects/avida/work/ecology_test_1_fast_run_12/data/detail-0.spop
ecology_test_1_fast_run_12,ecology_test_1_fast,0,176,2,17600,y,sense-faced-resource0,0,0.0,/Users/alinaqvi/Desktop/github_projects/avida/work/ecology_test_1_fast_run_12/data/detail-0.spop
ecology_test_1_fast_run_13,ecology_test_1_fast,0,182,2,18200,a,nop-B,0,0.0,/Users/alinaqvi/Desktop/github_projects/avida/work/ecology_test_1_fast_run_13/data/detail-0.spop
ecology_test_1_fast_run_13,ecology_test_1_fast,0,182,2,18200,b,nop-C,17718,0.9735164835164836,/Users/alinaqvi/Desktop/github_projects/avida/work/ecology_test_1_fast_run_13/data/detail-0.spop
ecology_test_1_fast_run_13,ecology_test_1_fast,0,182,2,18200,c,if-n-equ,0,0.0,/Users/alinaqvi/Desktop/github_projects/avida/work/ecology_test_1_fast_run_13/data/detail-0.spop
ecology_test_1_fast_run_13,ecology_test_1_fast,0,182,2,18200,d,if-less,0,0.0,/Users/alinaqvi/Desktop/github_projects/avida/work/ecology_test_1_fast_run_13/data/detail-0.spop
ecology_test_1_fast_run_13,ecology_test_1_fast,0,182,2,18200,e,if-not-0,0,0.0,/Users/alinaqvi/Desktop/github_projects/avida/work/ecology_test_1_fast_run_13/data/detail-0.spop
ecology_test_1_fast_run_13,ecology_test_1_fast,0,182,2,18200,f,if-les-0,0,0.0,/Users/alinaqvi/Desktop/github_projects/avida/work/ecology_test_1_fast_run_13/data/detail-0.spop
ecology_test_1_fast_run_13,ecology_test_1_fast,0,182,2,18200,g,if-grt-0,0,0.0,/Users/alinaqvi/Desktop/github_projects/avida/work/ecology_test_1_fast_run_13/data/detail-0.spop
ecology_test_1_fast_run_13,ecology_test_1_fast,0,182,2,18200,h,if-label,0,0.0,/Users/alinaqvi/Desktop/github_projects/avida/work/ecology_test_1_fast_run_13/data/detail-0.spop
ecology_test_1_fast_run_13,ecology_test_1_fast,0,182,2,18200,i,zero,0,0.0,/Users/alinaqvi/Desktop/github_projects/avida/work/ecology_test_1_fast_run_13/data/detail-0.spop
ecology_test_1_fast_run_13,ecology_test_1_fast,0,182,2,18200,j,inc,0,0.0,/Users/alinaqvi/Desktop/github_projects/avida/work/ecology_test_1_fast_run_13/data/detail-0.spop
ecology_test_1_fast_run_13,ecology_test_1_fast,0,182,2,18200,k,dec,0,0.0,/Users/alinaqvi/Desktop/github_projects/avida/work/ecology_test_1_fast_run_13/data/detail-0.spop
ecology_test_1_fast_run_13,ecology_test_1_fast,0,182,2,18200,l,push,0,0.0,/Users/alinaqvi/Desktop/github_projects/avida/work/ecology_test_1_fast_run_13/data/detail-0.spop
ecology_test_1_fast_run_13,ecology_test_1_fast,0,182,2,18200,m,pop,0,0.0,/Users/alinaqvi/Desktop/github_projects/avida/work/ecology_test_1_fast_run_13/data/detail-0.spop
ecology_test_1_fast_run_13,ecology_test_1_fast,0,182,2,18200,n,swap-stk,0,0.0,/Users/alinaqvi/Desktop/github_projects/avida/work/ecology_test_1_fast_run_13/data/detail-0.spop
ecology_test_1_fast_run_13,ecology_test_1_fast,0,182,2,18200,o,swap,0,0.0,/Users/alinaqvi/Desktop/github_projects/avida/work/ecology_test_1_fast_run_13/data/detail-0.spop
ecology_test_1_fast_run_13,ecology_test_1_fast,0,182,2,18200,p,add,0,0.0,/Users/alinaqvi/Desktop/github_projects/avida/work/ecology_test_1_fast_run_13/data/detail-0.spop
ecology_test_1_fast_run_13,ecology_test_1_fast,0,182,2,18200,q,sub,0,0.0,/Users/alinaqvi/Desktop/github_projects/avida/work/ecology_test_1_fast_run_13/data/detail-0.spop
ecology_test_1_fast_run_13,ecology_test_1_fast,0,182,2,18200,r,nand,0,0.0,/Users/alinaqvi/Desktop/github_projects/avida/work/ecology_test_1_fast_run_13/data/detail-0.spop
ecology_test_1_fast_run_13,ecology_test_1_fast,0,182,2,18200,s,repro,400,0.02197802197802198,/Users/alinaqvi/Desktop/github_projects/avida/work/ecology_test_1_fast_run_13/data/detail-0.spop
ecology_test_1_fast_run_13,ecology_test_1_fast,0,182,2,18200,t,repro-semel,82,0.004505494505494505,/Users/alinaqvi/Desktop/github_projects/avida/work/ecology_test_1_fast_run_13/data/detail-0.spop
ecology_test_1_fast_run_13,ecology_test_1_fast,0,182,2,18200,u,move,0,0.0,/Users/alinaqvi/Desktop/github_projects/avida/work/ecology_test_1_fast_run_13/data/detail-0.spop
ecology_test_1_fast_run_13,ecology_test_1_fast,0,182,2,18200,v,rotate-left-one,0,0.0,/Users/alinaqvi/Desktop/github_projects/avida/work/ecology_test_1_fast_run_13/data/detail-0.spop
ecology_test_1_fast_run_13,ecology_test_1_fast,0,182,2,18200,w,rotate-right-one,0,0.0,/Users/alinaqvi/Desktop/github_projects/avida/work/ecology_test_1_fast_run_13/data/detail-0.spop
ecology_test_1_fast_run_13,ecology_test_1_fast,0,182,2,18200,x,sense-resource0,0,0.0,/Users/alinaqvi/Desktop/github_projects/avida/work/ecology_test_1_fast_run_13/data/detail-0.spop
ecology_test_1_fast_run_13,ecology_test_1_fast,0,182,2,18200,y,sense-faced-resource0,0,0.0,/Users/alinaqvi/Desktop/github_projects/avida/work/ecology_test_1_fast_run_13/data/detail-0.spop
ecology_test_1_fast_run_14,ecology_test_1_fast,0,172,2,17200,a,nop-B,0,0.0,/Users/alinaqvi/Desktop/github_projects/avida/work/ecology_test_1_fast_run_14/data/detail-0.spop
ecology_test_1_fast_run_14,ecology_test_1_fast,0,172,2,17200,b,nop-C,16728,0.9725581395348837,/Users/alinaqvi/Desktop/github_projects/avida/work/ecology_test_1_fast_run_14/data/detail-0.spop
ecology_test_1_fast_run_14,ecology_test_1_fast,0,172,2,17200,c,if-n-equ,0,0.0,/Users/alinaqvi/Desktop/github_projects/avida/work/ecology_test_1_fast_run_14/data/detail-0.spop
ecology_test_1_fast_run_14,ecology_test_1_fast,0,172,2,17200,d,if-less,0,0.0,/Users/alinaqvi/Desktop/github_projects/avida/work/ecology_test_1_fast_run_14/data/detail-0.spop
ecology_test_1_fast_run_14,ecology_test_1_fast,0,172,2,17200,e,if-not-0,0,0.0,/Users/alinaqvi/Desktop/github_projects/avida/work/ecology_test_1_fast_run_14/data/detail-0.spop
ecology_test_1_fast_run_14,ecology_test_1_fast,0,172,2,17200,f,if-les-0,0,0.0,/Users/alinaqvi/Desktop/github_projects/avida/work/ecology_test_1_fast_run_14/data/detail-0.spop
ecology_test_1_fast_run_14,ecology_test_1_fast,0,172,2,17200,g,if-grt-0,0,0.0,/Users/alinaqvi/Desktop/github_projects/avida/work/ecology_test_1_fast_run_14/data/detail-0.spop
ecology_test_1_fast_run_14,ecology_test_1_fast,0,172,2,17200,h,if-label,0,0.0,/Users/alinaqvi/Desktop/github_projects/avida/work/ecology_test_1_fast_run_14/data/detail-0.spop
ecology_test_1_fast_run_14,ecology_test_1_fast,0,172,2,17200,i,zero,0,0.0,/Users/alinaqvi/Desktop/github_projects/avida/work/ecology_test_1_fast_run_14/data/detail-0.spop
ecology_test_1_fast_run_14,ecology_test_1_fast,0,172,2,17200,j,inc,0,0.0,/Users/alinaqvi/Desktop/github_projects/avida/work/ecology_test_1_fast_run_14/data/detail-0.spop
ecology_test_1_fast_run_14,ecology_test_1_fast,0,172,2,17200,k,dec,0,0.0,/Users/alinaqvi/Desktop/github_projects/avida/work/ecology_test_1_fast_run_14/data/detail-0.spop
ecology_test_1_fast_run_14,ecology_test_1_fast,0,172,2,17200,l,push,0,0.0,/Users/alinaqvi/Desktop/github_projects/avida/work/ecology_test_1_fast_run_14/data/detail-0.spop
ecology_test_1_fast_run_14,ecology_test_1_fast,0,172,2,17200,m,pop,0,0.0,/Users/alinaqvi/Desktop/github_projects/avida/work/ecology_test_1_fast_run_14/data/detail-0.spop
ecology_test_1_fast_run_14,ecology_test_1_fast,0,172,2,17200,n,swap-stk,0,0.0,/Users/alinaqvi/Desktop/github_projects/avida/work/ecology_test_1_fast_run_14/data/detail-0.spop
ecology_test_1_fast_run_14,ecology_test_1_fast,0,172,2,17200,o,swap,0,0.0,/Users/alinaqvi/Desktop/github_projects/avida/work/ecology_test_1_fast_run_14/data/detail-0.spop
ecology_test_1_fast_run_14,ecology_test_1_fast,0,172,2,17200,p,add,0,0.0,/Users/alinaqvi/Desktop/github_projects/avida/work/ecology_test_1_fast_run_14/data/detail-0.spop
ecology_test_1_fast_run_14,ecology_test_1_fast,0,172,2,17200,q,sub,0,0.0,/Users/alinaqvi/Desktop/github_projects/avida/work/ecology_test_1_fast_run_14/data/detail-0.spop
ecology_test_1_fast_run_14,ecology_test_1_fast,0,172,2,17200,r,nand,0,0.0,/Users/alinaqvi/Desktop/github_projects/avida/work/ecology_test_1_fast_run_14/data/detail-0.spop
ecology_test_1_fast_run_14,ecology_test_1_fast,0,172,2,17200,s,repro,400,0.023255813953488372,/Users/alinaqvi/Desktop/github_projects/avida/work/ecology_test_1_fast_run_14/data/detail-0.spop
ecology_test_1_fast_run_14,ecology_test_1_fast,0,172,2,17200,t,repro-semel,72,0.004186046511627907,/Users/alinaqvi/Desktop/github_projects/avida/work/ecology_test_1_fast_run_14/data/detail-0.spop
ecology_test_1_fast_run_14,ecology_test_1_fast,0,172,2,17200,u,move,0,0.0,/Users/alinaqvi/Desktop/github_projects/avida/work/ecology_test_1_fast_run_14/data/detail-0.spop
ecology_test_1_fast_run_14,ecology_test_1_fast,0,172,2,17200,v,rotate-left-one,0,0.0,/Users/alinaqvi/Desktop/github_projects/avida/work/ecology_test_1_fast_run_14/data/detail-0.spop
ecology_test_1_fast_run_14,ecology_test_1_fast,0,172,2,17200,w,rotate-right-one,0,0.0,/Users/alinaqvi/Desktop/github_projects/avida/work/ecology_test_1_fast_run_14/data/detail-0.spop
ecology_test_1_fast_run_14,ecology_test_1_fast,0,172,2,17200,x,sense-resource0,0,0.0,/Users/alinaqvi/Desktop/github_projects/avida/work/ecology_test_1_fast_run_14/data/detail-0.spop
ecology_test_1_fast_run_14,ecology_test_1_fast,0,172,2,17200,y,sense-faced-resource0,0,0.0,/Users/alinaqvi/Desktop/github_projects/avida/work/ecology_test_1_fast_run_14/data/detail-0.spop
ecology_test_1_fast_run_15,ecology_test_1_fast,0,178,2,17800,a,nop-B,0,0.0,/Users/alinaqvi/Desktop/github_projects/avida/work/ecology_test_1_fast_run_15/data/detail-0.spop
ecology_test_1_fast_run_15,ecology_test_1_fast,0,178,2,17800,b,nop-C,17322,0.9731460674157303,/Users/alinaqvi/Desktop/github_projects/avida/work/ecology_test_1_fast_run_15/data/detail-0.spop
ecology_test_1_fast_run_15,ecology_test_1_fast,0,178,2,17800,c,if-n-equ,0,0.0,/Users/alinaqvi/Desktop/github_projects/avida/work/ecology_test_1_fast_run_15/data/detail-0.spop
ecology_test_1_fast_run_15,ecology_test_1_fast,0,178,2,17800,d,if-less,0,0.0,/Users/alinaqvi/Desktop/github_projects/avida/work/ecology_test_1_fast_run_15/data/detail-0.spop
ecology_test_1_fast_run_15,ecology_test_1_fast,0,178,2,17800,e,if-not-0,0,0.0,/Users/alinaqvi/Desktop/github_projects/avida/work/ecology_test_1_fast_run_15/data/detail-0.spop
ecology_test_1_fast_run_15,ecology_test_1_fast,0,178,2,17800,f,if-les-0,0,0.0,/Users/alinaqvi/Desktop/github_projects/avida/work/ecology_test_1_fast_run_15/data/detail-0.spop
ecology_test_1_fast_run_15,ecology_test_1_fast,0,178,2,17800,g,if-grt-0,0,0.0,/Users/alinaqvi/Desktop/github_projects/avida/work/ecology_test_1_fast_run_15/data/detail-0.spop
ecology_test_1_fast_run_15,ecology_test_1_fast,0,178,2,17800,h,if-label,0,0.0,/Users/alinaqvi/Desktop/github_projects/avida/work/ecology_test_1_fast_run_15/data/detail-0.spop
ecology_test_1_fast_run_15,ecology_test_1_fast,0,178,2,17800,i,zero,0,0.0,/Users/alinaqvi/Desktop/github_projects/avida/work/ecology_test_1_fast_run_15/data/detail-0.spop
ecology_test_1_fast_run_15,ecology_test_1_fast,0,178,2,17800,j,inc,0,0.0,/Users/alinaqvi/Desktop/github_projects/avida/work/ecology_test_1_fast_run_15/data/detail-0.spop
ecology_test_1_fast_run_15,ecology_test_1_fast,0,178,2,17800,k,dec,0,0.0,/Users/alinaqvi/Desktop/github_projects/avida/work/ecology_test_1_fast_run_15/data/detail-0.spop
ecology_test_1_fast_run_15,ecology_test_1_fast,0,178,2,17800,l,push,0,0.0,/Users/alinaqvi/Desktop/github_projects/avida/work/ecology_test_1_fast_run_15/data/detail-0.spop
ecology_test_1_fast_run_15,ecology_test_1_fast,0,178,2,17800,m,pop,0,0.0,/Users/alinaqvi/Desktop/github_projects/avida/work/ecology_test_1_fast_run_15/data/detail-0.spop
ecology_test_1_fast_run_15,ecology_test_1_fast,0,178,2,17800,n,swap-stk,0,0.0,/Users/alinaqvi/Desktop/github_projects/avida/work/ecology_test_1_fast_run_15/data/detail-0.spop
ecology_test_1_fast_run_15,ecology_test_1_fast,0,178,2,17800,o,swap,0,0.0,/Users/alinaqvi/Desktop/github_projects/avida/work/ecology_test_1_fast_run_15/data/detail-0.spop
ecology_test_1_fast_run_15,ecology_test_1_fast,0,178,2,17800,p,add,0,0.0,/Users/alinaqvi/Desktop/github_projects/avida/work/ecology_test_1_fast_run_15/data/detail-0.spop
ecology_test_1_fast_run_15,ecology_test_1_fast,0,178,2,17800,q,sub,0,0.0,/Users/alinaqvi/Desktop/github_projects/avida/work/ecology_test_1_fast_run_15/data/detail-0.spop
ecology_test_1_fast_run_15,ecology_test_1_fast,0,178,2,17800,r,nand,0,0.0,/Users/alinaqvi/Desktop/github_projects/avida/work/ecology_test_1_fast_run_15/data/detail-0.spop
ecology_test_1_fast_run_15,ecology_test_1_fast,0,178,2,17800,s,repro,400,0.02247191011235955,/Users/alinaqvi/Desktop/github_projects/avida/work/ecology_test_1_fast_run_15/data/detail-0.spop
ecology_test_1_fast_run_15,ecology_test_1_fast,0,178,2,17800,t,repro-semel,78,0.004382022471910113,/Users/alinaqvi/Desktop/github_projects/avida/work/ecology_test_1_fast_run_15/data/detail-0.spop
ecology_test_1_fast_run_15,ecology_test_1_fast,0,178,2,17800,u,move,0,0.0,/Users/alinaqvi/Desktop/github_projects/avida/work/ecology_test_1_fast_run_15/data/detail-0.spop
ecology_test_1_fast_run_15,ecology_test_1_fast,0,178,2,17800,v,rotate-left-one,0,0.0,/Users/alinaqvi/Desktop/github_projects/avida/work/ecology_test_1_fast_run_15/data/detail-0.spop
ecology_test_1_fast_run_15,ecology_test_1_fast,0,178,2,17800,w,rotate-right-one,0,0.0,/Users/alinaqvi/Desktop/github_projects/avida/work/ecology_test_1_fast_run_15/data/detail-0.spop
ecology_test_1_fast_run_15,ecology_test_1_fast,0,178,2,17800,x,sense-resource0,0,0.0,/Users/alinaqvi/Desktop/github_projects/avida/work/ecology_test_1_fast_run_15/data/detail-0.spop
ecology_test_1_fast_run_15,ecology_test_1_fast,0,178,2,17800,y,sense-faced-resource0,0,0.0,/Users/alinaqvi/Desktop/github_projects/avida/work/ecology_test_1_fast_run_15/data/detail-0.spop
ecology_test_1_fast_run_16,ecology_test_1_fast,0,182,2,18200,a,nop-B,0,0.0,/Users/alinaqvi/Desktop/github_projects/avida/work/ecology_test_1_fast_run_16/data/detail-0.spop
ecology_test_1_fast_run_16,ecology_test_1_fast,0,182,2,18200,b,nop-C,17718,0.9735164835164836,/Users/alinaqvi/Desktop/github_projects/avida/work/ecology_test_1_fast_run_16/data/detail-0.spop
ecology_test_1_fast_run_16,ecology_test_1_fast,0,182,2,18200,c,if-n-equ,0,0.0,/Users/alinaqvi/Desktop/github_projects/avida/work/ecology_test_1_fast_run_16/data/detail-0.spop
ecology_test_1_fast_run_16,ecology_test_1_fast,0,182,2,18200,d,if-less,0,0.0,/Users/alinaqvi/Desktop/github_projects/avida/work/ecology_test_1_fast_run_16/data/detail-0.spop
ecology_test_1_fast_run_16,ecology_test_1_fast,0,182,2,18200,e,if-not-0,0,0.0,/Users/alinaqvi/Desktop/github_projects/avida/work/ecology_test_1_fast_run_16/data/detail-0.spop
ecology_test_1_fast_run_16,ecology_test_1_fast,0,182,2,18200,f,if-les-0,0,0.0,/Users/alinaqvi/Desktop/github_projects/avida/work/ecology_test_1_fast_run_16/data/detail-0.spop
ecology_test_1_fast_run_16,ecology_test_1_fast,0,182,2,18200,g,if-grt-0,0,0.0,/Users/alinaqvi/Desktop/github_projects/avida/work/ecology_test_1_fast_run_16/data/detail-0.spop
ecology_test_1_fast_run_16,ecology_test_1_fast,0,182,2,18200,h,if-label,0,0.0,/Users/alinaqvi/Desktop/github_projects/avida/work/ecology_test_1_fast_run_16/data/detail-0.spop
ecology_test_1_fast_run_16,ecology_test_1_fast,0,182,2,18200,i,zero,0,0.0,/Users/alinaqvi/Desktop/github_projects/avida/work/ecology_test_1_fast_run_16/data/detail-0.spop
ecology_test_1_fast_run_16,ecology_test_1_fast,0,182,2,18200,j,inc,0,0.0,/Users/alinaqvi/Desktop/github_projects/avida/work/ecology_test_1_fast_run_16/data/detail-0.spop
ecology_test_1_fast_run_16,ecology_test_1_fast,0,182,2,18200,k,dec,0,0.0,/Users/alinaqvi/Desktop/github_projects/avida/work/ecology_test_1_fast_run_16/data/detail-0.spop
ecology_test_1_fast_run_16,ecology_test_1_fast,0,182,2,18200,l,push,0,0.0,/Users/alinaqvi/Desktop/github_projects/avida/work/ecology_test_1_fast_run_16/data/detail-0.spop
ecology_test_1_fast_run_16,ecology_test_1_fast,0,182,2,18200,m,pop,0,0.0,/Users/alinaqvi/Desktop/github_projects/avida/work/ecology_test_1_fast_run_16/data/detail-0.spop
ecology_test_1_fast_run_16,ecology_test_1_fast,0,182,2,18200,n,swap-stk,0,0.0,/Users/alinaqvi/Desktop/github_projects/avida/work/ecology_test_1_fast_run_16/data/detail-0.spop
ecology_test_1_fast_run_16,ecology_test_1_fast,0,182,2,18200,o,swap,0,0.0,/Users/alinaqvi/Desktop/github_projects/avida/work/ecology_test_1_fast_run_16/data/detail-0.spop
ecology_test_1_fast_run_16,ecology_test_1_fast,0,182,2,18200,p,add,0,0.0,/Users/alinaqvi/Desktop/github_projects/avida/work/ecology_test_1_fast_run_16/data/detail-0.spop
ecology_test_1_fast_run_16,ecology_test_1_fast,0,182,2,18200,q,sub,0,0.0,/Users/alinaqvi/Desktop/github_projects/avida/work/ecology_test_1_fast_run_16/data/detail-0.spop
ecology_test_1_fast_run_16,ecology_test_1_fast,0,182,2,18200,r,nand,0,0.0,/Users/alinaqvi/Desktop/github_projects/avida/work/ecology_test_1_fast_run_16/data/detail-0.spop
ecology_test_1_fast_run_16,ecology_test_1_fast,0,182,2,18200,s,repro,400,0.02197802197802198,/Users/alinaqvi/Desktop/github_projects/avida/work/ecology_test_1_fast_run_16/data/detail-0.spop
ecology_test_1_fast_run_16,ecology_test_1_fast,0,182,2,18200,t,repro-semel,82,0.004505494505494505,/Users/alinaqvi/Desktop/github_projects/avida/work/ecology_test_1_fast_run_16/data/detail-0.spop
ecology_test_1_fast_run_16,ecology_test_1_fast,0,182,2,18200,u,move,0,0.0,/Users/alinaqvi/Desktop/github_projects/avida/work/ecology_test_1_fast_run_16/data/detail-0.spop
ecology_test_1_fast_run_16,ecology_test_1_fast,0,182,2,18200,v,rotate-left-one,0,0.0,/Users/alinaqvi/Desktop/github_projects/avida/work/ecology_test_1_fast_run_16/data/detail-0.spop
ecology_test_1_fast_run_16,ecology_test_1_fast,0,182,2,18200,w,rotate-right-one,0,0.0,/Users/alinaqvi/Desktop/github_projects/avida/work/ecology_test_1_fast_run_16/data/detail-0.spop
ecology_test_1_fast_run_16,ecology_test_1_fast,0,182,2,18200,x,sense-resource0,0,0.0,/Users/alinaqvi/Desktop/github_projects/avida/work/ecology_test_1_fast_run_16/data/detail-0.spop
ecology_test_1_fast_run_16,ecology_test_1_fast,0,182,2,18200,y,sense-faced-resource0,0,0.0,/Users/alinaqvi/Desktop/github_projects/avida/work/ecology_test_1_fast_run_16/data/detail-0.spop
ecology_test_1_fast_run_17,ecology_test_1_fast,0,176,2,17600,a,nop-B,0,0.0,/Users/alinaqvi/Desktop/github_projects/avida/work/ecology_test_1_fast_run_17/data/detail-0.spop
ecology_test_1_fast_run_17,ecology_test_1_fast,0,176,2,17600,b,nop-C,17124,0.9729545454545454,/Users/alinaqvi/Desktop/github_projects/avida/work/ecology_test_1_fast_run_17/data/detail-0.spop
ecology_test_1_fast_run_17,ecology_test_1_fast,0,176,2,17600,c,if-n-equ,0,0.0,/Users/alinaqvi/Desktop/github_projects/avida/work/ecology_test_1_fast_run_17/data/detail-0.spop
ecology_test_1_fast_run_17,ecology_test_1_fast,0,176,2,17600,d,if-less,0,0.0,/Users/alinaqvi/Desktop/github_projects/avida/work/ecology_test_1_fast_run_17/data/detail-0.spop
ecology_test_1_fast_run_17,ecology_test_1_fast,0,176,2,17600,e,if-not-0,0,0.0,/Users/alinaqvi/Desktop/github_projects/avida/work/ecology_test_1_fast_run_17/data/detail-0.spop
ecology_test_1_fast_run_17,ecology_test_1_fast,0,176,2,17600,f,if-les-0,0,0.0,/Users/alinaqvi/Desktop/github_projects/avida/work/ecology_test_1_fast_run_17/data/detail-0.spop
ecology_test_1_fast_run_17,ecology_test_1_fast,0,176,2,17600,g,if-grt-0,0,0.0,/Users/alinaqvi/Desktop/github_projects/avida/work/ecology_test_1_fast_run_17/data/detail-0.spop
ecology_test_1_fast_run_17,ecology_test_1_fast,0,176,2,17600,h,if-label,0,0.0,/Users/alinaqvi/Desktop/github_projects/avida/work/ecology_test_1_fast_run_17/data/detail-0.spop
ecology_test_1_fast_run_17,ecology_test_1_fast,0,176,2,17600,i,zero,0,0.0,/Users/alinaqvi/Desktop/github_projects/avida/work/ecology_test_1_fast_run_17/data/detail-0.spop
ecology_test_1_fast_run_17,ecology_test_1_fast,0,176,2,17600,j,inc,0,0.0,/Users/alinaqvi/Desktop/github_projects/avida/work/ecology_test_1_fast_run_17/data/detail-0.spop
ecology_test_1_fast_run_17,ecology_test_1_fast,0,176,2,17600,k,dec,0,0.0,/Users/alinaqvi/Desktop/github_projects/avida/work/ecology_test_1_fast_run_17/data/detail-0.spop
ecology_test_1_fast_run_17,ecology_test_1_fast,0,176,2,17600,l,push,0,0.0,/Users/alinaqvi/Desktop/github_projects/avida/work/ecology_test_1_fast_run_17/data/detail-0.spop
ecology_test_1_fast_run_17,ecology_test_1_fast,0,176,2,17600,m,pop,0,0.0,/Users/alinaqvi/Desktop/github_projects/avida/work/ecology_test_1_fast_run_17/data/detail-0.spop
ecology_test_1_fast_run_17,ecology_test_1_fast,0,176,2,17600,n,swap-stk,0,0.0,/Users/alinaqvi/Desktop/github_projects/avida/work/ecology_test_1_fast_run_17/data/detail-0.spop
ecology_test_1_fast_run_17,ecology_test_1_fast,0,176,2,17600,o,swap,0,0.0,/Users/alinaqvi/Desktop/github_projects/avida/work/ecology_test_1_fast_run_17/data/detail-0.spop
ecology_test_1_fast_run_17,ecology_test_1_fast,0,176,2,17600,p,add,0,0.0,/Users/alinaqvi/Desktop/github_projects/avida/work/ecology_test_1_fast_run_17/data/detail-0.spop
ecology_test_1_fast_run_17,ecology_test_1_fast,0,176,2,17600,q,sub,0,0.0,/Users/alinaqvi/Desktop/github_projects/avida/work/ecology_test_1_fast_run_17/data/detail-0.spop
ecology_test_1_fast_run_17,ecology_test_1_fast,0,176,2,17600,r,nand,0,0.0,/Users/alinaqvi/Desktop/github_projects/avida/work/ecology_test_1_fast_run_17/data/detail-0.spop
ecology_test_1_fast_run_17,ecology_test_1_fast,0,176,2,17600,s,repro,400,0.022727272727272728,/Users/alinaqvi/Desktop/github_projects/avida/work/ecology_test_1_fast_run_17/data/detail-0.spop
ecology_test_1_fast_run_17,ecology_test_1_fast,0,176,2,17600,t,repro-semel,76,0.004318181818181818,/Users/alinaqvi/Desktop/github_projects/avida/work/ecology_test_1_fast_run_17/data/detail-0.spop
ecology_test_1_fast_run_17,ecology_test_1_fast,0,176,2,17600,u,move,0,0.0,/Users/alinaqvi/Desktop/github_projects/avida/work/ecology_test_1_fast_run_17/data/detail-0.spop
ecology_test_1_fast_run_17,ecology_test_1_fast,0,176,2,17600,v,rotate-left-one,0,0.0,/Users/alinaqvi/Desktop/github_projects/avida/work/ecology_test_1_fast_run_17/data/detail-0.spop
ecology_test_1_fast_run_17,ecology_test_1_fast,0,176,2,17600,w,rotate-right-one,0,0.0,/Users/alinaqvi/Desktop/github_projects/avida/work/ecology_test_1_fast_run_17/data/detail-0.spop
ecology_test_1_fast_run_17,ecology_test_1_fast,0,176,2,17600,x,sense-resource0,0,0.0,/Users/alinaqvi/Desktop/github_projects/avida/work/ecology_test_1_fast_run_17/data/detail-0.spop
ecology_test_1_fast_run_17,ecology_test_1_fast,0,176,2,17600,y,sense-faced-resource0,0,0.0,/Users/alinaqvi/Desktop/github_projects/avida/work/ecology_test_1_fast_run_17/data/detail-0.spop
ecology_test_1_fast_run_18,ecology_test_1_fast,0,166,2,16600,a,nop-B,0,0.0,/Users/alinaqvi/Desktop/github_projects/avida/work/ecology_test_1_fast_run_18/data/detail-0.spop
ecology_test_1_fast_run_18,ecology_test_1_fast,0,166,2,16600,b,nop-C,16134,0.9719277108433735,/Users/alinaqvi/Desktop/github_projects/avida/work/ecology_test_1_fast_run_18/data/detail-0.spop
ecology_test_1_fast_run_18,ecology_test_1_fast,0,166,2,16600,c,if-n-equ,0,0.0,/Users/alinaqvi/Desktop/github_projects/avida/work/ecology_test_1_fast_run_18/data/detail-0.spop
ecology_test_1_fast_run_18,ecology_test_1_fast,0,166,2,16600,d,if-less,0,0.0,/Users/alinaqvi/Desktop/github_projects/avida/work/ecology_test_1_fast_run_18/data/detail-0.spop
ecology_test_1_fast_run_18,ecology_test_1_fast,0,166,2,16600,e,if-not-0,0,0.0,/Users/alinaqvi/Desktop/github_projects/avida/work/ecology_test_1_fast_run_18/data/detail-0.spop
ecology_test_1_fast_run_18,ecology_test_1_fast,0,166,2,16600,f,if-les-0,0,0.0,/Users/alinaqvi/Desktop/github_projects/avida/work/ecology_test_1_fast_run_18/data/detail-0.spop
ecology_test_1_fast_run_18,ecology_test_1_fast,0,166,2,16600,g,if-grt-0,0,0.0,/Users/alinaqvi/Desktop/github_projects/avida/work/ecology_test_1_fast_run_18/data/detail-0.spop
ecology_test_1_fast_run_18,ecology_test_1_fast,0,166,2,16600,h,if-label,0,0.0,/Users/alinaqvi/Desktop/github_projects/avida/work/ecology_test_1_fast_run_18/data/detail-0.spop
ecology_test_1_fast_run_18,ecology_test_1_fast,0,166,2,16600,i,zero,0,0.0,/Users/alinaqvi/Desktop/github_projects/avida/work/ecology_test_1_fast_run_18/data/detail-0.spop
ecology_test_1_fast_run_18,ecology_test_1_fast,0,166,2,16600,j,inc,0,0.0,/Users/alinaqvi/Desktop/github_projects/avida/work/ecology_test_1_fast_run_18/data/detail-0.spop
ecology_test_1_fast_run_18,ecology_test_1_fast,0,166,2,16600,k,dec,0,0.0,/Users/alinaqvi/Desktop/github_projects/avida/work/ecology_test_1_fast_run_18/data/detail-0.spop
ecology_test_1_fast_run_18,ecology_test_1_fast,0,166,2,16600,l,push,0,0.0,/Users/alinaqvi/Desktop/github_projects/avida/work/ecology_test_1_fast_run_18/data/detail-0.spop
ecology_test_1_fast_run_18,ecology_test_1_fast,0,166,2,16600,m,pop,0,0.0,/Users/alinaqvi/Desktop/github_projects/avida/work/ecology_test_1_fast_run_18/data/detail-0.spop
ecology_test_1_fast_run_18,ecology_test_1_fast,0,166,2,16600,n,swap-stk,0,0.0,/Users/alinaqvi/Desktop/github_projects/avida/work/ecology_test_1_fast_run_18/data/detail-0.spop
ecology_test_1_fast_run_18,ecology_test_1_fast,0,166,2,16600,o,swap,0,0.0,/Users/alinaqvi/Desktop/github_projects/avida/work/ecology_test_1_fast_run_18/data/detail-0.spop
ecology_test_1_fast_run_18,ecology_test_1_fast,0,166,2,16600,p,add,0,0.0,/Users/alinaqvi/Desktop/github_projects/avida/work/ecology_test_1_fast_run_18/data/detail-0.spop
ecology_test_1_fast_run_18,ecology_test_1_fast,0,166,2,16600,q,sub,0,0.0,/Users/alinaqvi/Desktop/github_projects/avida/work/ecology_test_1_fast_run_18/data/detail-0.spop
ecology_test_1_fast_run_18,ecology_test_1_fast,0,166,2,16600,r,nand,0,0.0,/Users/alinaqvi/Desktop/github_projects/avida/work/ecology_test_1_fast_run_18/data/detail-0.spop
ecology_test_1_fast_run_18,ecology_test_1_fast,0,166,2,16600,s,repro,400,0.024096385542168676,/Users/alinaqvi/Desktop/github_projects/avida/work/ecology_test_1_fast_run_18/data/detail-0.spop
ecology_test_1_fast_run_18,ecology_test_1_fast,0,166,2,16600,t,repro-semel,66,0.003975903614457831,/Users/alinaqvi/Desktop/github_projects/avida/work/ecology_test_1_fast_run_18/data/detail-0.spop
ecology_test_1_fast_run_18,ecology_test_1_fast,0,166,2,16600,u,move,0,0.0,/Users/alinaqvi/Desktop/github_projects/avida/work/ecology_test_1_fast_run_18/data/detail-0.spop
ecology_test_1_fast_run_18,ecology_test_1_fast,0,166,2,16600,v,rotate-left-one,0,0.0,/Users/alinaqvi/Desktop/github_projects/avida/work/ecology_test_1_fast_run_18/data/detail-0.spop
ecology_test_1_fast_run_18,ecology_test_1_fast,0,166,2,16600,w,rotate-right-one,0,0.0,/Users/alinaqvi/Desktop/github_projects/avida/work/ecology_test_1_fast_run_18/data/detail-0.spop
ecology_test_1_fast_run_18,ecology_test_1_fast,0,166,2,16600,x,sense-resource0,0,0.0,/Users/alinaqvi/Desktop/github_projects/avida/work/ecology_test_1_fast_run_18/data/detail-0.spop
ecology_test_1_fast_run_18,ecology_test_1_fast,0,166,2,16600,y,sense-faced-resource0,0,0.0,/Users/alinaqvi/Desktop/github_projects/avida/work/ecology_test_1_fast_run_18/data/detail-0.spop
ecology_test_1_fast_run_19,ecology_test_1_fast,0,171,2,17100,a,nop-B,0,0.0,/Users/alinaqvi/Desktop/github_projects/avida/work/ecology_test_1_fast_run_19/data/detail-0.spop
ecology_test_1_fast_run_19,ecology_test_1_fast,0,171,2,17100,b,nop-C,16629,0.9724561403508772,/Users/alinaqvi/Desktop/github_projects/avida/work/ecology_test_1_fast_run_19/data/detail-0.spop
ecology_test_1_fast_run_19,ecology_test_1_fast,0,171,2,17100,c,if-n-equ,0,0.0,/Users/alinaqvi/Desktop/github_projects/avida/work/ecology_test_1_fast_run_19/data/detail-0.spop
ecology_test_1_fast_run_19,ecology_test_1_fast,0,171,2,17100,d,if-less,0,0.0,/Users/alinaqvi/Desktop/github_projects/avida/work/ecology_test_1_fast_run_19/data/detail-0.spop
ecology_test_1_fast_run_19,ecology_test_1_fast,0,171,2,17100,e,if-not-0,0,0.0,/Users/alinaqvi/Desktop/github_projects/avida/work/ecology_test_1_fast_run_19/data/detail-0.spop
ecology_test_1_fast_run_19,ecology_test_1_fast,0,171,2,17100,f,if-les-0,0,0.0,/Users/alinaqvi/Desktop/github_projects/avida/work/ecology_test_1_fast_run_19/data/detail-0.spop
ecology_test_1_fast_run_19,ecology_test_1_fast,0,171,2,17100,g,if-grt-0,0,0.0,/Users/alinaqvi/Desktop/github_projects/avida/work/ecology_test_1_fast_run_19/data/detail-0.spop
ecology_test_1_fast_run_19,ecology_test_1_fast,0,171,2,17100,h,if-label,0,0.0,/Users/alinaqvi/Desktop/github_projects/avida/work/ecology_test_1_fast_run_19/data/detail-0.spop
ecology_test_1_fast_run_19,ecology_test_1_fast,0,171,2,17100,i,zero,0,0.0,/Users/alinaqvi/Desktop/github_projects/avida/work/ecology_test_1_fast_run_19/data/detail-0.spop
ecology_test_1_fast_run_19,ecology_test_1_fast,0,171,2,17100,j,inc,0,0.0,/Users/alinaqvi/Desktop/github_projects/avida/work/ecology_test_1_fast_run_19/data/detail-0.spop
ecology_test_1_fast_run_19,ecology_test_1_fast,0,171,2,17100,k,dec,0,0.0,/Users/alinaqvi/Desktop/github_projects/avida/work/ecology_test_1_fast_run_19/data/detail-0.spop
ecology_test_1_fast_run_19,ecology_test_1_fast,0,171,2,17100,l,push,0,0.0,/Users/alinaqvi/Desktop/github_projects/avida/work/ecology_test_1_fast_run_19/data/detail-0.spop
ecology_test_1_fast_run_19,ecology_test_1_fast,0,171,2,17100,m,pop,0,0.0,/Users/alinaqvi/Desktop/github_projects/avida/work/ecology_test_1_fast_run_19/data/detail-0.spop
ecology_test_1_fast_run_19,ecology_test_1_fast,0,171,2,17100,n,swap-stk,0,0.0,/Users/alinaqvi/Desktop/github_projects/avida/work/ecology_test_1_fast_run_19/data/detail-0.spop
ecology_test_1_fast_run_19,ecology_test_1_fast,0,171,2,17100,o,swap,0,0.0,/Users/alinaqvi/Desktop/github_projects/avida/work/ecology_test_1_fast_run_19/data/detail-0.spop
ecology_test_1_fast_run_19,ecology_test_1_fast,0,171,2,17100,p,add,0,0.0,/Users/alinaqvi/Desktop/github_projects/avida/work/ecology_test_1_fast_run_19/data/detail-0.spop
ecology_test_1_fast_run_19,ecology_test_1_fast,0,171,2,17100,q,sub,0,0.0,/Users/alinaqvi/Desktop/github_projects/avida/work/ecology_test_1_fast_run_19/data/detail-0.spop
ecology_test_1_fast_run_19,ecology_test_1_fast,0,171,2,17100,r,nand,0,0.0,/Users/alinaqvi/Desktop/github_projects/avida/work/ecology_test_1_fast_run_19/data/detail-0.spop
ecology_test_1_fast_run_19,ecology_test_1_fast,0,171,2,17100,s,repro,400,0.023391812865497075,/Users/alinaqvi/Desktop/github_projects/avida/work/ecology_test_1_fast_run_19/data/detail-0.spop
ecology_test_1_fast_run_19,ecology_test_1_fast,0,171,2,17100,t,repro-semel,71,0.004152046783625731,/Users/alinaqvi/Desktop/github_projects/avida/work/ecology_test_1_fast_run_19/data/detail-0.spop
ecology_test_1_fast_run_19,ecology_test_1_fast,0,171,2,17100,u,move,0,0.0,/Users/alinaqvi/Desktop/github_projects/avida/work/ecology_test_1_fast_run_19/data/detail-0.spop
ecology_test_1_fast_run_19,ecology_test_1_fast,0,171,2,17100,v,rotate-left-one,0,0.0,/Users/alinaqvi/Desktop/github_projects/avida/work/ecology_test_1_fast_run_19/data/detail-0.spop
ecology_test_1_fast_run_19,ecology_test_1_fast,0,171,2,17100,w,rotate-right-one,0,0.0,/Users/alinaqvi/Desktop/github_projects/avida/work/ecology_test_1_fast_run_19/data/detail-0.spop
ecology_test_1_fast_run_19,ecology_test_1_fast,0,171,2,17100,x,sense-resource0,0,0.0,/Users/alinaqvi/Desktop/github_projects/avida/work/ecology_test_1_fast_run_19/data/detail-0.spop
ecology_test_1_fast_run_19,ecology_test_1_fast,0,171,2,17100,y,sense-faced-resource0,0,0.0,/Users/alinaqvi/Desktop/github_projects/avida/work/ecology_test_1_fast_run_19/data/detail-0.spop
ecology_test_1_fast_run_20,ecology_test_1_fast,0,177,2,17700,a,nop-B,0,0.0,/Users/alinaqvi/Desktop/github_projects/avida/work/ecology_test_1_fast_run_20/data/detail-0.spop
ecology_test_1_fast_run_20,ecology_test_1_fast,0,177,2,17700,b,nop-C,17223,0.9730508474576272,/Users/alinaqvi/Desktop/github_projects/avida/work/ecology_test_1_fast_run_20/data/detail-0.spop
ecology_test_1_fast_run_20,ecology_test_1_fast,0,177,2,17700,c,if-n-equ,0,0.0,/Users/alinaqvi/Desktop/github_projects/avida/work/ecology_test_1_fast_run_20/data/detail-0.spop
ecology_test_1_fast_run_20,ecology_test_1_fast,0,177,2,17700,d,if-less,0,0.0,/Users/alinaqvi/Desktop/github_projects/avida/work/ecology_test_1_fast_run_20/data/detail-0.spop
ecology_test_1_fast_run_20,ecology_test_1_fast,0,177,2,17700,e,if-not-0,0,0.0,/Users/alinaqvi/Desktop/github_projects/avida/work/ecology_test_1_fast_run_20/data/detail-0.spop
ecology_test_1_fast_run_20,ecology_test_1_fast,0,177,2,17700,f,if-les-0,0,0.0,/Users/alinaqvi/Desktop/github_projects/avida/work/ecology_test_1_fast_run_20/data/detail-0.spop
ecology_test_1_fast_run_20,ecology_test_1_fast,0,177,2,17700,g,if-grt-0,0,0.0,/Users/alinaqvi/Desktop/github_projects/avida/work/ecology_test_1_fast_run_20/data/detail-0.spop
ecology_test_1_fast_run_20,ecology_test_1_fast,0,177,2,17700,h,if-label,0,0.0,/Users/alinaqvi/Desktop/github_projects/avida/work/ecology_test_1_fast_run_20/data/detail-0.spop
ecology_test_1_fast_run_20,ecology_test_1_fast,0,177,2,17700,i,zero,0,0.0,/Users/alinaqvi/Desktop/github_projects/avida/work/ecology_test_1_fast_run_20/data/detail-0.spop
ecology_test_1_fast_run_20,ecology_test_1_fast,0,177,2,17700,j,inc,0,0.0,/Users/alinaqvi/Desktop/github_projects/avida/work/ecology_test_1_fast_run_20/data/detail-0.spop
ecology_test_1_fast_run_20,ecology_test_1_fast,0,177,2,17700,k,dec,0,0.0,/Users/alinaqvi/Desktop/github_projects/avida/work/ecology_test_1_fast_run_20/data/detail-0.spop
ecology_test_1_fast_run_20,ecology_test_1_fast,0,177,2,17700,l,push,0,0.0,/Users/alinaqvi/Desktop/github_projects/avida/work/ecology_test_1_fast_run_20/data/detail-0.spop
ecology_test_1_fast_run_20,ecology_test_1_fast,0,177,2,17700,m,pop,0,0.0,/Users/alinaqvi/Desktop/github_projects/avida/work/ecology_test_1_fast_run_20/data/detail-0.spop
ecology_test_1_fast_run_20,ecology_test_1_fast,0,177,2,17700,n,swap-stk,0,0.0,/Users/alinaqvi/Desktop/github_projects/avida/work/ecology_test_1_fast_run_20/data/detail-0.spop
ecology_test_1_fast_run_20,ecology_test_1_fast,0,177,2,17700,o,swap,0,0.0,/Users/alinaqvi/Desktop/github_projects/avida/work/ecology_test_1_fast_run_20/data/detail-0.spop
ecology_test_1_fast_run_20,ecology_test_1_fast,0,177,2,17700,p,add,0,0.0,/Users/alinaqvi/Desktop/github_projects/avida/work/ecology_test_1_fast_run_20/data/detail-0.spop
ecology_test_1_fast_run_20,ecology_test_1_fast,0,177,2,17700,q,sub,0,0.0,/Users/alinaqvi/Desktop/github_projects/avida/work/ecology_test_1_fast_run_20/data/detail-0.spop
ecology_test_1_fast_run_20,ecology_test_1_fast,0,177,2,17700,r,nand,0,0.0,/Users/alinaqvi/Desktop/github_projects/avida/work/ecology_test_1_fast_run_20/data/detail-0.spop
ecology_test_1_fast_run_20,ecology_test_1_fast,0,177,2,17700,s,repro,400,0.022598870056497175,/Users/alinaqvi/Desktop/github_projects/avida/work/ecology_test_1_fast_run_20/data/detail-0.spop
ecology_test_1_fast_run_20,ecology_test_1_fast,0,177,2,17700,t,repro-semel,77,0.0043502824858757064,/Users/alinaqvi/Desktop/github_projects/avida/work/ecology_test_1_fast_run_20/data/detail-0.spop
ecology_test_1_fast_run_20,ecology_test_1_fast,0,177,2,17700,u,move,0,0.0,/Users/alinaqvi/Desktop/github_projects/avida/work/ecology_test_1_fast_run_20/data/detail-0.spop
ecology_test_1_fast_run_20,ecology_test_1_fast,0,177,2,17700,v,rotate-left-one,0,0.0,/Users/alinaqvi/Desktop/github_projects/avida/work/ecology_test_1_fast_run_20/data/detail-0.spop
ecology_test_1_fast_run_20,ecology_test_1_fast,0,177,2,17700,w,rotate-right-one,0,0.0,/Users/alinaqvi/Desktop/github_projects/avida/work/ecology_test_1_fast_run_20/data/detail-0.spop
ecology_test_1_fast_run_20,ecology_test_1_fast,0,177,2,17700,x,sense-resource0,0,0.0,/Users/alinaqvi/Desktop/github_projects/avida/work/ecology_test_1_fast_run_20/data/detail-0.spop
ecology_test_1_fast_run_20,ecology_test_1_fast,0,177,2,17700,y,sense-faced-resource0,0,0.0,/Users/alinaqvi/Desktop/github_projects/avida/work/ecology_test_1_fast_run_20/data/detail-0.spop
ecology_test_1_medium_run_1,ecology_test_1_medium,0,169,2,16900,a,nop-B,0,0.0,/Users/alinaqvi/Desktop/github_projects/avida/work/ecology_test_1_medium_run_1/data/detail-0.spop
ecology_test_1_medium_run_1,ecology_test_1_medium,0,169,2,16900,b,nop-C,16431,0.9722485207100592,/Users/alinaqvi/Desktop/github_projects/avida/work/ecology_test_1_medium_run_1/data/detail-0.spop
ecology_test_1_medium_run_1,ecology_test_1_medium,0,169,2,16900,c,if-n-equ,0,0.0,/Users/alinaqvi/Desktop/github_projects/avida/work/ecology_test_1_medium_run_1/data/detail-0.spop
ecology_test_1_medium_run_1,ecology_test_1_medium,0,169,2,16900,d,if-less,0,0.0,/Users/alinaqvi/Desktop/github_projects/avida/work/ecology_test_1_medium_run_1/data/detail-0.spop
ecology_test_1_medium_run_1,ecology_test_1_medium,0,169,2,16900,e,if-not-0,0,0.0,/Users/alinaqvi/Desktop/github_projects/avida/work/ecology_test_1_medium_run_1/data/detail-0.spop
ecology_test_1_medium_run_1,ecology_test_1_medium,0,169,2,16900,f,if-les-0,0,0.0,/Users/alinaqvi/Desktop/github_projects/avida/work/ecology_test_1_medium_run_1/data/detail-0.spop
ecology_test_1_medium_run_1,ecology_test_1_medium,0,169,2,16900,g,if-grt-0,0,0.0,/Users/alinaqvi/Desktop/github_projects/avida/work/ecology_test_1_medium_run_1/data/detail-0.spop
ecology_test_1_medium_run_1,ecology_test_1_medium,0,169,2,16900,h,if-label,0,0.0,/Users/alinaqvi/Desktop/github_projects/avida/work/ecology_test_1_medium_run_1/data/detail-0.spop
ecology_test_1_medium_run_1,ecology_test_1_medium,0,169,2,16900,i,zero,0,0.0,/Users/alinaqvi/Desktop/github_projects/avida/work/ecology_test_1_medium_run_1/data/detail-0.spop
ecology_test_1_medium_run_1,ecology_test_1_medium,0,169,2,16900,j,inc,0,0.0,/Users/alinaqvi/Desktop/github_projects/avida/work/ecology_test_1_medium_run_1/data/detail-0.spop
ecology_test_1_medium_run_1,ecology_test_1_medium,0,169,2,16900,k,dec,0,0.0,/Users/alinaqvi/Desktop/github_projects/avida/work/ecology_test_1_medium_run_1/data/detail-0.spop
ecology_test_1_medium_run_1,ecology_test_1_medium,0,169,2,16900,l,push,0,0.0,/Users/alinaqvi/Desktop/github_projects/avida/work/ecology_test_1_medium_run_1/data/detail-0.spop
ecology_test_1_medium_run_1,ecology_test_1_medium,0,169,2,16900,m,pop,0,0.0,/Users/alinaqvi/Desktop/github_projects/avida/work/ecology_test_1_medium_run_1/data/detail-0.spop
ecology_test_1_medium_run_1,ecology_test_1_medium,0,169,2,16900,n,swap-stk,0,0.0,/Users/alinaqvi/Desktop/github_projects/avida/work/ecology_test_1_medium_run_1/data/detail-0.spop
ecology_test_1_medium_run_1,ecology_test_1_medium,0,169,2,16900,o,swap,0,0.0,/Users/alinaqvi/Desktop/github_projects/avida/work/ecology_test_1_medium_run_1/data/detail-0.spop
ecology_test_1_medium_run_1,ecology_test_1_medium,0,169,2,16900,p,add,0,0.0,/Users/alinaqvi/Desktop/github_projects/avida/work/ecology_test_1_medium_run_1/data/detail-0.spop
ecology_test_1_medium_run_1,ecology_test_1_medium,0,169,2,16900,q,sub,0,0.0,/Users/alinaqvi/Desktop/github_projects/avida/work/ecology_test_1_medium_run_1/data/detail-0.spop
ecology_test_1_medium_run_1,ecology_test_1_medium,0,169,2,16900,r,nand,0,0.0,/Users/alinaqvi/Desktop/github_projects/avida/work/ecology_test_1_medium_run_1/data/detail-0.spop
ecology_test_1_medium_run_1,ecology_test_1_medium,0,169,2,16900,s,repro,400,0.023668639053254437,/Users/alinaqvi/Desktop/github_projects/avida/work/ecology_test_1_medium_run_1/data/detail-0.spop
ecology_test_1_medium_run_1,ecology_test_1_medium,0,169,2,16900,t,repro-semel,69,0.004082840236686391,/Users/alinaqvi/Desktop/github_projects/avida/work/ecology_test_1_medium_run_1/data/detail-0.spop
ecology_test_1_medium_run_1,ecology_test_1_medium,0,169,2,16900,u,move,0,0.0,/Users/alinaqvi/Desktop/github_projects/avida/work/ecology_test_1_medium_run_1/data/detail-0.spop
ecology_test_1_medium_run_1,ecology_test_1_medium,0,169,2,16900,v,rotate-left-one,0,0.0,/Users/alinaqvi/Desktop/github_projects/avida/work/ecology_test_1_medium_run_1/data/detail-0.spop
ecology_test_1_medium_run_1,ecology_test_1_medium,0,169,2,16900,w,rotate-right-one,0,0.0,/Users/alinaqvi/Desktop/github_projects/avida/work/ecology_test_1_medium_run_1/data/detail-0.spop
ecology_test_1_medium_run_1,ecology_test_1_medium,0,169,2,16900,x,sense-resource0,0,0.0,/Users/alinaqvi/Desktop/github_projects/avida/work/ecology_test_1_medium_run_1/data/detail-0.spop
ecology_test_1_medium_run_1,ecology_test_1_medium,0,169,2,16900,y,sense-faced-resource0,0,0.0,/Users/alinaqvi/Desktop/github_projects/avida/work/ecology_test_1_medium_run_1/data/detail-0.spop
ecology_test_1_medium_run_2,ecology_test_1_medium,0,170,2,17000,a,nop-B,0,0.0,/Users/alinaqvi/Desktop/github_projects/avida/work/ecology_test_1_medium_run_2/data/detail-0.spop
ecology_test_1_medium_run_2,ecology_test_1_medium,0,170,2,17000,b,nop-C,16530,0.9723529411764706,/Users/alinaqvi/Desktop/github_projects/avida/work/ecology_test_1_medium_run_2/data/detail-0.spop
ecology_test_1_medium_run_2,ecology_test_1_medium,0,170,2,17000,c,if-n-equ,0,0.0,/Users/alinaqvi/Desktop/github_projects/avida/work/ecology_test_1_medium_run_2/data/detail-0.spop
ecology_test_1_medium_run_2,ecology_test_1_medium,0,170,2,17000,d,if-less,0,0.0,/Users/alinaqvi/Desktop/github_projects/avida/work/ecology_test_1_medium_run_2/data/detail-0.spop
ecology_test_1_medium_run_2,ecology_test_1_medium,0,170,2,17000,e,if-not-0,0,0.0,/Users/alinaqvi/Desktop/github_projects/avida/work/ecology_test_1_medium_run_2/data/detail-0.spop
ecology_test_1_medium_run_2,ecology_test_1_medium,0,170,2,17000,f,if-les-0,0,0.0,/Users/alinaqvi/Desktop/github_projects/avida/work/ecology_test_1_medium_run_2/data/detail-0.spop
ecology_test_1_medium_run_2,ecology_test_1_medium,0,170,2,17000,g,if-grt-0,0,0.0,/Users/alinaqvi/Desktop/github_projects/avida/work/ecology_test_1_medium_run_2/data/detail-0.spop
ecology_test_1_medium_run_2,ecology_test_1_medium,0,170,2,17000,h,if-label,0,0.0,/Users/alinaqvi/Desktop/github_projects/avida/work/ecology_test_1_medium_run_2/data/detail-0.spop
ecology_test_1_medium_run_2,ecology_test_1_medium,0,170,2,17000,i,zero,0,0.0,/Users/alinaqvi/Desktop/github_projects/avida/work/ecology_test_1_medium_run_2/data/detail-0.spop
ecology_test_1_medium_run_2,ecology_test_1_medium,0,170,2,17000,j,inc,0,0.0,/Users/alinaqvi/Desktop/github_projects/avida/work/ecology_test_1_medium_run_2/data/detail-0.spop
ecology_test_1_medium_run_2,ecology_test_1_medium,0,170,2,17000,k,dec,0,0.0,/Users/alinaqvi/Desktop/github_projects/avida/work/ecology_test_1_medium_run_2/data/detail-0.spop
ecology_test_1_medium_run_2,ecology_test_1_medium,0,170,2,17000,l,push,0,0.0,/Users/alinaqvi/Desktop/github_projects/avida/work/ecology_test_1_medium_run_2/data/detail-0.spop
ecology_test_1_medium_run_2,ecology_test_1_medium,0,170,2,17000,m,pop,0,0.0,/Users/alinaqvi/Desktop/github_projects/avida/work/ecology_test_1_medium_run_2/data/detail-0.spop
ecology_test_1_medium_run_2,ecology_test_1_medium,0,170,2,17000,n,swap-stk,0,0.0,/Users/alinaqvi/Desktop/github_projects/avida/work/ecology_test_1_medium_run_2/data/detail-0.spop
ecology_test_1_medium_run_2,ecology_test_1_medium,0,170,2,17000,o,swap,0,0.0,/Users/alinaqvi/Desktop/github_projects/avida/work/ecology_test_1_medium_run_2/data/detail-0.spop
ecology_test_1_medium_run_2,ecology_test_1_medium,0,170,2,17000,p,add,0,0.0,/Users/alinaqvi/Desktop/github_projects/avida/work/ecology_test_1_medium_run_2/data/detail-0.spop
ecology_test_1_medium_run_2,ecology_test_1_medium,0,170,2,17000,q,sub,0,0.0,/Users/alinaqvi/Desktop/github_projects/avida/work/ecology_test_1_medium_run_2/data/detail-0.spop
ecology_test_1_medium_run_2,ecology_test_1_medium,0,170,2,17000,r,nand,0,0.0,/Users/alinaqvi/Desktop/github_projects/avida/work/ecology_test_1_medium_run_2/data/detail-0.spop
ecology_test_1_medium_run_2,ecology_test_1_medium,0,170,2,17000,s,repro,400,0.023529411764705882,/Users/alinaqvi/Desktop/github_projects/avida/work/ecology_test_1_medium_run_2/data/detail-0.spop
ecology_test_1_medium_run_2,ecology_test_1_medium,0,170,2,17000,t,repro-semel,70,0.00411764705882353,/Users/alinaqvi/Desktop/github_projects/avida/work/ecology_test_1_medium_run_2/data/detail-0.spop
ecology_test_1_medium_run_2,ecology_test_1_medium,0,170,2,17000,u,move,0,0.0,/Users/alinaqvi/Desktop/github_projects/avida/work/ecology_test_1_medium_run_2/data/detail-0.spop
ecology_test_1_medium_run_2,ecology_test_1_medium,0,170,2,17000,v,rotate-left-one,0,0.0,/Users/alinaqvi/Desktop/github_projects/avida/work/ecology_test_1_medium_run_2/data/detail-0.spop
ecology_test_1_medium_run_2,ecology_test_1_medium,0,170,2,17000,w,rotate-right-one,0,0.0,/Users/alinaqvi/Desktop/github_projects/avida/work/ecology_test_1_medium_run_2/data/detail-0.spop
ecology_test_1_medium_run_2,ecology_test_1_medium,0,170,2,17000,x,sense-resource0,0,0.0,/Users/alinaqvi/Desktop/github_projects/avida/work/ecology_test_1_medium_run_2/data/detail-0.spop
ecology_test_1_medium_run_2,ecology_test_1_medium,0,170,2,17000,y,sense-faced-resource0,0,0.0,/Users/alinaqvi/Desktop/github_projects/avida/work/ecology_test_1_medium_run_2/data/detail-0.spop
ecology_test_1_medium_run_3,ecology_test_1_medium,0,167,2,16700,a,nop-B,0,0.0,/Users/alinaqvi/Desktop/github_projects/avida/work/ecology_test_1_medium_run_3/data/detail-0.spop
ecology_test_1_medium_run_3,ecology_test_1_medium,0,167,2,16700,b,nop-C,16233,0.9720359281437125,/Users/alinaqvi/Desktop/github_projects/avida/work/ecology_test_1_medium_run_3/data/detail-0.spop
ecology_test_1_medium_run_3,ecology_test_1_medium,0,167,2,16700,c,if-n-equ,0,0.0,/Users/alinaqvi/Desktop/github_projects/avida/work/ecology_test_1_medium_run_3/data/detail-0.spop
ecology_test_1_medium_run_3,ecology_test_1_medium,0,167,2,16700,d,if-less,0,0.0,/Users/alinaqvi/Desktop/github_projects/avida/work/ecology_test_1_medium_run_3/data/detail-0.spop
ecology_test_1_medium_run_3,ecology_test_1_medium,0,167,2,16700,e,if-not-0,0,0.0,/Users/alinaqvi/Desktop/github_projects/avida/work/ecology_test_1_medium_run_3/data/detail-0.spop
ecology_test_1_medium_run_3,ecology_test_1_medium,0,167,2,16700,f,if-les-0,0,0.0,/Users/alinaqvi/Desktop/github_projects/avida/work/ecology_test_1_medium_run_3/data/detail-0.spop
ecology_test_1_medium_run_3,ecology_test_1_medium,0,167,2,16700,g,if-grt-0,0,0.0,/Users/alinaqvi/Desktop/github_projects/avida/work/ecology_test_1_medium_run_3/data/detail-0.spop
ecology_test_1_medium_run_3,ecology_test_1_medium,0,167,2,16700,h,if-label,0,0.0,/Users/alinaqvi/Desktop/github_projects/avida/work/ecology_test_1_medium_run_3/data/detail-0.spop
ecology_test_1_medium_run_3,ecology_test_1_medium,0,167,2,16700,i,zero,0,0.0,/Users/alinaqvi/Desktop/github_projects/avida/work/ecology_test_1_medium_run_3/data/detail-0.spop
ecology_test_1_medium_run_3,ecology_test_1_medium,0,167,2,16700,j,inc,0,0.0,/Users/alinaqvi/Desktop/github_projects/avida/work/ecology_test_1_medium_run_3/data/detail-0.spop
ecology_test_1_medium_run_3,ecology_test_1_medium,0,167,2,16700,k,dec,0,0.0,/Users/alinaqvi/Desktop/github_projects/avida/work/ecology_test_1_medium_run_3/data/detail-0.spop
ecology_test_1_medium_run_3,ecology_test_1_medium,0,167,2,16700,l,push,0,0.0,/Users/alinaqvi/Desktop/github_projects/avida/work/ecology_test_1_medium_run_3/data/detail-0.spop
ecology_test_1_medium_run_3,ecology_test_1_medium,0,167,2,16700,m,pop,0,0.0,/Users/alinaqvi/Desktop/github_projects/avida/work/ecology_test_1_medium_run_3/data/detail-0.spop
ecology_test_1_medium_run_3,ecology_test_1_medium,0,167,2,16700,n,swap-stk,0,0.0,/Users/alinaqvi/Desktop/github_projects/avida/work/ecology_test_1_medium_run_3/data/detail-0.spop
ecology_test_1_medium_run_3,ecology_test_1_medium,0,167,2,16700,o,swap,0,0.0,/Users/alinaqvi/Desktop/github_projects/avida/work/ecology_test_1_medium_run_3/data/detail-0.spop
ecology_test_1_medium_run_3,ecology_test_1_medium,0,167,2,16700,p,add,0,0.0,/Users/alinaqvi/Desktop/github_projects/avida/work/ecology_test_1_medium_run_3/data/detail-0.spop
ecology_test_1_medium_run_3,ecology_test_1_medium,0,167,2,16700,q,sub,0,0.0,/Users/alinaqvi/Desktop/github_projects/avida/work/ecology_test_1_medium_run_3/data/detail-0.spop
ecology_test_1_medium_run_3,ecology_test_1_medium,0,167,2,16700,r,nand,0,0.0,/Users/alinaqvi/Desktop/github_projects/avida/work/ecology_test_1_medium_run_3/data/detail-0.spop
ecology_test_1_medium_run_3,ecology_test_1_medium,0,167,2,16700,s,repro,400,0.023952095808383235,/Users/alinaqvi/Desktop/github_projects/avida/work/ecology_test_1_medium_run_3/data/detail-0.spop
ecology_test_1_medium_run_3,ecology_test_1_medium,0,167,2,16700,t,repro-semel,67,0.0040119760479041915,/Users/alinaqvi/Desktop/github_projects/avida/work/ecology_test_1_medium_run_3/data/detail-0.spop
ecology_test_1_medium_run_3,ecology_test_1_medium,0,167,2,16700,u,move,0,0.0,/Users/alinaqvi/Desktop/github_projects/avida/work/ecology_test_1_medium_run_3/data/detail-0.spop
ecology_test_1_medium_run_3,ecology_test_1_medium,0,167,2,16700,v,rotate-left-one,0,0.0,/Users/alinaqvi/Desktop/github_projects/avida/work/ecology_test_1_medium_run_3/data/detail-0.spop
ecology_test_1_medium_run_3,ecology_test_1_medium,0,167,2,16700,w,rotate-right-one,0,0.0,/Users/alinaqvi/Desktop/github_projects/avida/work/ecology_test_1_medium_run_3/data/detail-0.spop
ecology_test_1_medium_run_3,ecology_test_1_medium,0,167,2,16700,x,sense-resource0,0,0.0,/Users/alinaqvi/Desktop/github_projects/avida/work/ecology_test_1_medium_run_3/data/detail-0.spop
ecology_test_1_medium_run_3,ecology_test_1_medium,0,167,2,16700,y,sense-faced-resource0,0,0.0,/Users/alinaqvi/Desktop/github_projects/avida/work/ecology_test_1_medium_run_3/data/detail-0.spop
ecology_test_1_medium_run_5,ecology_test_1_medium,0,174,2,17400,a,nop-B,0,0.0,/Users/alinaqvi/Desktop/github_projects/avida/work/ecology_test_1_medium_run_5/data/detail-0.spop
ecology_test_1_medium_run_5,ecology_test_1_medium,0,174,2,17400,b,nop-C,16926,0.9727586206896551,/Users/alinaqvi/Desktop/github_projects/avida/work/ecology_test_1_medium_run_5/data/detail-0.spop
ecology_test_1_medium_run_5,ecology_test_1_medium,0,174,2,17400,c,if-n-equ,0,0.0,/Users/alinaqvi/Desktop/github_projects/avida/work/ecology_test_1_medium_run_5/data/detail-0.spop
ecology_test_1_medium_run_5,ecology_test_1_medium,0,174,2,17400,d,if-less,0,0.0,/Users/alinaqvi/Desktop/github_projects/avida/work/ecology_test_1_medium_run_5/data/detail-0.spop
ecology_test_1_medium_run_5,ecology_test_1_medium,0,174,2,17400,e,if-not-0,0,0.0,/Users/alinaqvi/Desktop/github_projects/avida/work/ecology_test_1_medium_run_5/data/detail-0.spop
ecology_test_1_medium_run_5,ecology_test_1_medium,0,174,2,17400,f,if-les-0,0,0.0,/Users/alinaqvi/Desktop/github_projects/avida/work/ecology_test_1_medium_run_5/data/detail-0.spop
ecology_test_1_medium_run_5,ecology_test_1_medium,0,174,2,17400,g,if-grt-0,0,0.0,/Users/alinaqvi/Desktop/github_projects/avida/work/ecology_test_1_medium_run_5/data/detail-0.spop
ecology_test_1_medium_run_5,ecology_test_1_medium,0,174,2,17400,h,if-label,0,0.0,/Users/alinaqvi/Desktop/github_projects/avida/work/ecology_test_1_medium_run_5/data/detail-0.spop
ecology_test_1_medium_run_5,ecology_test_1_medium,0,174,2,17400,i,zero,0,0.0,/Users/alinaqvi/Desktop/github_projects/avida/work/ecology_test_1_medium_run_5/data/detail-0.spop
ecology_test_1_medium_run_5,ecology_test_1_medium,0,174,2,17400,j,inc,0,0.0,/Users/alinaqvi/Desktop/github_projects/avida/work/ecology_test_1_medium_run_5/data/detail-0.spop
ecology_test_1_medium_run_5,ecology_test_1_medium,0,174,2,17400,k,dec,0,0.0,/Users/alinaqvi/Desktop/github_projects/avida/work/ecology_test_1_medium_run_5/data/detail-0.spop
ecology_test_1_medium_run_5,ecology_test_1_medium,0,174,2,17400,l,push,0,0.0,/Users/alinaqvi/Desktop/github_projects/avida/work/ecology_test_1_medium_run_5/data/detail-0.spop
ecology_test_1_medium_run_5,ecology_test_1_medium,0,174,2,17400,m,pop,0,0.0,/Users/alinaqvi/Desktop/github_projects/avida/work/ecology_test_1_medium_run_5/data/detail-0.spop
ecology_test_1_medium_run_5,ecology_test_1_medium,0,174,2,17400,n,swap-stk,0,0.0,/Users/alinaqvi/Desktop/github_projects/avida/work/ecology_test_1_medium_run_5/data/detail-0.spop
ecology_test_1_medium_run_5,ecology_test_1_medium,0,174,2,17400,o,swap,0,0.0,/Users/alinaqvi/Desktop/github_projects/avida/work/ecology_test_1_medium_run_5/data/detail-0.spop
ecology_test_1_medium_run_5,ecology_test_1_medium,0,174,2,17400,p,add,0,0.0,/Users/alinaqvi/Desktop/github_projects/avida/work/ecology_test_1_medium_run_5/data/detail-0.spop
ecology_test_1_medium_run_5,ecology_test_1_medium,0,174,2,17400,q,sub,0,0.0,/Users/alinaqvi/Desktop/github_projects/avida/work/ecology_test_1_medium_run_5/data/detail-0.spop
ecology_test_1_medium_run_5,ecology_test_1_medium,0,174,2,17400,r,nand,0,0.0,/Users/alinaqvi/Desktop/github_projects/avida/work/ecology_test_1_medium_run_5/data/detail-0.spop
ecology_test_1_medium_run_5,ecology_test_1_medium,0,174,2,17400,s,repro,400,0.022988505747126436,/Users/alinaqvi/Desktop/github_projects/avida/work/ecology_test_1_medium_run_5/data/detail-0.spop
ecology_test_1_medium_run_5,ecology_test_1_medium,0,174,2,17400,t,repro-semel,74,0.004252873563218391,/Users/alinaqvi/Desktop/github_projects/avida/work/ecology_test_1_medium_run_5/data/detail-0.spop
ecology_test_1_medium_run_5,ecology_test_1_medium,0,174,2,17400,u,move,0,0.0,/Users/alinaqvi/Desktop/github_projects/avida/work/ecology_test_1_medium_run_5/data/detail-0.spop
ecology_test_1_medium_run_5,ecology_test_1_medium,0,174,2,17400,v,rotate-left-one,0,0.0,/Users/alinaqvi/Desktop/github_projects/avida/work/ecology_test_1_medium_run_5/data/detail-0.spop
ecology_test_1_medium_run_5,ecology_test_1_medium,0,174,2,17400,w,rotate-right-one,0,0.0,/Users/alinaqvi/Desktop/github_projects/avida/work/ecology_test_1_medium_run_5/data/detail-0.spop
ecology_test_1_medium_run_5,ecology_test_1_medium,0,174,2,17400,x,sense-resource0,0,0.0,/Users/alinaqvi/Desktop/github_projects/avida/work/ecology_test_1_medium_run_5/data/detail-0.spop
ecology_test_1_medium_run_5,ecology_test_1_medium,0,174,2,17400,y,sense-faced-resource0,0,0.0,/Users/alinaqvi/Desktop/github_projects/avida/work/ecology_test_1_medium_run_5/data/detail-0.spop
ecology_test_1_medium_run_6,ecology_test_1_medium,0,175,2,17500,a,nop-B,0,0.0,/Users/alinaqvi/Desktop/github_projects/avida/work/ecology_test_1_medium_run_6/data/detail-0.spop
ecology_test_1_medium_run_6,ecology_test_1_medium,0,175,2,17500,b,nop-C,17025,0.9728571428571429,/Users/alinaqvi/Desktop/github_projects/avida/work/ecology_test_1_medium_run_6/data/detail-0.spop
ecology_test_1_medium_run_6,ecology_test_1_medium,0,175,2,17500,c,if-n-equ,0,0.0,/Users/alinaqvi/Desktop/github_projects/avida/work/ecology_test_1_medium_run_6/data/detail-0.spop
ecology_test_1_medium_run_6,ecology_test_1_medium,0,175,2,17500,d,if-less,0,0.0,/Users/alinaqvi/Desktop/github_projects/avida/work/ecology_test_1_medium_run_6/data/detail-0.spop
ecology_test_1_medium_run_6,ecology_test_1_medium,0,175,2,17500,e,if-not-0,0,0.0,/Users/alinaqvi/Desktop/github_projects/avida/work/ecology_test_1_medium_run_6/data/detail-0.spop
ecology_test_1_medium_run_6,ecology_test_1_medium,0,175,2,17500,f,if-les-0,0,0.0,/Users/alinaqvi/Desktop/github_projects/avida/work/ecology_test_1_medium_run_6/data/detail-0.spop
ecology_test_1_medium_run_6,ecology_test_1_medium,0,175,2,17500,g,if-grt-0,0,0.0,/Users/alinaqvi/Desktop/github_projects/avida/work/ecology_test_1_medium_run_6/data/detail-0.spop
ecology_test_1_medium_run_6,ecology_test_1_medium,0,175,2,17500,h,if-label,0,0.0,/Users/alinaqvi/Desktop/github_projects/avida/work/ecology_test_1_medium_run_6/data/detail-0.spop
ecology_test_1_medium_run_6,ecology_test_1_medium,0,175,2,17500,i,zero,0,0.0,/Users/alinaqvi/Desktop/github_projects/avida/work/ecology_test_1_medium_run_6/data/detail-0.spop
ecology_test_1_medium_run_6,ecology_test_1_medium,0,175,2,17500,j,inc,0,0.0,/Users/alinaqvi/Desktop/github_projects/avida/work/ecology_test_1_medium_run_6/data/detail-0.spop
ecology_test_1_medium_run_6,ecology_test_1_medium,0,175,2,17500,k,dec,0,0.0,/Users/alinaqvi/Desktop/github_projects/avida/work/ecology_test_1_medium_run_6/data/detail-0.spop
ecology_test_1_medium_run_6,ecology_test_1_medium,0,175,2,17500,l,push,0,0.0,/Users/alinaqvi/Desktop/github_projects/avida/work/ecology_test_1_medium_run_6/data/detail-0.spop
ecology_test_1_medium_run_6,ecology_test_1_medium,0,175,2,17500,m,pop,0,0.0,/Users/alinaqvi/Desktop/github_projects/avida/work/ecology_test_1_medium_run_6/data/detail-0.spop
ecology_test_1_medium_run_6,ecology_test_1_medium,0,175,2,17500,n,swap-stk,0,0.0,/Users/alinaqvi/Desktop/github_projects/avida/work/ecology_test_1_medium_run_6/data/detail-0.spop
ecology_test_1_medium_run_6,ecology_test_1_medium,0,175,2,17500,o,swap,0,0.0,/Users/alinaqvi/Desktop/github_projects/avida/work/ecology_test_1_medium_run_6/data/detail-0.spop
ecology_test_1_medium_run_6,ecology_test_1_medium,0,175,2,17500,p,add,0,0.0,/Users/alinaqvi/Desktop/github_projects/avida/work/ecology_test_1_medium_run_6/data/detail-0.spop
ecology_test_1_medium_run_6,ecology_test_1_medium,0,175,2,17500,q,sub,0,0.0,/Users/alinaqvi/Desktop/github_projects/avida/work/ecology_test_1_medium_run_6/data/detail-0.spop
ecology_test_1_medium_run_6,ecology_test_1_medium,0,175,2,17500,r,nand,0,0.0,/Users/alinaqvi/Desktop/github_projects/avida/work/ecology_test_1_medium_run_6/data/detail-0.spop
ecology_test_1_medium_run_6,ecology_test_1_medium,0,175,2,17500,s,repro,400,0.022857142857142857,/Users/alinaqvi/Desktop/github_projects/avida/work/ecology_test_1_medium_run_6/data/detail-0.spop
ecology_test_1_medium_run_6,ecology_test_1_medium,0,175,2,17500,t,repro-semel,75,0.004285714285714286,/Users/alinaqvi/Desktop/github_projects/avida/work/ecology_test_1_medium_run_6/data/detail-0.spop
ecology_test_1_medium_run_6,ecology_test_1_medium,0,175,2,17500,u,move,0,0.0,/Users/alinaqvi/Desktop/github_projects/avida/work/ecology_test_1_medium_run_6/data/detail-0.spop
ecology_test_1_medium_run_6,ecology_test_1_medium,0,175,2,17500,v,rotate-left-one,0,0.0,/Users/alinaqvi/Desktop/github_projects/avida/work/ecology_test_1_medium_run_6/data/detail-0.spop
ecology_test_1_medium_run_6,ecology_test_1_medium,0,175,2,17500,w,rotate-right-one,0,0.0,/Users/alinaqvi/Desktop/github_projects/avida/work/ecology_test_1_medium_run_6/data/detail-0.spop
ecology_test_1_medium_run_6,ecology_test_1_medium,0,175,2,17500,x,sense-resource0,0,0.0,/Users/alinaqvi/Desktop/github_projects/avida/work/ecology_test_1_medium_run_6/data/detail-0.spop
ecology_test_1_medium_run_6,ecology_test_1_medium,0,175,2,17500,y,sense-faced-resource0,0,0.0,/Users/alinaqvi/Desktop/github_projects/avida/work/ecology_test_1_medium_run_6/data/detail-0.spop
ecology_test_1_medium_run_7,ecology_test_1_medium,0,175,2,17500,a,nop-B,0,0.0,/Users/alinaqvi/Desktop/github_projects/avida/work/ecology_test_1_medium_run_7/data/detail-0.spop
ecology_test_1_medium_run_7,ecology_test_1_medium,0,175,2,17500,b,nop-C,17025,0.9728571428571429,/Users/alinaqvi/Desktop/github_projects/avida/work/ecology_test_1_medium_run_7/data/detail-0.spop
ecology_test_1_medium_run_7,ecology_test_1_medium,0,175,2,17500,c,if-n-equ,0,0.0,/Users/alinaqvi/Desktop/github_projects/avida/work/ecology_test_1_medium_run_7/data/detail-0.spop
ecology_test_1_medium_run_7,ecology_test_1_medium,0,175,2,17500,d,if-less,0,0.0,/Users/alinaqvi/Desktop/github_projects/avida/work/ecology_test_1_medium_run_7/data/detail-0.spop
ecology_test_1_medium_run_7,ecology_test_1_medium,0,175,2,17500,e,if-not-0,0,0.0,/Users/alinaqvi/Desktop/github_projects/avida/work/ecology_test_1_medium_run_7/data/detail-0.spop
ecology_test_1_medium_run_7,ecology_test_1_medium,0,175,2,17500,f,if-les-0,0,0.0,/Users/alinaqvi/Desktop/github_projects/avida/work/ecology_test_1_medium_run_7/data/detail-0.spop
ecology_test_1_medium_run_7,ecology_test_1_medium,0,175,2,17500,g,if-grt-0,0,0.0,/Users/alinaqvi/Desktop/github_projects/avida/work/ecology_test_1_medium_run_7/data/detail-0.spop
ecology_test_1_medium_run_7,ecology_test_1_medium,0,175,2,17500,h,if-label,0,0.0,/Users/alinaqvi/Desktop/github_projects/avida/work/ecology_test_1_medium_run_7/data/detail-0.spop
ecology_test_1_medium_run_7,ecology_test_1_medium,0,175,2,17500,i,zero,0,0.0,/Users/alinaqvi/Desktop/github_projects/avida/work/ecology_test_1_medium_run_7/data/detail-0.spop
ecology_test_1_medium_run_7,ecology_test_1_medium,0,175,2,17500,j,inc,0,0.0,/Users/alinaqvi/Desktop/github_projects/avida/work/ecology_test_1_medium_run_7/data/detail-0.spop
ecology_test_1_medium_run_7,ecology_test_1_medium,0,175,2,17500,k,dec,0,0.0,/Users/alinaqvi/Desktop/github_projects/avida/work/ecology_test_1_medium_run_7/data/detail-0.spop
ecology_test_1_medium_run_7,ecology_test_1_medium,0,175,2,17500,l,push,0,0.0,/Users/alinaqvi/Desktop/github_projects/avida/work/ecology_test_1_medium_run_7/data/detail-0.spop
ecology_test_1_medium_run_7,ecology_test_1_medium,0,175,2,17500,m,pop,0,0.0,/Users/alinaqvi/Desktop/github_projects/avida/work/ecology_test_1_medium_run_7/data/detail-0.spop
ecology_test_1_medium_run_7,ecology_test_1_medium,0,175,2,17500,n,swap-stk,0,0.0,/Users/alinaqvi/Desktop/github_projects/avida/work/ecology_test_1_medium_run_7/data/detail-0.spop
ecology_test_1_medium_run_7,ecology_test_1_medium,0,175,2,17500,o,swap,0,0.0,/Users/alinaqvi/Desktop/github_projects/avida/work/ecology_test_1_medium_run_7/data/detail-0.spop
ecology_test_1_medium_run_7,ecology_test_1_medium,0,175,2,17500,p,add,0,0.0,/Users/alinaqvi/Desktop/github_projects/avida/work/ecology_test_1_medium_run_7/data/detail-0.spop
ecology_test_1_medium_run_7,ecology_test_1_medium,0,175,2,17500,q,sub,0,0.0,/Users/alinaqvi/Desktop/github_projects/avida/work/ecology_test_1_medium_run_7/data/detail-0.spop
ecology_test_1_medium_run_7,ecology_test_1_medium,0,175,2,17500,r,nand,0,0.0,/Users/alinaqvi/Desktop/github_projects/avida/work/ecology_test_1_medium_run_7/data/detail-0.spop
ecology_test_1_medium_run_7,ecology_test_1_medium,0,175,2,17500,s,repro,400,0.022857142857142857,/Users/alinaqvi/Desktop/github_projects/avida/work/ecology_test_1_medium_run_7/data/detail-0.spop
ecology_test_1_medium_run_7,ecology_test_1_medium,0,175,2,17500,t,repro-semel,75,0.004285714285714286,/Users/alinaqvi/Desktop/github_projects/avida/work/ecology_test_1_medium_run_7/data/detail-0.spop
ecology_test_1_medium_run_7,ecology_test_1_medium,0,175,2,17500,u,move,0,0.0,/Users/alinaqvi/Desktop/github_projects/avida/work/ecology_test_1_medium_run_7/data/detail-0.spop
ecology_test_1_medium_run_7,ecology_test_1_medium,0,175,2,17500,v,rotate-left-one,0,0.0,/Users/alinaqvi/Desktop/github_projects/avida/work/ecology_test_1_medium_run_7/data/detail-0.spop
ecology_test_1_medium_run_7,ecology_test_1_medium,0,175,2,17500,w,rotate-right-one,0,0.0,/Users/alinaqvi/Desktop/github_projects/avida/work/ecology_test_1_medium_run_7/data/detail-0.spop
ecology_test_1_medium_run_7,ecology_test_1_medium,0,175,2,17500,x,sense-resource0,0,0.0,/Users/alinaqvi/Desktop/github_projects/avida/work/ecology_test_1_medium_run_7/data/detail-0.spop
ecology_test_1_medium_run_7,ecology_test_1_medium,0,175,2,17500,y,sense-faced-resource0,0,0.0,/Users/alinaqvi/Desktop/github_projects/avida/work/ecology_test_1_medium_run_7/data/detail-0.spop
ecology_test_1_medium_run_8,ecology_test_1_medium,0,168,2,16800,a,nop-B,0,0.0,/Users/alinaqvi/Desktop/github_projects/avida/work/ecology_test_1_medium_run_8/data/detail-0.spop
ecology_test_1_medium_run_8,ecology_test_1_medium,0,168,2,16800,b,nop-C,16332,0.9721428571428572,/Users/alinaqvi/Desktop/github_projects/avida/work/ecology_test_1_medium_run_8/data/detail-0.spop
ecology_test_1_medium_run_8,ecology_test_1_medium,0,168,2,16800,c,if-n-equ,0,0.0,/Users/alinaqvi/Desktop/github_projects/avida/work/ecology_test_1_medium_run_8/data/detail-0.spop
ecology_test_1_medium_run_8,ecology_test_1_medium,0,168,2,16800,d,if-less,0,0.0,/Users/alinaqvi/Desktop/github_projects/avida/work/ecology_test_1_medium_run_8/data/detail-0.spop
ecology_test_1_medium_run_8,ecology_test_1_medium,0,168,2,16800,e,if-not-0,0,0.0,/Users/alinaqvi/Desktop/github_projects/avida/work/ecology_test_1_medium_run_8/data/detail-0.spop
ecology_test_1_medium_run_8,ecology_test_1_medium,0,168,2,16800,f,if-les-0,0,0.0,/Users/alinaqvi/Desktop/github_projects/avida/work/ecology_test_1_medium_run_8/data/detail-0.spop
ecology_test_1_medium_run_8,ecology_test_1_medium,0,168,2,16800,g,if-grt-0,0,0.0,/Users/alinaqvi/Desktop/github_projects/avida/work/ecology_test_1_medium_run_8/data/detail-0.spop
ecology_test_1_medium_run_8,ecology_test_1_medium,0,168,2,16800,h,if-label,0,0.0,/Users/alinaqvi/Desktop/github_projects/avida/work/ecology_test_1_medium_run_8/data/detail-0.spop
ecology_test_1_medium_run_8,ecology_test_1_medium,0,168,2,16800,i,zero,0,0.0,/Users/alinaqvi/Desktop/github_projects/avida/work/ecology_test_1_medium_run_8/data/detail-0.spop
ecology_test_1_medium_run_8,ecology_test_1_medium,0,168,2,16800,j,inc,0,0.0,/Users/alinaqvi/Desktop/github_projects/avida/work/ecology_test_1_medium_run_8/data/detail-0.spop
ecology_test_1_medium_run_8,ecology_test_1_medium,0,168,2,16800,k,dec,0,0.0,/Users/alinaqvi/Desktop/github_projects/avida/work/ecology_test_1_medium_run_8/data/detail-0.spop
ecology_test_1_medium_run_8,ecology_test_1_medium,0,168,2,16800,l,push,0,0.0,/Users/alinaqvi/Desktop/github_projects/avida/work/ecology_test_1_medium_run_8/data/detail-0.spop
ecology_test_1_medium_run_8,ecology_test_1_medium,0,168,2,16800,m,pop,0,0.0,/Users/alinaqvi/Desktop/github_projects/avida/work/ecology_test_1_medium_run_8/data/detail-0.spop
ecology_test_1_medium_run_8,ecology_test_1_medium,0,168,2,16800,n,swap-stk,0,0.0,/Users/alinaqvi/Desktop/github_projects/avida/work/ecology_test_1_medium_run_8/data/detail-0.spop
ecology_test_1_medium_run_8,ecology_test_1_medium,0,168,2,16800,o,swap,0,0.0,/Users/alinaqvi/Desktop/github_projects/avida/work/ecology_test_1_medium_run_8/data/detail-0.spop
ecology_test_1_medium_run_8,ecology_test_1_medium,0,168,2,16800,p,add,0,0.0,/Users/alinaqvi/Desktop/github_projects/avida/work/ecology_test_1_medium_run_8/data/detail-0.spop
ecology_test_1_medium_run_8,ecology_test_1_medium,0,168,2,16800,q,sub,0,0.0,/Users/alinaqvi/Desktop/github_projects/avida/work/ecology_test_1_medium_run_8/data/detail-0.spop
ecology_test_1_medium_run_8,ecology_test_1_medium,0,168,2,16800,r,nand,0,0.0,/Users/alinaqvi/Desktop/github_projects/avida/work/ecology_test_1_medium_run_8/data/detail-0.spop
ecology_test_1_medium_run_8,ecology_test_1_medium,0,168,2,16800,s,repro,400,0.023809523809523808,/Users/alinaqvi/Desktop/github_projects/avida/work/ecology_test_1_medium_run_8/data/detail-0.spop
ecology_test_1_medium_run_8,ecology_test_1_medium,0,168,2,16800,t,repro-semel,68,0.004047619047619047,/Users/alinaqvi/Desktop/github_projects/avida/work/ecology_test_1_medium_run_8/data/detail-0.spop
ecology_test_1_medium_run_8,ecology_test_1_medium,0,168,2,16800,u,move,0,0.0,/Users/alinaqvi/Desktop/github_projects/avida/work/ecology_test_1_medium_run_8/data/detail-0.spop
ecology_test_1_medium_run_8,ecology_test_1_medium,0,168,2,16800,v,rotate-left-one,0,0.0,/Users/alinaqvi/Desktop/github_projects/avida/work/ecology_test_1_medium_run_8/data/detail-0.spop
ecology_test_1_medium_run_8,ecology_test_1_medium,0,168,2,16800,w,rotate-right-one,0,0.0,/Users/alinaqvi/Desktop/github_projects/avida/work/ecology_test_1_medium_run_8/data/detail-0.spop
ecology_test_1_medium_run_8,ecology_test_1_medium,0,168,2,16800,x,sense-resource0,0,0.0,/Users/alinaqvi/Desktop/github_projects/avida/work/ecology_test_1_medium_run_8/data/detail-0.spop
ecology_test_1_medium_run_8,ecology_test_1_medium,0,168,2,16800,y,sense-faced-resource0,0,0.0,/Users/alinaqvi/Desktop/github_projects/avida/work/ecology_test_1_medium_run_8/data/detail-0.spop
ecology_test_1_medium_run_9,ecology_test_1_medium,697505,1602,171,160200,a,nop-B,12223,0.0762983770287141,/Users/alinaqvi/Desktop/github_projects/avida/work/ecology_test_1_medium_run_9/data/detail-697505.spop
ecology_test_1_medium_run_9,ecology_test_1_medium,697505,1602,171,160200,b,nop-C,35332,0.22054931335830213,/Users/alinaqvi/Desktop/github_projects/avida/work/ecology_test_1_medium_run_9/data/detail-697505.spop
ecology_test_1_medium_run_9,ecology_test_1_medium,697505,1602,171,160200,c,if-n-equ,3740,0.0233458177278402,/Users/alinaqvi/Desktop/github_projects/avida/work/ecology_test_1_medium_run_9/data/detail-697505.spop
ecology_test_1_medium_run_9,ecology_test_1_medium,697505,1602,171,160200,d,if-less,2281,0.014238451935081149,/Users/alinaqvi/Desktop/github_projects/avida/work/ecology_test_1_medium_run_9/data/detail-697505.spop
ecology_test_1_medium_run_9,ecology_test_1_medium,697505,1602,171,160200,e,if-not-0,5381,0.033589263420724096,/Users/alinaqvi/Desktop/github_projects/avida/work/ecology_test_1_medium_run_9/data/detail-697505.spop
ecology_test_1_medium_run_9,ecology_test_1_medium,697505,1602,171,160200,f,if-les-0,2099,0.013102372034956304,/Users/alinaqvi/Desktop/github_projects/avida/work/ecology_test_1_medium_run_9/data/detail-697505.spop
ecology_test_1_medium_run_9,ecology_test_1_medium,697505,1602,171,160200,g,if-grt-0,3584,0.022372034956304618,/Users/alinaqvi/Desktop/github_projects/avida/work/ecology_test_1_medium_run_9/data/detail-697505.spop
ecology_test_1_medium_run_9,ecology_test_1_medium,697505,1602,171,160200,h,if-label,5701,0.035586766541822724,/Users/alinaqvi/Desktop/github_projects/avida/work/ecology_test_1_medium_run_9/data/detail-697505.spop
ecology_test_1_medium_run_9,ecology_test_1_medium,697505,1602,171,160200,i,zero,10066,0.06283395755305868,/Users/alinaqvi/Desktop/github_projects/avida/work/ecology_test_1_medium_run_9/data/detail-697505.spop
ecology_test_1_medium_run_9,ecology_test_1_medium,697505,1602,171,160200,j,inc,5533,0.034538077403245944,/Users/alinaqvi/Desktop/github_projects/avida/work/ecology_test_1_medium_run_9/data/detail-697505.spop
ecology_test_1_medium_run_9,ecology_test_1_medium,697505,1602,171,160200,k,dec,8920,0.05568039950062422,/Users/alinaqvi/Desktop/github_projects/avida/work/ecology_test_1_medium_run_9/data/detail-697505.spop
ecology_test_1_medium_run_9,ecology_test_1_medium,697505,1602,171,160200,l,push,2050,0.012796504369538077,/Users/alinaqvi/Desktop/github_projects/avida/work/ecology_test_1_medium_run_9/data/detail-697505.spop
ecology_test_1_medium_run_9,ecology_test_1_medium,697505,1602,171,160200,m,pop,5723,0.03572409488139825,/Users/alinaqvi/Desktop/github_projects/avida/work/ecology_test_1_medium_run_9/data/detail-697505.spop
ecology_test_1_medium_run_9,ecology_test_1_medium,697505,1602,171,160200,n,swap-stk,3648,0.022771535580524343,/Users/alinaqvi/Desktop/github_projects/avida/work/ecology_test_1_medium_run_9/data/detail-697505.spop
ecology_test_1_medium_run_9,ecology_test_1_medium,697505,1602,171,160200,o,swap,8558,0.0534207240948814,/Users/alinaqvi/Desktop/github_projects/avida/work/ecology_test_1_medium_run_9/data/detail-697505.spop
ecology_test_1_medium_run_9,ecology_test_1_medium,697505,1602,171,160200,p,add,2124,0.013258426966292135,/Users/alinaqvi/Desktop/github_projects/avida/work/ecology_test_1_medium_run_9/data/detail-697505.spop
ecology_test_1_medium_run_9,ecology_test_1_medium,697505,1602,171,160200,q,sub,5705,0.035611735330836454,/Users/alinaqvi/Desktop/github_projects/avida/work/ecology_test_1_medium_run_9/data/detail-697505.spop
ecology_test_1_medium_run_9,ecology_test_1_medium,697505,1602,171,160200,r,nand,7236,0.045168539325842694,/Users/alinaqvi/Desktop/github_projects/avida/work/ecology_test_1_medium_run_9/data/detail-697505.spop
ecology_test_1_medium_run_9,ecology_test_1_medium,697505,1602,171,160200,s,repro,5817,0.03631086142322097,/Users/alinaqvi/Desktop/github_projects/avida/work/ecology_test_1_medium_run_9/data/detail-697505.spop
ecology_test_1_medium_run_9,ecology_test_1_medium,697505,1602,171,160200,t,repro-semel,6431,0.04014357053682897,/Users/alinaqvi/Desktop/github_projects/avida/work/ecology_test_1_medium_run_9/data/detail-697505.spop
ecology_test_1_medium_run_9,ecology_test_1_medium,697505,1602,171,160200,u,move,3385,0.021129837702871412,/Users/alinaqvi/Desktop/github_projects/avida/work/ecology_test_1_medium_run_9/data/detail-697505.spop
ecology_test_1_medium_run_9,ecology_test_1_medium,697505,1602,171,160200,v,rotate-left-one,1685,0.010518102372034956,/Users/alinaqvi/Desktop/github_projects/avida/work/ecology_test_1_medium_run_9/data/detail-697505.spop
ecology_test_1_medium_run_9,ecology_test_1_medium,697505,1602,171,160200,w,rotate-right-one,6677,0.041679151061173536,/Users/alinaqvi/Desktop/github_projects/avida/work/ecology_test_1_medium_run_9/data/detail-697505.spop
ecology_test_1_medium_run_9,ecology_test_1_medium,697505,1602,171,160200,x,sense-resource0,3943,0.02461298377028714,/Users/alinaqvi/Desktop/github_projects/avida/work/ecology_test_1_medium_run_9/data/detail-697505.spop
ecology_test_1_medium_run_9,ecology_test_1_medium,697505,1602,171,160200,y,sense-faced-resource0,2358,0.014719101123595505,/Users/alinaqvi/Desktop/github_projects/avida/work/ecology_test_1_medium_run_9/data/detail-697505.spop
ecology_test_1_medium_run_10,ecology_test_1_medium,0,176,2,17600,a,nop-B,0,0.0,/Users/alinaqvi/Desktop/github_projects/avida/work/ecology_test_1_medium_run_10/data/detail-0.spop
ecology_test_1_medium_run_10,ecology_test_1_medium,0,176,2,17600,b,nop-C,17124,0.9729545454545454,/Users/alinaqvi/Desktop/github_projects/avida/work/ecology_test_1_medium_run_10/data/detail-0.spop
ecology_test_1_medium_run_10,ecology_test_1_medium,0,176,2,17600,c,if-n-equ,0,0.0,/Users/alinaqvi/Desktop/github_projects/avida/work/ecology_test_1_medium_run_10/data/detail-0.spop
ecology_test_1_medium_run_10,ecology_test_1_medium,0,176,2,17600,d,if-less,0,0.0,/Users/alinaqvi/Desktop/github_projects/avida/work/ecology_test_1_medium_run_10/data/detail-0.spop
ecology_test_1_medium_run_10,ecology_test_1_medium,0,176,2,17600,e,if-not-0,0,0.0,/Users/alinaqvi/Desktop/github_projects/avida/work/ecology_test_1_medium_run_10/data/detail-0.spop
ecology_test_1_medium_run_10,ecology_test_1_medium,0,176,2,17600,f,if-les-0,0,0.0,/Users/alinaqvi/Desktop/github_projects/avida/work/ecology_test_1_medium_run_10/data/detail-0.spop
ecology_test_1_medium_run_10,ecology_test_1_medium,0,176,2,17600,g,if-grt-0,0,0.0,/Users/alinaqvi/Desktop/github_projects/avida/work/ecology_test_1_medium_run_10/data/detail-0.spop
ecology_test_1_medium_run_10,ecology_test_1_medium,0,176,2,17600,h,if-label,0,0.0,/Users/alinaqvi/Desktop/github_projects/avida/work/ecology_test_1_medium_run_10/data/detail-0.spop
ecology_test_1_medium_run_10,ecology_test_1_medium,0,176,2,17600,i,zero,0,0.0,/Users/alinaqvi/Desktop/github_projects/avida/work/ecology_test_1_medium_run_10/data/detail-0.spop
ecology_test_1_medium_run_10,ecology_test_1_medium,0,176,2,17600,j,inc,0,0.0,/Users/alinaqvi/Desktop/github_projects/avida/work/ecology_test_1_medium_run_10/data/detail-0.spop
ecology_test_1_medium_run_10,ecology_test_1_medium,0,176,2,17600,k,dec,0,0.0,/Users/alinaqvi/Desktop/github_projects/avida/work/ecology_test_1_medium_run_10/data/detail-0.spop
ecology_test_1_medium_run_10,ecology_test_1_medium,0,176,2,17600,l,push,0,0.0,/Users/alinaqvi/Desktop/github_projects/avida/work/ecology_test_1_medium_run_10/data/detail-0.spop
ecology_test_1_medium_run_10,ecology_test_1_medium,0,176,2,17600,m,pop,0,0.0,/Users/alinaqvi/Desktop/github_projects/avida/work/ecology_test_1_medium_run_10/data/detail-0.spop
ecology_test_1_medium_run_10,ecology_test_1_medium,0,176,2,17600,n,swap-stk,0,0.0,/Users/alinaqvi/Desktop/github_projects/avida/work/ecology_test_1_medium_run_10/data/detail-0.spop
ecology_test_1_medium_run_10,ecology_test_1_medium,0,176,2,17600,o,swap,0,0.0,/Users/alinaqvi/Desktop/github_projects/avida/work/ecology_test_1_medium_run_10/data/detail-0.spop
ecology_test_1_medium_run_10,ecology_test_1_medium,0,176,2,17600,p,add,0,0.0,/Users/alinaqvi/Desktop/github_projects/avida/work/ecology_test_1_medium_run_10/data/detail-0.spop
ecology_test_1_medium_run_10,ecology_test_1_medium,0,176,2,17600,q,sub,0,0.0,/Users/alinaqvi/Desktop/github_projects/avida/work/ecology_test_1_medium_run_10/data/detail-0.spop
ecology_test_1_medium_run_10,ecology_test_1_medium,0,176,2,17600,r,nand,0,0.0,/Users/alinaqvi/Desktop/github_projects/avida/work/ecology_test_1_medium_run_10/data/detail-0.spop
ecology_test_1_medium_run_10,ecology_test_1_medium,0,176,2,17600,s,repro,400,0.022727272727272728,/Users/alinaqvi/Desktop/github_projects/avida/work/ecology_test_1_medium_run_10/data/detail-0.spop
ecology_test_1_medium_run_10,ecology_test_1_medium,0,176,2,17600,t,repro-semel,76,0.004318181818181818,/Users/alinaqvi/Desktop/github_projects/avida/work/ecology_test_1_medium_run_10/data/detail-0.spop
ecology_test_1_medium_run_10,ecology_test_1_medium,0,176,2,17600,u,move,0,0.0,/Users/alinaqvi/Desktop/github_projects/avida/work/ecology_test_1_medium_run_10/data/detail-0.spop
ecology_test_1_medium_run_10,ecology_test_1_medium,0,176,2,17600,v,rotate-left-one,0,0.0,/Users/alinaqvi/Desktop/github_projects/avida/work/ecology_test_1_medium_run_10/data/detail-0.spop
ecology_test_1_medium_run_10,ecology_test_1_medium,0,176,2,17600,w,rotate-right-one,0,0.0,/Users/alinaqvi/Desktop/github_projects/avida/work/ecology_test_1_medium_run_10/data/detail-0.spop
ecology_test_1_medium_run_10,ecology_test_1_medium,0,176,2,17600,x,sense-resource0,0,0.0,/Users/alinaqvi/Desktop/github_projects/avida/work/ecology_test_1_medium_run_10/data/detail-0.spop
ecology_test_1_medium_run_10,ecology_test_1_medium,0,176,2,17600,y,sense-faced-resource0,0,0.0,/Users/alinaqvi/Desktop/github_projects/avida/work/ecology_test_1_medium_run_10/data/detail-0.spop
ecology_test_1_medium_run_11,ecology_test_1_medium,0,171,2,17100,a,nop-B,0,0.0,/Users/alinaqvi/Desktop/github_projects/avida/work/ecology_test_1_medium_run_11/data/detail-0.spop
ecology_test_1_medium_run_11,ecology_test_1_medium,0,171,2,17100,b,nop-C,16629,0.9724561403508772,/Users/alinaqvi/Desktop/github_projects/avida/work/ecology_test_1_medium_run_11/data/detail-0.spop
ecology_test_1_medium_run_11,ecology_test_1_medium,0,171,2,17100,c,if-n-equ,0,0.0,/Users/alinaqvi/Desktop/github_projects/avida/work/ecology_test_1_medium_run_11/data/detail-0.spop
ecology_test_1_medium_run_11,ecology_test_1_medium,0,171,2,17100,d,if-less,0,0.0,/Users/alinaqvi/Desktop/github_projects/avida/work/ecology_test_1_medium_run_11/data/detail-0.spop
ecology_test_1_medium_run_11,ecology_test_1_medium,0,171,2,17100,e,if-not-0,0,0.0,/Users/alinaqvi/Desktop/github_projects/avida/work/ecology_test_1_medium_run_11/data/detail-0.spop
ecology_test_1_medium_run_11,ecology_test_1_medium,0,171,2,17100,f,if-les-0,0,0.0,/Users/alinaqvi/Desktop/github_projects/avida/work/ecology_test_1_medium_run_11/data/detail-0.spop
ecology_test_1_medium_run_11,ecology_test_1_medium,0,171,2,17100,g,if-grt-0,0,0.0,/Users/alinaqvi/Desktop/github_projects/avida/work/ecology_test_1_medium_run_11/data/detail-0.spop
ecology_test_1_medium_run_11,ecology_test_1_medium,0,171,2,17100,h,if-label,0,0.0,/Users/alinaqvi/Desktop/github_projects/avida/work/ecology_test_1_medium_run_11/data/detail-0.spop
ecology_test_1_medium_run_11,ecology_test_1_medium,0,171,2,17100,i,zero,0,0.0,/Users/alinaqvi/Desktop/github_projects/avida/work/ecology_test_1_medium_run_11/data/detail-0.spop
ecology_test_1_medium_run_11,ecology_test_1_medium,0,171,2,17100,j,inc,0,0.0,/Users/alinaqvi/Desktop/github_projects/avida/work/ecology_test_1_medium_run_11/data/detail-0.spop
ecology_test_1_medium_run_11,ecology_test_1_medium,0,171,2,17100,k,dec,0,0.0,/Users/alinaqvi/Desktop/github_projects/avida/work/ecology_test_1_medium_run_11/data/detail-0.spop
ecology_test_1_medium_run_11,ecology_test_1_medium,0,171,2,17100,l,push,0,0.0,/Users/alinaqvi/Desktop/github_projects/avida/work/ecology_test_1_medium_run_11/data/detail-0.spop
ecology_test_1_medium_run_11,ecology_test_1_medium,0,171,2,17100,m,pop,0,0.0,/Users/alinaqvi/Desktop/github_projects/avida/work/ecology_test_1_medium_run_11/data/detail-0.spop
ecology_test_1_medium_run_11,ecology_test_1_medium,0,171,2,17100,n,swap-stk,0,0.0,/Users/alinaqvi/Desktop/github_projects/avida/work/ecology_test_1_medium_run_11/data/detail-0.spop
ecology_test_1_medium_run_11,ecology_test_1_medium,0,171,2,17100,o,swap,0,0.0,/Users/alinaqvi/Desktop/github_projects/avida/work/ecology_test_1_medium_run_11/data/detail-0.spop
ecology_test_1_medium_run_11,ecology_test_1_medium,0,171,2,17100,p,add,0,0.0,/Users/alinaqvi/Desktop/github_projects/avida/work/ecology_test_1_medium_run_11/data/detail-0.spop
ecology_test_1_medium_run_11,ecology_test_1_medium,0,171,2,17100,q,sub,0,0.0,/Users/alinaqvi/Desktop/github_projects/avida/work/ecology_test_1_medium_run_11/data/detail-0.spop
ecology_test_1_medium_run_11,ecology_test_1_medium,0,171,2,17100,r,nand,0,0.0,/Users/alinaqvi/Desktop/github_projects/avida/work/ecology_test_1_medium_run_11/data/detail-0.spop
ecology_test_1_medium_run_11,ecology_test_1_medium,0,171,2,17100,s,repro,400,0.023391812865497075,/Users/alinaqvi/Desktop/github_projects/avida/work/ecology_test_1_medium_run_11/data/detail-0.spop
ecology_test_1_medium_run_11,ecology_test_1_medium,0,171,2,17100,t,repro-semel,71,0.004152046783625731,/Users/alinaqvi/Desktop/github_projects/avida/work/ecology_test_1_medium_run_11/data/detail-0.spop
ecology_test_1_medium_run_11,ecology_test_1_medium,0,171,2,17100,u,move,0,0.0,/Users/alinaqvi/Desktop/github_projects/avida/work/ecology_test_1_medium_run_11/data/detail-0.spop
ecology_test_1_medium_run_11,ecology_test_1_medium,0,171,2,17100,v,rotate-left-one,0,0.0,/Users/alinaqvi/Desktop/github_projects/avida/work/ecology_test_1_medium_run_11/data/detail-0.spop
ecology_test_1_medium_run_11,ecology_test_1_medium,0,171,2,17100,w,rotate-right-one,0,0.0,/Users/alinaqvi/Desktop/github_projects/avida/work/ecology_test_1_medium_run_11/data/detail-0.spop
ecology_test_1_medium_run_11,ecology_test_1_medium,0,171,2,17100,x,sense-resource0,0,0.0,/Users/alinaqvi/Desktop/github_projects/avida/work/ecology_test_1_medium_run_11/data/detail-0.spop
ecology_test_1_medium_run_11,ecology_test_1_medium,0,171,2,17100,y,sense-faced-resource0,0,0.0,/Users/alinaqvi/Desktop/github_projects/avida/work/ecology_test_1_medium_run_11/data/detail-0.spop
ecology_test_1_medium_run_12,ecology_test_1_medium,0,176,2,17600,a,nop-B,0,0.0,/Users/alinaqvi/Desktop/github_projects/avida/work/ecology_test_1_medium_run_12/data/detail-0.spop
ecology_test_1_medium_run_12,ecology_test_1_medium,0,176,2,17600,b,nop-C,17124,0.9729545454545454,/Users/alinaqvi/Desktop/github_projects/avida/work/ecology_test_1_medium_run_12/data/detail-0.spop
ecology_test_1_medium_run_12,ecology_test_1_medium,0,176,2,17600,c,if-n-equ,0,0.0,/Users/alinaqvi/Desktop/github_projects/avida/work/ecology_test_1_medium_run_12/data/detail-0.spop
ecology_test_1_medium_run_12,ecology_test_1_medium,0,176,2,17600,d,if-less,0,0.0,/Users/alinaqvi/Desktop/github_projects/avida/work/ecology_test_1_medium_run_12/data/detail-0.spop
ecology_test_1_medium_run_12,ecology_test_1_medium,0,176,2,17600,e,if-not-0,0,0.0,/Users/alinaqvi/Desktop/github_projects/avida/work/ecology_test_1_medium_run_12/data/detail-0.spop
ecology_test_1_medium_run_12,ecology_test_1_medium,0,176,2,17600,f,if-les-0,0,0.0,/Users/alinaqvi/Desktop/github_projects/avida/work/ecology_test_1_medium_run_12/data/detail-0.spop
ecology_test_1_medium_run_12,ecology_test_1_medium,0,176,2,17600,g,if-grt-0,0,0.0,/Users/alinaqvi/Desktop/github_projects/avida/work/ecology_test_1_medium_run_12/data/detail-0.spop
ecology_test_1_medium_run_12,ecology_test_1_medium,0,176,2,17600,h,if-label,0,0.0,/Users/alinaqvi/Desktop/github_projects/avida/work/ecology_test_1_medium_run_12/data/detail-0.spop
ecology_test_1_medium_run_12,ecology_test_1_medium,0,176,2,17600,i,zero,0,0.0,/Users/alinaqvi/Desktop/github_projects/avida/work/ecology_test_1_medium_run_12/data/detail-0.spop
ecology_test_1_medium_run_12,ecology_test_1_medium,0,176,2,17600,j,inc,0,0.0,/Users/alinaqvi/Desktop/github_projects/avida/work/ecology_test_1_medium_run_12/data/detail-0.spop
ecology_test_1_medium_run_12,ecology_test_1_medium,0,176,2,17600,k,dec,0,0.0,/Users/alinaqvi/Desktop/github_projects/avida/work/ecology_test_1_medium_run_12/data/detail-0.spop
ecology_test_1_medium_run_12,ecology_test_1_medium,0,176,2,17600,l,push,0,0.0,/Users/alinaqvi/Desktop/github_projects/avida/work/ecology_test_1_medium_run_12/data/detail-0.spop
ecology_test_1_medium_run_12,ecology_test_1_medium,0,176,2,17600,m,pop,0,0.0,/Users/alinaqvi/Desktop/github_projects/avida/work/ecology_test_1_medium_run_12/data/detail-0.spop
ecology_test_1_medium_run_12,ecology_test_1_medium,0,176,2,17600,n,swap-stk,0,0.0,/Users/alinaqvi/Desktop/github_projects/avida/work/ecology_test_1_medium_run_12/data/detail-0.spop
ecology_test_1_medium_run_12,ecology_test_1_medium,0,176,2,17600,o,swap,0,0.0,/Users/alinaqvi/Desktop/github_projects/avida/work/ecology_test_1_medium_run_12/data/detail-0.spop
ecology_test_1_medium_run_12,ecology_test_1_medium,0,176,2,17600,p,add,0,0.0,/Users/alinaqvi/Desktop/github_projects/avida/work/ecology_test_1_medium_run_12/data/detail-0.spop
ecology_test_1_medium_run_12,ecology_test_1_medium,0,176,2,17600,q,sub,0,0.0,/Users/alinaqvi/Desktop/github_projects/avida/work/ecology_test_1_medium_run_12/data/detail-0.spop
ecology_test_1_medium_run_12,ecology_test_1_medium,0,176,2,17600,r,nand,0,0.0,/Users/alinaqvi/Desktop/github_projects/avida/work/ecology_test_1_medium_run_12/data/detail-0.spop
ecology_test_1_medium_run_12,ecology_test_1_medium,0,176,2,17600,s,repro,400,0.022727272727272728,/Users/alinaqvi/Desktop/github_projects/avida/work/ecology_test_1_medium_run_12/data/detail-0.spop
ecology_test_1_medium_run_12,ecology_test_1_medium,0,176,2,17600,t,repro-semel,76,0.004318181818181818,/Users/alinaqvi/Desktop/github_projects/avida/work/ecology_test_1_medium_run_12/data/detail-0.spop
ecology_test_1_medium_run_12,ecology_test_1_medium,0,176,2,17600,u,move,0,0.0,/Users/alinaqvi/Desktop/github_projects/avida/work/ecology_test_1_medium_run_12/data/detail-0.spop
ecology_test_1_medium_run_12,ecology_test_1_medium,0,176,2,17600,v,rotate-left-one,0,0.0,/Users/alinaqvi/Desktop/github_projects/avida/work/ecology_test_1_medium_run_12/data/detail-0.spop
ecology_test_1_medium_run_12,ecology_test_1_medium,0,176,2,17600,w,rotate-right-one,0,0.0,/Users/alinaqvi/Desktop/github_projects/avida/work/ecology_test_1_medium_run_12/data/detail-0.spop
ecology_test_1_medium_run_12,ecology_test_1_medium,0,176,2,17600,x,sense-resource0,0,0.0,/Users/alinaqvi/Desktop/github_projects/avida/work/ecology_test_1_medium_run_12/data/detail-0.spop
ecology_test_1_medium_run_12,ecology_test_1_medium,0,176,2,17600,y,sense-faced-resource0,0,0.0,/Users/alinaqvi/Desktop/github_projects/avida/work/ecology_test_1_medium_run_12/data/detail-0.spop
ecology_test_1_medium_run_13,ecology_test_1_medium,0,182,2,18200,a,nop-B,0,0.0,/Users/alinaqvi/Desktop/github_projects/avida/work/ecology_test_1_medium_run_13/data/detail-0.spop
ecology_test_1_medium_run_13,ecology_test_1_medium,0,182,2,18200,b,nop-C,17718,0.9735164835164836,/Users/alinaqvi/Desktop/github_projects/avida/work/ecology_test_1_medium_run_13/data/detail-0.spop
ecology_test_1_medium_run_13,ecology_test_1_medium,0,182,2,18200,c,if-n-equ,0,0.0,/Users/alinaqvi/Desktop/github_projects/avida/work/ecology_test_1_medium_run_13/data/detail-0.spop
ecology_test_1_medium_run_13,ecology_test_1_medium,0,182,2,18200,d,if-less,0,0.0,/Users/alinaqvi/Desktop/github_projects/avida/work/ecology_test_1_medium_run_13/data/detail-0.spop
ecology_test_1_medium_run_13,ecology_test_1_medium,0,182,2,18200,e,if-not-0,0,0.0,/Users/alinaqvi/Desktop/github_projects/avida/work/ecology_test_1_medium_run_13/data/detail-0.spop
ecology_test_1_medium_run_13,ecology_test_1_medium,0,182,2,18200,f,if-les-0,0,0.0,/Users/alinaqvi/Desktop/github_projects/avida/work/ecology_test_1_medium_run_13/data/detail-0.spop
ecology_test_1_medium_run_13,ecology_test_1_medium,0,182,2,18200,g,if-grt-0,0,0.0,/Users/alinaqvi/Desktop/github_projects/avida/work/ecology_test_1_medium_run_13/data/detail-0.spop
ecology_test_1_medium_run_13,ecology_test_1_medium,0,182,2,18200,h,if-label,0,0.0,/Users/alinaqvi/Desktop/github_projects/avida/work/ecology_test_1_medium_run_13/data/detail-0.spop
ecology_test_1_medium_run_13,ecology_test_1_medium,0,182,2,18200,i,zero,0,0.0,/Users/alinaqvi/Desktop/github_projects/avida/work/ecology_test_1_medium_run_13/data/detail-0.spop
ecology_test_1_medium_run_13,ecology_test_1_medium,0,182,2,18200,j,inc,0,0.0,/Users/alinaqvi/Desktop/github_projects/avida/work/ecology_test_1_medium_run_13/data/detail-0.spop
ecology_test_1_medium_run_13,ecology_test_1_medium,0,182,2,18200,k,dec,0,0.0,/Users/alinaqvi/Desktop/github_projects/avida/work/ecology_test_1_medium_run_13/data/detail-0.spop
ecology_test_1_medium_run_13,ecology_test_1_medium,0,182,2,18200,l,push,0,0.0,/Users/alinaqvi/Desktop/github_projects/avida/work/ecology_test_1_medium_run_13/data/detail-0.spop
ecology_test_1_medium_run_13,ecology_test_1_medium,0,182,2,18200,m,pop,0,0.0,/Users/alinaqvi/Desktop/github_projects/avida/work/ecology_test_1_medium_run_13/data/detail-0.spop
ecology_test_1_medium_run_13,ecology_test_1_medium,0,182,2,18200,n,swap-stk,0,0.0,/Users/alinaqvi/Desktop/github_projects/avida/work/ecology_test_1_medium_run_13/data/detail-0.spop
ecology_test_1_medium_run_13,ecology_test_1_medium,0,182,2,18200,o,swap,0,0.0,/Users/alinaqvi/Desktop/github_projects/avida/work/ecology_test_1_medium_run_13/data/detail-0.spop
ecology_test_1_medium_run_13,ecology_test_1_medium,0,182,2,18200,p,add,0,0.0,/Users/alinaqvi/Desktop/github_projects/avida/work/ecology_test_1_medium_run_13/data/detail-0.spop
ecology_test_1_medium_run_13,ecology_test_1_medium,0,182,2,18200,q,sub,0,0.0,/Users/alinaqvi/Desktop/github_projects/avida/work/ecology_test_1_medium_run_13/data/detail-0.spop
ecology_test_1_medium_run_13,ecology_test_1_medium,0,182,2,18200,r,nand,0,0.0,/Users/alinaqvi/Desktop/github_projects/avida/work/ecology_test_1_medium_run_13/data/detail-0.spop
ecology_test_1_medium_run_13,ecology_test_1_medium,0,182,2,18200,s,repro,400,0.02197802197802198,/Users/alinaqvi/Desktop/github_projects/avida/work/ecology_test_1_medium_run_13/data/detail-0.spop
ecology_test_1_medium_run_13,ecology_test_1_medium,0,182,2,18200,t,repro-semel,82,0.004505494505494505,/Users/alinaqvi/Desktop/github_projects/avida/work/ecology_test_1_medium_run_13/data/detail-0.spop
ecology_test_1_medium_run_13,ecology_test_1_medium,0,182,2,18200,u,move,0,0.0,/Users/alinaqvi/Desktop/github_projects/avida/work/ecology_test_1_medium_run_13/data/detail-0.spop
ecology_test_1_medium_run_13,ecology_test_1_medium,0,182,2,18200,v,rotate-left-one,0,0.0,/Users/alinaqvi/Desktop/github_projects/avida/work/ecology_test_1_medium_run_13/data/detail-0.spop
ecology_test_1_medium_run_13,ecology_test_1_medium,0,182,2,18200,w,rotate-right-one,0,0.0,/Users/alinaqvi/Desktop/github_projects/avida/work/ecology_test_1_medium_run_13/data/detail-0.spop
ecology_test_1_medium_run_13,ecology_test_1_medium,0,182,2,18200,x,sense-resource0,0,0.0,/Users/alinaqvi/Desktop/github_projects/avida/work/ecology_test_1_medium_run_13/data/detail-0.spop
ecology_test_1_medium_run_13,ecology_test_1_medium,0,182,2,18200,y,sense-faced-resource0,0,0.0,/Users/alinaqvi/Desktop/github_projects/avida/work/ecology_test_1_medium_run_13/data/detail-0.spop
ecology_test_1_medium_run_14,ecology_test_1_medium,0,172,2,17200,a,nop-B,0,0.0,/Users/alinaqvi/Desktop/github_projects/avida/work/ecology_test_1_medium_run_14/data/detail-0.spop
ecology_test_1_medium_run_14,ecology_test_1_medium,0,172,2,17200,b,nop-C,16728,0.9725581395348837,/Users/alinaqvi/Desktop/github_projects/avida/work/ecology_test_1_medium_run_14/data/detail-0.spop
ecology_test_1_medium_run_14,ecology_test_1_medium,0,172,2,17200,c,if-n-equ,0,0.0,/Users/alinaqvi/Desktop/github_projects/avida/work/ecology_test_1_medium_run_14/data/detail-0.spop
ecology_test_1_medium_run_14,ecology_test_1_medium,0,172,2,17200,d,if-less,0,0.0,/Users/alinaqvi/Desktop/github_projects/avida/work/ecology_test_1_medium_run_14/data/detail-0.spop
ecology_test_1_medium_run_14,ecology_test_1_medium,0,172,2,17200,e,if-not-0,0,0.0,/Users/alinaqvi/Desktop/github_projects/avida/work/ecology_test_1_medium_run_14/data/detail-0.spop
ecology_test_1_medium_run_14,ecology_test_1_medium,0,172,2,17200,f,if-les-0,0,0.0,/Users/alinaqvi/Desktop/github_projects/avida/work/ecology_test_1_medium_run_14/data/detail-0.spop
ecology_test_1_medium_run_14,ecology_test_1_medium,0,172,2,17200,g,if-grt-0,0,0.0,/Users/alinaqvi/Desktop/github_projects/avida/work/ecology_test_1_medium_run_14/data/detail-0.spop
ecology_test_1_medium_run_14,ecology_test_1_medium,0,172,2,17200,h,if-label,0,0.0,/Users/alinaqvi/Desktop/github_projects/avida/work/ecology_test_1_medium_run_14/data/detail-0.spop
ecology_test_1_medium_run_14,ecology_test_1_medium,0,172,2,17200,i,zero,0,0.0,/Users/alinaqvi/Desktop/github_projects/avida/work/ecology_test_1_medium_run_14/data/detail-0.spop
ecology_test_1_medium_run_14,ecology_test_1_medium,0,172,2,17200,j,inc,0,0.0,/Users/alinaqvi/Desktop/github_projects/avida/work/ecology_test_1_medium_run_14/data/detail-0.spop
ecology_test_1_medium_run_14,ecology_test_1_medium,0,172,2,17200,k,dec,0,0.0,/Users/alinaqvi/Desktop/github_projects/avida/work/ecology_test_1_medium_run_14/data/detail-0.spop
ecology_test_1_medium_run_14,ecology_test_1_medium,0,172,2,17200,l,push,0,0.0,/Users/alinaqvi/Desktop/github_projects/avida/work/ecology_test_1_medium_run_14/data/detail-0.spop
ecology_test_1_medium_run_14,ecology_test_1_medium,0,172,2,17200,m,pop,0,0.0,/Users/alinaqvi/Desktop/github_projects/avida/work/ecology_test_1_medium_run_14/data/detail-0.spop
ecology_test_1_medium_run_14,ecology_test_1_medium,0,172,2,17200,n,swap-stk,0,0.0,/Users/alinaqvi/Desktop/github_projects/avida/work/ecology_test_1_medium_run_14/data/detail-0.spop
ecology_test_1_medium_run_14,ecology_test_1_medium,0,172,2,17200,o,swap,0,0.0,/Users/alinaqvi/Desktop/github_projects/avida/work/ecology_test_1_medium_run_14/data/detail-0.spop
ecology_test_1_medium_run_14,ecology_test_1_medium,0,172,2,17200,p,add,0,0.0,/Users/alinaqvi/Desktop/github_projects/avida/work/ecology_test_1_medium_run_14/data/detail-0.spop
ecology_test_1_medium_run_14,ecology_test_1_medium,0,172,2,17200,q,sub,0,0.0,/Users/alinaqvi/Desktop/github_projects/avida/work/ecology_test_1_medium_run_14/data/detail-0.spop
ecology_test_1_medium_run_14,ecology_test_1_medium,0,172,2,17200,r,nand,0,0.0,/Users/alinaqvi/Desktop/github_projects/avida/work/ecology_test_1_medium_run_14/data/detail-0.spop
ecology_test_1_medium_run_14,ecology_test_1_medium,0,172,2,17200,s,repro,400,0.023255813953488372,/Users/alinaqvi/Desktop/github_projects/avida/work/ecology_test_1_medium_run_14/data/detail-0.spop
ecology_test_1_medium_run_14,ecology_test_1_medium,0,172,2,17200,t,repro-semel,72,0.004186046511627907,/Users/alinaqvi/Desktop/github_projects/avida/work/ecology_test_1_medium_run_14/data/detail-0.spop
ecology_test_1_medium_run_14,ecology_test_1_medium,0,172,2,17200,u,move,0,0.0,/Users/alinaqvi/Desktop/github_projects/avida/work/ecology_test_1_medium_run_14/data/detail-0.spop
ecology_test_1_medium_run_14,ecology_test_1_medium,0,172,2,17200,v,rotate-left-one,0,0.0,/Users/alinaqvi/Desktop/github_projects/avida/work/ecology_test_1_medium_run_14/data/detail-0.spop
ecology_test_1_medium_run_14,ecology_test_1_medium,0,172,2,17200,w,rotate-right-one,0,0.0,/Users/alinaqvi/Desktop/github_projects/avida/work/ecology_test_1_medium_run_14/data/detail-0.spop
ecology_test_1_medium_run_14,ecology_test_1_medium,0,172,2,17200,x,sense-resource0,0,0.0,/Users/alinaqvi/Desktop/github_projects/avida/work/ecology_test_1_medium_run_14/data/detail-0.spop
ecology_test_1_medium_run_14,ecology_test_1_medium,0,172,2,17200,y,sense-faced-resource0,0,0.0,/Users/alinaqvi/Desktop/github_projects/avida/work/ecology_test_1_medium_run_14/data/detail-0.spop
ecology_test_1_medium_run_15,ecology_test_1_medium,15127,1813,189,181300,a,nop-B,2421,0.013353557639271926,/Users/alinaqvi/Desktop/github_projects/avida/work/ecology_test_1_medium_run_15/data/detail-15127.spop
ecology_test_1_medium_run_15,ecology_test_1_medium,15127,1813,189,181300,b,nop-C,136803,0.7545670159955874,/Users/alinaqvi/Desktop/github_projects/avida/work/ecology_test_1_medium_run_15/data/detail-15127.spop
ecology_test_1_medium_run_15,ecology_test_1_medium,15127,1813,189,181300,c,if-n-equ,431,0.0023772752344180916,/Users/alinaqvi/Desktop/github_projects/avida/work/ecology_test_1_medium_run_15/data/detail-15127.spop
ecology_test_1_medium_run_15,ecology_test_1_medium,15127,1813,189,181300,d,if-less,612,0.003375620518477661,/Users/alinaqvi/Desktop/github_projects/avida/work/ecology_test_1_medium_run_15/data/detail-15127.spop
ecology_test_1_medium_run_15,ecology_test_1_medium,15127,1813,189,181300,e,if-not-0,2118,0.011682294539437397,/Users/alinaqvi/Desktop/github_projects/avida/work/ecology_test_1_medium_run_15/data/detail-15127.spop
ecology_test_1_medium_run_15,ecology_test_1_medium,15127,1813,189,181300,f,if-les-0,2793,0.015405405405405406,/Users/alinaqvi/Desktop/github_projects/avida/work/ecology_test_1_medium_run_15/data/detail-15127.spop
ecology_test_1_medium_run_15,ecology_test_1_medium,15127,1813,189,181300,g,if-grt-0,3976,0.02193050193050193,/Users/alinaqvi/Desktop/github_projects/avida/work/ecology_test_1_medium_run_15/data/detail-15127.spop
ecology_test_1_medium_run_15,ecology_test_1_medium,15127,1813,189,181300,h,if-label,1921,0.010595697738554882,/Users/alinaqvi/Desktop/github_projects/avida/work/ecology_test_1_medium_run_15/data/detail-15127.spop
ecology_test_1_medium_run_15,ecology_test_1_medium,15127,1813,189,181300,i,zero,2079,0.011467181467181467,/Users/alinaqvi/Desktop/github_projects/avida/work/ecology_test_1_medium_run_15/data/detail-15127.spop
ecology_test_1_medium_run_15,ecology_test_1_medium,15127,1813,189,181300,j,inc,499,0.0027523441809156096,/Users/alinaqvi/Desktop/github_projects/avida/work/ecology_test_1_medium_run_15/data/detail-15127.spop
ecology_test_1_medium_run_15,ecology_test_1_medium,15127,1813,189,181300,k,dec,1171,0.0064589078874793164,/Users/alinaqvi/Desktop/github_projects/avida/work/ecology_test_1_medium_run_15/data/detail-15127.spop
ecology_test_1_medium_run_15,ecology_test_1_medium,15127,1813,189,181300,l,push,4272,0.02356315499172642,/Users/alinaqvi/Desktop/github_projects/avida/work/ecology_test_1_medium_run_15/data/detail-15127.spop
ecology_test_1_medium_run_15,ecology_test_1_medium,15127,1813,189,181300,m,pop,300,0.001654715940430226,/Users/alinaqvi/Desktop/github_projects/avida/work/ecology_test_1_medium_run_15/data/detail-15127.spop
ecology_test_1_medium_run_15,ecology_test_1_medium,15127,1813,189,181300,n,swap-stk,90,0.0004964147821290678,/Users/alinaqvi/Desktop/github_projects/avida/work/ecology_test_1_medium_run_15/data/detail-15127.spop
ecology_test_1_medium_run_15,ecology_test_1_medium,15127,1813,189,181300,o,swap,1273,0.007021511307225593,/Users/alinaqvi/Desktop/github_projects/avida/work/ecology_test_1_medium_run_15/data/detail-15127.spop
ecology_test_1_medium_run_15,ecology_test_1_medium,15127,1813,189,181300,p,add,486,0.002680639823496966,/Users/alinaqvi/Desktop/github_projects/avida/work/ecology_test_1_medium_run_15/data/detail-15127.spop
ecology_test_1_medium_run_15,ecology_test_1_medium,15127,1813,189,181300,q,sub,353,0.0019470490899062328,/Users/alinaqvi/Desktop/github_projects/avida/work/ecology_test_1_medium_run_15/data/detail-15127.spop
ecology_test_1_medium_run_15,ecology_test_1_medium,15127,1813,189,181300,r,nand,1261,0.006955322669608384,/Users/alinaqvi/Desktop/github_projects/avida/work/ecology_test_1_medium_run_15/data/detail-15127.spop
ecology_test_1_medium_run_15,ecology_test_1_medium,15127,1813,189,181300,s,repro,9268,0.05111969111969112,/Users/alinaqvi/Desktop/github_projects/avida/work/ecology_test_1_medium_run_15/data/detail-15127.spop
ecology_test_1_medium_run_15,ecology_test_1_medium,15127,1813,189,181300,t,repro-semel,40,0.0002206287920573635,/Users/alinaqvi/Desktop/github_projects/avida/work/ecology_test_1_medium_run_15/data/detail-15127.spop
ecology_test_1_medium_run_15,ecology_test_1_medium,15127,1813,189,181300,u,move,3173,0.017501378929950358,/Users/alinaqvi/Desktop/github_projects/avida/work/ecology_test_1_medium_run_15/data/detail-15127.spop
ecology_test_1_medium_run_15,ecology_test_1_medium,15127,1813,189,181300,v,rotate-left-one,1480,0.00816326530612245,/Users/alinaqvi/Desktop/github_projects/avida/work/ecology_test_1_medium_run_15/data/detail-15127.spop
ecology_test_1_medium_run_15,ecology_test_1_medium,15127,1813,189,181300,w,rotate-right-one,305,0.0016822945394373966,/Users/alinaqvi/Desktop/github_projects/avida/work/ecology_test_1_medium_run_15/data/detail-15127.spop
ecology_test_1_medium_run_15,ecology_test_1_medium,15127,1813,189,181300,x,sense-resource0,51,0.00028130170987313843,/Users/alinaqvi/Desktop/github_projects/avida/work/ecology_test_1_medium_run_15/data/detail-15127.spop
ecology_test_1_medium_run_15,ecology_test_1_medium,15127,1813,189,181300,y,sense-faced-resource0,4124,0.022746828461114175,/Users/alinaqvi/Desktop/github_projects/avida/work/ecology_test_1_medium_run_15/data/detail-15127.spop
ecology_test_1_medium_run_16,ecology_test_1_medium,0,182,2,18200,a,nop-B,0,0.0,/Users/alinaqvi/Desktop/github_projects/avida/work/ecology_test_1_medium_run_16/data/detail-0.spop
ecology_test_1_medium_run_16,ecology_test_1_medium,0,182,2,18200,b,nop-C,17718,0.9735164835164836,/Users/alinaqvi/Desktop/github_projects/avida/work/ecology_test_1_medium_run_16/data/detail-0.spop
ecology_test_1_medium_run_16,ecology_test_1_medium,0,182,2,18200,c,if-n-equ,0,0.0,/Users/alinaqvi/Desktop/github_projects/avida/work/ecology_test_1_medium_run_16/data/detail-0.spop
ecology_test_1_medium_run_16,ecology_test_1_medium,0,182,2,18200,d,if-less,0,0.0,/Users/alinaqvi/Desktop/github_projects/avida/work/ecology_test_1_medium_run_16/data/detail-0.spop
ecology_test_1_medium_run_16,ecology_test_1_medium,0,182,2,18200,e,if-not-0,0,0.0,/Users/alinaqvi/Desktop/github_projects/avida/work/ecology_test_1_medium_run_16/data/detail-0.spop
ecology_test_1_medium_run_16,ecology_test_1_medium,0,182,2,18200,f,if-les-0,0,0.0,/Users/alinaqvi/Desktop/github_projects/avida/work/ecology_test_1_medium_run_16/data/detail-0.spop
ecology_test_1_medium_run_16,ecology_test_1_medium,0,182,2,18200,g,if-grt-0,0,0.0,/Users/alinaqvi/Desktop/github_projects/avida/work/ecology_test_1_medium_run_16/data/detail-0.spop
ecology_test_1_medium_run_16,ecology_test_1_medium,0,182,2,18200,h,if-label,0,0.0,/Users/alinaqvi/Desktop/github_projects/avida/work/ecology_test_1_medium_run_16/data/detail-0.spop
ecology_test_1_medium_run_16,ecology_test_1_medium,0,182,2,18200,i,zero,0,0.0,/Users/alinaqvi/Desktop/github_projects/avida/work/ecology_test_1_medium_run_16/data/detail-0.spop
ecology_test_1_medium_run_16,ecology_test_1_medium,0,182,2,18200,j,inc,0,0.0,/Users/alinaqvi/Desktop/github_projects/avida/work/ecology_test_1_medium_run_16/data/detail-0.spop
ecology_test_1_medium_run_16,ecology_test_1_medium,0,182,2,18200,k,dec,0,0.0,/Users/alinaqvi/Desktop/github_projects/avida/work/ecology_test_1_medium_run_16/data/detail-0.spop
ecology_test_1_medium_run_16,ecology_test_1_medium,0,182,2,18200,l,push,0,0.0,/Users/alinaqvi/Desktop/github_projects/avida/work/ecology_test_1_medium_run_16/data/detail-0.spop
ecology_test_1_medium_run_16,ecology_test_1_medium,0,182,2,18200,m,pop,0,0.0,/Users/alinaqvi/Desktop/github_projects/avida/work/ecology_test_1_medium_run_16/data/detail-0.spop
ecology_test_1_medium_run_16,ecology_test_1_medium,0,182,2,18200,n,swap-stk,0,0.0,/Users/alinaqvi/Desktop/github_projects/avida/work/ecology_test_1_medium_run_16/data/detail-0.spop
ecology_test_1_medium_run_16,ecology_test_1_medium,0,182,2,18200,o,swap,0,0.0,/Users/alinaqvi/Desktop/github_projects/avida/work/ecology_test_1_medium_run_16/data/detail-0.spop
ecology_test_1_medium_run_16,ecology_test_1_medium,0,182,2,18200,p,add,0,0.0,/Users/alinaqvi/Desktop/github_projects/avida/work/ecology_test_1_medium_run_16/data/detail-0.spop
ecology_test_1_medium_run_16,ecology_test_1_medium,0,182,2,18200,q,sub,0,0.0,/Users/alinaqvi/Desktop/github_projects/avida/work/ecology_test_1_medium_run_16/data/detail-0.spop
ecology_test_1_medium_run_16,ecology_test_1_medium,0,182,2,18200,r,nand,0,0.0,/Users/alinaqvi/Desktop/github_projects/avida/work/ecology_test_1_medium_run_16/data/detail-0.spop
ecology_test_1_medium_run_16,ecology_test_1_medium,0,182,2,18200,s,repro,400,0.02197802197802198,/Users/alinaqvi/Desktop/github_projects/avida/work/ecology_test_1_medium_run_16/data/detail-0.spop
ecology_test_1_medium_run_16,ecology_test_1_medium,0,182,2,18200,t,repro-semel,82,0.004505494505494505,/Users/alinaqvi/Desktop/github_projects/avida/work/ecology_test_1_medium_run_16/data/detail-0.spop
ecology_test_1_medium_run_16,ecology_test_1_medium,0,182,2,18200,u,move,0,0.0,/Users/alinaqvi/Desktop/github_projects/avida/work/ecology_test_1_medium_run_16/data/detail-0.spop
ecology_test_1_medium_run_16,ecology_test_1_medium,0,182,2,18200,v,rotate-left-one,0,0.0,/Users/alinaqvi/Desktop/github_projects/avida/work/ecology_test_1_medium_run_16/data/detail-0.spop
ecology_test_1_medium_run_16,ecology_test_1_medium,0,182,2,18200,w,rotate-right-one,0,0.0,/Users/alinaqvi/Desktop/github_projects/avida/work/ecology_test_1_medium_run_16/data/detail-0.spop
ecology_test_1_medium_run_16,ecology_test_1_medium,0,182,2,18200,x,sense-resource0,0,0.0,/Users/alinaqvi/Desktop/github_projects/avida/work/ecology_test_1_medium_run_16/data/detail-0.spop
ecology_test_1_medium_run_16,ecology_test_1_medium,0,182,2,18200,y,sense-faced-resource0,0,0.0,/Users/alinaqvi/Desktop/github_projects/avida/work/ecology_test_1_medium_run_16/data/detail-0.spop
ecology_test_1_medium_run_17,ecology_test_1_medium,0,176,2,17600,a,nop-B,0,0.0,/Users/alinaqvi/Desktop/github_projects/avida/work/ecology_test_1_medium_run_17/data/detail-0.spop
ecology_test_1_medium_run_17,ecology_test_1_medium,0,176,2,17600,b,nop-C,17124,0.9729545454545454,/Users/alinaqvi/Desktop/github_projects/avida/work/ecology_test_1_medium_run_17/data/detail-0.spop
ecology_test_1_medium_run_17,ecology_test_1_medium,0,176,2,17600,c,if-n-equ,0,0.0,/Users/alinaqvi/Desktop/github_projects/avida/work/ecology_test_1_medium_run_17/data/detail-0.spop
ecology_test_1_medium_run_17,ecology_test_1_medium,0,176,2,17600,d,if-less,0,0.0,/Users/alinaqvi/Desktop/github_projects/avida/work/ecology_test_1_medium_run_17/data/detail-0.spop
ecology_test_1_medium_run_17,ecology_test_1_medium,0,176,2,17600,e,if-not-0,0,0.0,/Users/alinaqvi/Desktop/github_projects/avida/work/ecology_test_1_medium_run_17/data/detail-0.spop
ecology_test_1_medium_run_17,ecology_test_1_medium,0,176,2,17600,f,if-les-0,0,0.0,/Users/alinaqvi/Desktop/github_projects/avida/work/ecology_test_1_medium_run_17/data/detail-0.spop
ecology_test_1_medium_run_17,ecology_test_1_medium,0,176,2,17600,g,if-grt-0,0,0.0,/Users/alinaqvi/Desktop/github_projects/avida/work/ecology_test_1_medium_run_17/data/detail-0.spop
ecology_test_1_medium_run_17,ecology_test_1_medium,0,176,2,17600,h,if-label,0,0.0,/Users/alinaqvi/Desktop/github_projects/avida/work/ecology_test_1_medium_run_17/data/detail-0.spop
ecology_test_1_medium_run_17,ecology_test_1_medium,0,176,2,17600,i,zero,0,0.0,/Users/alinaqvi/Desktop/github_projects/avida/work/ecology_test_1_medium_run_17/data/detail-0.spop
ecology_test_1_medium_run_17,ecology_test_1_medium,0,176,2,17600,j,inc,0,0.0,/Users/alinaqvi/Desktop/github_projects/avida/work/ecology_test_1_medium_run_17/data/detail-0.spop
ecology_test_1_medium_run_17,ecology_test_1_medium,0,176,2,17600,k,dec,0,0.0,/Users/alinaqvi/Desktop/github_projects/avida/work/ecology_test_1_medium_run_17/data/detail-0.spop
ecology_test_1_medium_run_17,ecology_test_1_medium,0,176,2,17600,l,push,0,0.0,/Users/alinaqvi/Desktop/github_projects/avida/work/ecology_test_1_medium_run_17/data/detail-0.spop
ecology_test_1_medium_run_17,ecology_test_1_medium,0,176,2,17600,m,pop,0,0.0,/Users/alinaqvi/Desktop/github_projects/avida/work/ecology_test_1_medium_run_17/data/detail-0.spop
ecology_test_1_medium_run_17,ecology_test_1_medium,0,176,2,17600,n,swap-stk,0,0.0,/Users/alinaqvi/Desktop/github_projects/avida/work/ecology_test_1_medium_run_17/data/detail-0.spop
ecology_test_1_medium_run_17,ecology_test_1_medium,0,176,2,17600,o,swap,0,0.0,/Users/alinaqvi/Desktop/github_projects/avida/work/ecology_test_1_medium_run_17/data/detail-0.spop
ecology_test_1_medium_run_17,ecology_test_1_medium,0,176,2,17600,p,add,0,0.0,/Users/alinaqvi/Desktop/github_projects/avida/work/ecology_test_1_medium_run_17/data/detail-0.spop
ecology_test_1_medium_run_17,ecology_test_1_medium,0,176,2,17600,q,sub,0,0.0,/Users/alinaqvi/Desktop/github_projects/avida/work/ecology_test_1_medium_run_17/data/detail-0.spop
ecology_test_1_medium_run_17,ecology_test_1_medium,0,176,2,17600,r,nand,0,0.0,/Users/alinaqvi/Desktop/github_projects/avida/work/ecology_test_1_medium_run_17/data/detail-0.spop
ecology_test_1_medium_run_17,ecology_test_1_medium,0,176,2,17600,s,repro,400,0.022727272727272728,/Users/alinaqvi/Desktop/github_projects/avida/work/ecology_test_1_medium_run_17/data/detail-0.spop
ecology_test_1_medium_run_17,ecology_test_1_medium,0,176,2,17600,t,repro-semel,76,0.004318181818181818,/Users/alinaqvi/Desktop/github_projects/avida/work/ecology_test_1_medium_run_17/data/detail-0.spop
ecology_test_1_medium_run_17,ecology_test_1_medium,0,176,2,17600,u,move,0,0.0,/Users/alinaqvi/Desktop/github_projects/avida/work/ecology_test_1_medium_run_17/data/detail-0.spop
ecology_test_1_medium_run_17,ecology_test_1_medium,0,176,2,17600,v,rotate-left-one,0,0.0,/Users/alinaqvi/Desktop/github_projects/avida/work/ecology_test_1_medium_run_17/data/detail-0.spop
ecology_test_1_medium_run_17,ecology_test_1_medium,0,176,2,17600,w,rotate-right-one,0,0.0,/Users/alinaqvi/Desktop/github_projects/avida/work/ecology_test_1_medium_run_17/data/detail-0.spop
ecology_test_1_medium_run_17,ecology_test_1_medium,0,176,2,17600,x,sense-resource0,0,0.0,/Users/alinaqvi/Desktop/github_projects/avida/work/ecology_test_1_medium_run_17/data/detail-0.spop
ecology_test_1_medium_run_17,ecology_test_1_medium,0,176,2,17600,y,sense-faced-resource0,0,0.0,/Users/alinaqvi/Desktop/github_projects/avida/work/ecology_test_1_medium_run_17/data/detail-0.spop
ecology_test_1_medium_run_18,ecology_test_1_medium,0,166,2,16600,a,nop-B,0,0.0,/Users/alinaqvi/Desktop/github_projects/avida/work/ecology_test_1_medium_run_18/data/detail-0.spop
ecology_test_1_medium_run_18,ecology_test_1_medium,0,166,2,16600,b,nop-C,16134,0.9719277108433735,/Users/alinaqvi/Desktop/github_projects/avida/work/ecology_test_1_medium_run_18/data/detail-0.spop
ecology_test_1_medium_run_18,ecology_test_1_medium,0,166,2,16600,c,if-n-equ,0,0.0,/Users/alinaqvi/Desktop/github_projects/avida/work/ecology_test_1_medium_run_18/data/detail-0.spop
ecology_test_1_medium_run_18,ecology_test_1_medium,0,166,2,16600,d,if-less,0,0.0,/Users/alinaqvi/Desktop/github_projects/avida/work/ecology_test_1_medium_run_18/data/detail-0.spop
ecology_test_1_medium_run_18,ecology_test_1_medium,0,166,2,16600,e,if-not-0,0,0.0,/Users/alinaqvi/Desktop/github_projects/avida/work/ecology_test_1_medium_run_18/data/detail-0.spop
ecology_test_1_medium_run_18,ecology_test_1_medium,0,166,2,16600,f,if-les-0,0,0.0,/Users/alinaqvi/Desktop/github_projects/avida/work/ecology_test_1_medium_run_18/data/detail-0.spop
ecology_test_1_medium_run_18,ecology_test_1_medium,0,166,2,16600,g,if-grt-0,0,0.0,/Users/alinaqvi/Desktop/github_projects/avida/work/ecology_test_1_medium_run_18/data/detail-0.spop
ecology_test_1_medium_run_18,ecology_test_1_medium,0,166,2,16600,h,if-label,0,0.0,/Users/alinaqvi/Desktop/github_projects/avida/work/ecology_test_1_medium_run_18/data/detail-0.spop
ecology_test_1_medium_run_18,ecology_test_1_medium,0,166,2,16600,i,zero,0,0.0,/Users/alinaqvi/Desktop/github_projects/avida/work/ecology_test_1_medium_run_18/data/detail-0.spop
ecology_test_1_medium_run_18,ecology_test_1_medium,0,166,2,16600,j,inc,0,0.0,/Users/alinaqvi/Desktop/github_projects/avida/work/ecology_test_1_medium_run_18/data/detail-0.spop
ecology_test_1_medium_run_18,ecology_test_1_medium,0,166,2,16600,k,dec,0,0.0,/Users/alinaqvi/Desktop/github_projects/avida/work/ecology_test_1_medium_run_18/data/detail-0.spop
ecology_test_1_medium_run_18,ecology_test_1_medium,0,166,2,16600,l,push,0,0.0,/Users/alinaqvi/Desktop/github_projects/avida/work/ecology_test_1_medium_run_18/data/detail-0.spop
ecology_test_1_medium_run_18,ecology_test_1_medium,0,166,2,16600,m,pop,0,0.0,/Users/alinaqvi/Desktop/github_projects/avida/work/ecology_test_1_medium_run_18/data/detail-0.spop
ecology_test_1_medium_run_18,ecology_test_1_medium,0,166,2,16600,n,swap-stk,0,0.0,/Users/alinaqvi/Desktop/github_projects/avida/work/ecology_test_1_medium_run_18/data/detail-0.spop
ecology_test_1_medium_run_18,ecology_test_1_medium,0,166,2,16600,o,swap,0,0.0,/Users/alinaqvi/Desktop/github_projects/avida/work/ecology_test_1_medium_run_18/data/detail-0.spop
ecology_test_1_medium_run_18,ecology_test_1_medium,0,166,2,16600,p,add,0,0.0,/Users/alinaqvi/Desktop/github_projects/avida/work/ecology_test_1_medium_run_18/data/detail-0.spop
ecology_test_1_medium_run_18,ecology_test_1_medium,0,166,2,16600,q,sub,0,0.0,/Users/alinaqvi/Desktop/github_projects/avida/work/ecology_test_1_medium_run_18/data/detail-0.spop
ecology_test_1_medium_run_18,ecology_test_1_medium,0,166,2,16600,r,nand,0,0.0,/Users/alinaqvi/Desktop/github_projects/avida/work/ecology_test_1_medium_run_18/data/detail-0.spop
ecology_test_1_medium_run_18,ecology_test_1_medium,0,166,2,16600,s,repro,400,0.024096385542168676,/Users/alinaqvi/Desktop/github_projects/avida/work/ecology_test_1_medium_run_18/data/detail-0.spop
ecology_test_1_medium_run_18,ecology_test_1_medium,0,166,2,16600,t,repro-semel,66,0.003975903614457831,/Users/alinaqvi/Desktop/github_projects/avida/work/ecology_test_1_medium_run_18/data/detail-0.spop
ecology_test_1_medium_run_18,ecology_test_1_medium,0,166,2,16600,u,move,0,0.0,/Users/alinaqvi/Desktop/github_projects/avida/work/ecology_test_1_medium_run_18/data/detail-0.spop
ecology_test_1_medium_run_18,ecology_test_1_medium,0,166,2,16600,v,rotate-left-one,0,0.0,/Users/alinaqvi/Desktop/github_projects/avida/work/ecology_test_1_medium_run_18/data/detail-0.spop
ecology_test_1_medium_run_18,ecology_test_1_medium,0,166,2,16600,w,rotate-right-one,0,0.0,/Users/alinaqvi/Desktop/github_projects/avida/work/ecology_test_1_medium_run_18/data/detail-0.spop
ecology_test_1_medium_run_18,ecology_test_1_medium,0,166,2,16600,x,sense-resource0,0,0.0,/Users/alinaqvi/Desktop/github_projects/avida/work/ecology_test_1_medium_run_18/data/detail-0.spop
ecology_test_1_medium_run_18,ecology_test_1_medium,0,166,2,16600,y,sense-faced-resource0,0,0.0,/Users/alinaqvi/Desktop/github_projects/avida/work/ecology_test_1_medium_run_18/data/detail-0.spop
ecology_test_1_medium_run_19,ecology_test_1_medium,428024,966,119,96600,a,nop-B,2974,0.030786749482401655,/Users/alinaqvi/Desktop/github_projects/avida/work/ecology_test_1_medium_run_19/data/detail-428024.spop
ecology_test_1_medium_run_19,ecology_test_1_medium,428024,966,119,96600,b,nop-C,23069,0.2388095238095238,/Users/alinaqvi/Desktop/github_projects/avida/work/ecology_test_1_medium_run_19/data/detail-428024.spop
ecology_test_1_medium_run_19,ecology_test_1_medium,428024,966,119,96600,c,if-n-equ,3950,0.04089026915113872,/Users/alinaqvi/Desktop/github_projects/avida/work/ecology_test_1_medium_run_19/data/detail-428024.spop
ecology_test_1_medium_run_19,ecology_test_1_medium,428024,966,119,96600,d,if-less,4340,0.04492753623188406,/Users/alinaqvi/Desktop/github_projects/avida/work/ecology_test_1_medium_run_19/data/detail-428024.spop
ecology_test_1_medium_run_19,ecology_test_1_medium,428024,966,119,96600,e,if-not-0,2873,0.02974120082815735,/Users/alinaqvi/Desktop/github_projects/avida/work/ecology_test_1_medium_run_19/data/detail-428024.spop
ecology_test_1_medium_run_19,ecology_test_1_medium,428024,966,119,96600,f,if-les-0,1057,0.010942028985507246,/Users/alinaqvi/Desktop/github_projects/avida/work/ecology_test_1_medium_run_19/data/detail-428024.spop
ecology_test_1_medium_run_19,ecology_test_1_medium,428024,966,119,96600,g,if-grt-0,2902,0.030041407867494825,/Users/alinaqvi/Desktop/github_projects/avida/work/ecology_test_1_medium_run_19/data/detail-428024.spop
ecology_test_1_medium_run_19,ecology_test_1_medium,428024,966,119,96600,h,if-label,5177,0.053592132505175985,/Users/alinaqvi/Desktop/github_projects/avida/work/ecology_test_1_medium_run_19/data/detail-428024.spop
ecology_test_1_medium_run_19,ecology_test_1_medium,428024,966,119,96600,i,zero,3412,0.03532091097308489,/Users/alinaqvi/Desktop/github_projects/avida/work/ecology_test_1_medium_run_19/data/detail-428024.spop
ecology_test_1_medium_run_19,ecology_test_1_medium,428024,966,119,96600,j,inc,2647,0.027401656314699794,/Users/alinaqvi/Desktop/github_projects/avida/work/ecology_test_1_medium_run_19/data/detail-428024.spop
ecology_test_1_medium_run_19,ecology_test_1_medium,428024,966,119,96600,k,dec,5721,0.05922360248447205,/Users/alinaqvi/Desktop/github_projects/avida/work/ecology_test_1_medium_run_19/data/detail-428024.spop
ecology_test_1_medium_run_19,ecology_test_1_medium,428024,966,119,96600,l,push,4858,0.050289855072463766,/Users/alinaqvi/Desktop/github_projects/avida/work/ecology_test_1_medium_run_19/data/detail-428024.spop
ecology_test_1_medium_run_19,ecology_test_1_medium,428024,966,119,96600,m,pop,2194,0.022712215320910972,/Users/alinaqvi/Desktop/github_projects/avida/work/ecology_test_1_medium_run_19/data/detail-428024.spop
ecology_test_1_medium_run_19,ecology_test_1_medium,428024,966,119,96600,n,swap-stk,1046,0.01082815734989648,/Users/alinaqvi/Desktop/github_projects/avida/work/ecology_test_1_medium_run_19/data/detail-428024.spop
ecology_test_1_medium_run_19,ecology_test_1_medium,428024,966,119,96600,o,swap,2769,0.028664596273291924,/Users/alinaqvi/Desktop/github_projects/avida/work/ecology_test_1_medium_run_19/data/detail-428024.spop
ecology_test_1_medium_run_19,ecology_test_1_medium,428024,966,119,96600,p,add,1986,0.020559006211180123,/Users/alinaqvi/Desktop/github_projects/avida/work/ecology_test_1_medium_run_19/data/detail-428024.spop
ecology_test_1_medium_run_19,ecology_test_1_medium,428024,966,119,96600,q,sub,2347,0.02429606625258799,/Users/alinaqvi/Desktop/github_projects/avida/work/ecology_test_1_medium_run_19/data/detail-428024.spop
ecology_test_1_medium_run_19,ecology_test_1_medium,428024,966,119,96600,r,nand,5049,0.052267080745341615,/Users/alinaqvi/Desktop/github_projects/avida/work/ecology_test_1_medium_run_19/data/detail-428024.spop
ecology_test_1_medium_run_19,ecology_test_1_medium,428024,966,119,96600,s,repro,4075,0.04218426501035197,/Users/alinaqvi/Desktop/github_projects/avida/work/ecology_test_1_medium_run_19/data/detail-428024.spop
ecology_test_1_medium_run_19,ecology_test_1_medium,428024,966,119,96600,t,repro-semel,3758,0.038902691511387165,/Users/alinaqvi/Desktop/github_projects/avida/work/ecology_test_1_medium_run_19/data/detail-428024.spop
ecology_test_1_medium_run_19,ecology_test_1_medium,428024,966,119,96600,u,move,1975,0.02044513457556936,/Users/alinaqvi/Desktop/github_projects/avida/work/ecology_test_1_medium_run_19/data/detail-428024.spop
ecology_test_1_medium_run_19,ecology_test_1_medium,428024,966,119,96600,v,rotate-left-one,4138,0.04283643892339545,/Users/alinaqvi/Desktop/github_projects/avida/work/ecology_test_1_medium_run_19/data/detail-428024.spop
ecology_test_1_medium_run_19,ecology_test_1_medium,428024,966,119,96600,w,rotate-right-one,2050,0.021221532091097308,/Users/alinaqvi/Desktop/github_projects/avida/work/ecology_test_1_medium_run_19/data/detail-428024.spop
ecology_test_1_medium_run_19,ecology_test_1_medium,428024,966,119,96600,x,sense-resource0,1079,0.011169772256728779,/Users/alinaqvi/Desktop/github_projects/avida/work/ecology_test_1_medium_run_19/data/detail-428024.spop
ecology_test_1_medium_run_19,ecology_test_1_medium,428024,966,119,96600,y,sense-faced-resource0,1154,0.011946169772256729,/Users/alinaqvi/Desktop/github_projects/avida/work/ecology_test_1_medium_run_19/data/detail-428024.spop
ecology_test_1_medium_run_20,ecology_test_1_medium,0,177,2,17700,a,nop-B,0,0.0,/Users/alinaqvi/Desktop/github_projects/avida/work/ecology_test_1_medium_run_20/data/detail-0.spop
ecology_test_1_medium_run_20,ecology_test_1_medium,0,177,2,17700,b,nop-C,17223,0.9730508474576272,/Users/alinaqvi/Desktop/github_projects/avida/work/ecology_test_1_medium_run_20/data/detail-0.spop
ecology_test_1_medium_run_20,ecology_test_1_medium,0,177,2,17700,c,if-n-equ,0,0.0,/Users/alinaqvi/Desktop/github_projects/avida/work/ecology_test_1_medium_run_20/data/detail-0.spop
ecology_test_1_medium_run_20,ecology_test_1_medium,0,177,2,17700,d,if-less,0,0.0,/Users/alinaqvi/Desktop/github_projects/avida/work/ecology_test_1_medium_run_20/data/detail-0.spop
ecology_test_1_medium_run_20,ecology_test_1_medium,0,177,2,17700,e,if-not-0,0,0.0,/Users/alinaqvi/Desktop/github_projects/avida/work/ecology_test_1_medium_run_20/data/detail-0.spop
ecology_test_1_medium_run_20,ecology_test_1_medium,0,177,2,17700,f,if-les-0,0,0.0,/Users/alinaqvi/Desktop/github_projects/avida/work/ecology_test_1_medium_run_20/data/detail-0.spop
ecology_test_1_medium_run_20,ecology_test_1_medium,0,177,2,17700,g,if-grt-0,0,0.0,/Users/alinaqvi/Desktop/github_projects/avida/work/ecology_test_1_medium_run_20/data/detail-0.spop
ecology_test_1_medium_run_20,ecology_test_1_medium,0,177,2,17700,h,if-label,0,0.0,/Users/alinaqvi/Desktop/github_projects/avida/work/ecology_test_1_medium_run_20/data/detail-0.spop
ecology_test_1_medium_run_20,ecology_test_1_medium,0,177,2,17700,i,zero,0,0.0,/Users/alinaqvi/Desktop/github_projects/avida/work/ecology_test_1_medium_run_20/data/detail-0.spop
ecology_test_1_medium_run_20,ecology_test_1_medium,0,177,2,17700,j,inc,0,0.0,/Users/alinaqvi/Desktop/github_projects/avida/work/ecology_test_1_medium_run_20/data/detail-0.spop
ecology_test_1_medium_run_20,ecology_test_1_medium,0,177,2,17700,k,dec,0,0.0,/Users/alinaqvi/Desktop/github_projects/avida/work/ecology_test_1_medium_run_20/data/detail-0.spop
ecology_test_1_medium_run_20,ecology_test_1_medium,0,177,2,17700,l,push,0,0.0,/Users/alinaqvi/Desktop/github_projects/avida/work/ecology_test_1_medium_run_20/data/detail-0.spop
ecology_test_1_medium_run_20,ecology_test_1_medium,0,177,2,17700,m,pop,0,0.0,/Users/alinaqvi/Desktop/github_projects/avida/work/ecology_test_1_medium_run_20/data/detail-0.spop
ecology_test_1_medium_run_20,ecology_test_1_medium,0,177,2,17700,n,swap-stk,0,0.0,/Users/alinaqvi/Desktop/github_projects/avida/work/ecology_test_1_medium_run_20/data/detail-0.spop
ecology_test_1_medium_run_20,ecology_test_1_medium,0,177,2,17700,o,swap,0,0.0,/Users/alinaqvi/Desktop/github_projects/avida/work/ecology_test_1_medium_run_20/data/detail-0.spop
ecology_test_1_medium_run_20,ecology_test_1_medium,0,177,2,17700,p,add,0,0.0,/Users/alinaqvi/Desktop/github_projects/avida/work/ecology_test_1_medium_run_20/data/detail-0.spop
ecology_test_1_medium_run_20,ecology_test_1_medium,0,177,2,17700,q,sub,0,0.0,/Users/alinaqvi/Desktop/github_projects/avida/work/ecology_test_1_medium_run_20/data/detail-0.spop
ecology_test_1_medium_run_20,ecology_test_1_medium,0,177,2,17700,r,nand,0,0.0,/Users/alinaqvi/Desktop/github_projects/avida/work/ecology_test_1_medium_run_20/data/detail-0.spop
ecology_test_1_medium_run_20,ecology_test_1_medium,0,177,2,17700,s,repro,400,0.022598870056497175,/Users/alinaqvi/Desktop/github_projects/avida/work/ecology_test_1_medium_run_20/data/detail-0.spop
ecology_test_1_medium_run_20,ecology_test_1_medium,0,177,2,17700,t,repro-semel,77,0.0043502824858757064,/Users/alinaqvi/Desktop/github_projects/avida/work/ecology_test_1_medium_run_20/data/detail-0.spop
ecology_test_1_medium_run_20,ecology_test_1_medium,0,177,2,17700,u,move,0,0.0,/Users/alinaqvi/Desktop/github_projects/avida/work/ecology_test_1_medium_run_20/data/detail-0.spop
ecology_test_1_medium_run_20,ecology_test_1_medium,0,177,2,17700,v,rotate-left-one,0,0.0,/Users/alinaqvi/Desktop/github_projects/avida/work/ecology_test_1_medium_run_20/data/detail-0.spop
ecology_test_1_medium_run_20,ecology_test_1_medium,0,177,2,17700,w,rotate-right-one,0,0.0,/Users/alinaqvi/Desktop/github_projects/avida/work/ecology_test_1_medium_run_20/data/detail-0.spop
ecology_test_1_medium_run_20,ecology_test_1_medium,0,177,2,17700,x,sense-resource0,0,0.0,/Users/alinaqvi/Desktop/github_projects/avida/work/ecology_test_1_medium_run_20/data/detail-0.spop
ecology_test_1_medium_run_20,ecology_test_1_medium,0,177,2,17700,y,sense-faced-resource0,0,0.0,/Users/alinaqvi/Desktop/github_projects/avida/work/ecology_test_1_medium_run_20/data/detail-0.spop
ecology_test_1_slow_run_1,ecology_test_1_slow,0,169,2,16900,a,nop-B,0,0.0,/Users/alinaqvi/Desktop/github_projects/avida/work/ecology_test_1_slow_run_1/data/detail-0.spop
ecology_test_1_slow_run_1,ecology_test_1_slow,0,169,2,16900,b,nop-C,16431,0.9722485207100592,/Users/alinaqvi/Desktop/github_projects/avida/work/ecology_test_1_slow_run_1/data/detail-0.spop
ecology_test_1_slow_run_1,ecology_test_1_slow,0,169,2,16900,c,if-n-equ,0,0.0,/Users/alinaqvi/Desktop/github_projects/avida/work/ecology_test_1_slow_run_1/data/detail-0.spop
ecology_test_1_slow_run_1,ecology_test_1_slow,0,169,2,16900,d,if-less,0,0.0,/Users/alinaqvi/Desktop/github_projects/avida/work/ecology_test_1_slow_run_1/data/detail-0.spop
ecology_test_1_slow_run_1,ecology_test_1_slow,0,169,2,16900,e,if-not-0,0,0.0,/Users/alinaqvi/Desktop/github_projects/avida/work/ecology_test_1_slow_run_1/data/detail-0.spop
ecology_test_1_slow_run_1,ecology_test_1_slow,0,169,2,16900,f,if-les-0,0,0.0,/Users/alinaqvi/Desktop/github_projects/avida/work/ecology_test_1_slow_run_1/data/detail-0.spop
ecology_test_1_slow_run_1,ecology_test_1_slow,0,169,2,16900,g,if-grt-0,0,0.0,/Users/alinaqvi/Desktop/github_projects/avida/work/ecology_test_1_slow_run_1/data/detail-0.spop
ecology_test_1_slow_run_1,ecology_test_1_slow,0,169,2,16900,h,if-label,0,0.0,/Users/alinaqvi/Desktop/github_projects/avida/work/ecology_test_1_slow_run_1/data/detail-0.spop
ecology_test_1_slow_run_1,ecology_test_1_slow,0,169,2,16900,i,zero,0,0.0,/Users/alinaqvi/Desktop/github_projects/avida/work/ecology_test_1_slow_run_1/data/detail-0.spop
ecology_test_1_slow_run_1,ecology_test_1_slow,0,169,2,16900,j,inc,0,0.0,/Users/alinaqvi/Desktop/github_projects/avida/work/ecology_test_1_slow_run_1/data/detail-0.spop
ecology_test_1_slow_run_1,ecology_test_1_slow,0,169,2,16900,k,dec,0,0.0,/Users/alinaqvi/Desktop/github_projects/avida/work/ecology_test_1_slow_run_1/data/detail-0.spop
ecology_test_1_slow_run_1,ecology_test_1_slow,0,169,2,16900,l,push,0,0.0,/Users/alinaqvi/Desktop/github_projects/avida/work/ecology_test_1_slow_run_1/data/detail-0.spop
ecology_test_1_slow_run_1,ecology_test_1_slow,0,169,2,16900,m,pop,0,0.0,/Users/alinaqvi/Desktop/github_projects/avida/work/ecology_test_1_slow_run_1/data/detail-0.spop
ecology_test_1_slow_run_1,ecology_test_1_slow,0,169,2,16900,n,swap-stk,0,0.0,/Users/alinaqvi/Desktop/github_projects/avida/work/ecology_test_1_slow_run_1/data/detail-0.spop
ecology_test_1_slow_run_1,ecology_test_1_slow,0,169,2,16900,o,swap,0,0.0,/Users/alinaqvi/Desktop/github_projects/avida/work/ecology_test_1_slow_run_1/data/detail-0.spop
ecology_test_1_slow_run_1,ecology_test_1_slow,0,169,2,16900,p,add,0,0.0,/Users/alinaqvi/Desktop/github_projects/avida/work/ecology_test_1_slow_run_1/data/detail-0.spop
ecology_test_1_slow_run_1,ecology_test_1_slow,0,169,2,16900,q,sub,0,0.0,/Users/alinaqvi/Desktop/github_projects/avida/work/ecology_test_1_slow_run_1/data/detail-0.spop
ecology_test_1_slow_run_1,ecology_test_1_slow,0,169,2,16900,r,nand,0,0.0,/Users/alinaqvi/Desktop/github_projects/avida/work/ecology_test_1_slow_run_1/data/detail-0.spop
ecology_test_1_slow_run_1,ecology_test_1_slow,0,169,2,16900,s,repro,400,0.023668639053254437,/Users/alinaqvi/Desktop/github_projects/avida/work/ecology_test_1_slow_run_1/data/detail-0.spop
ecology_test_1_slow_run_1,ecology_test_1_slow,0,169,2,16900,t,repro-semel,69,0.004082840236686391,/Users/alinaqvi/Desktop/github_projects/avida/work/ecology_test_1_slow_run_1/data/detail-0.spop
ecology_test_1_slow_run_1,ecology_test_1_slow,0,169,2,16900,u,move,0,0.0,/Users/alinaqvi/Desktop/github_projects/avida/work/ecology_test_1_slow_run_1/data/detail-0.spop
ecology_test_1_slow_run_1,ecology_test_1_slow,0,169,2,16900,v,rotate-left-one,0,0.0,/Users/alinaqvi/Desktop/github_projects/avida/work/ecology_test_1_slow_run_1/data/detail-0.spop
ecology_test_1_slow_run_1,ecology_test_1_slow,0,169,2,16900,w,rotate-right-one,0,0.0,/Users/alinaqvi/Desktop/github_projects/avida/work/ecology_test_1_slow_run_1/data/detail-0.spop
ecology_test_1_slow_run_1,ecology_test_1_slow,0,169,2,16900,x,sense-resource0,0,0.0,/Users/alinaqvi/Desktop/github_projects/avida/work/ecology_test_1_slow_run_1/data/detail-0.spop
ecology_test_1_slow_run_1,ecology_test_1_slow,0,169,2,16900,y,sense-faced-resource0,0,0.0,/Users/alinaqvi/Desktop/github_projects/avida/work/ecology_test_1_slow_run_1/data/detail-0.spop
ecology_test_1_slow_run_2,ecology_test_1_slow,573365,7078,713,707800,a,nop-B,36235,0.051193840067815764,/Users/alinaqvi/Desktop/github_projects/avida/work/ecology_test_1_slow_run_2/data/detail-573365.spop
ecology_test_1_slow_run_2,ecology_test_1_slow,573365,7078,713,707800,b,nop-C,209215,0.2955849109918056,/Users/alinaqvi/Desktop/github_projects/avida/work/ecology_test_1_slow_run_2/data/detail-573365.spop
ecology_test_1_slow_run_2,ecology_test_1_slow,573365,7078,713,707800,c,if-n-equ,38471,0.05435292455495903,/Users/alinaqvi/Desktop/github_projects/avida/work/ecology_test_1_slow_run_2/data/detail-573365.spop
ecology_test_1_slow_run_2,ecology_test_1_slow,573365,7078,713,707800,d,if-less,8199,0.011583780729019498,/Users/alinaqvi/Desktop/github_projects/avida/work/ecology_test_1_slow_run_2/data/detail-573365.spop
ecology_test_1_slow_run_2,ecology_test_1_slow,573365,7078,713,707800,e,if-not-0,32658,0.04614015258547612,/Users/alinaqvi/Desktop/github_projects/avida/work/ecology_test_1_slow_run_2/data/detail-573365.spop
ecology_test_1_slow_run_2,ecology_test_1_slow,573365,7078,713,707800,f,if-les-0,35296,0.04986719412263351,/Users/alinaqvi/Desktop/github_projects/avida/work/ecology_test_1_slow_run_2/data/detail-573365.spop
ecology_test_1_slow_run_2,ecology_test_1_slow,573365,7078,713,707800,g,if-grt-0,18311,0.02587030234529528,/Users/alinaqvi/Desktop/github_projects/avida/work/ecology_test_1_slow_run_2/data/detail-573365.spop
ecology_test_1_slow_run_2,ecology_test_1_slow,573365,7078,713,707800,h,if-label,23101,0.03263775077705566,/Users/alinaqvi/Desktop/github_projects/avida/work/ecology_test_1_slow_run_2/data/detail-573365.spop
ecology_test_1_slow_run_2,ecology_test_1_slow,573365,7078,713,707800,i,zero,207,0.0002924554959027974,/Users/alinaqvi/Desktop/github_projects/avida/work/ecology_test_1_slow_run_2/data/detail-573365.spop
ecology_test_1_slow_run_2,ecology_test_1_slow,573365,7078,713,707800,j,inc,9244,0.013060186493359707,/Users/alinaqvi/Desktop/github_projects/avida/work/ecology_test_1_slow_run_2/data/detail-573365.spop
ecology_test_1_slow_run_2,ecology_test_1_slow,573365,7078,713,707800,k,dec,128,0.00018084204577564284,/Users/alinaqvi/Desktop/github_projects/avida/work/ecology_test_1_slow_run_2/data/detail-573365.spop
ecology_test_1_slow_run_2,ecology_test_1_slow,573365,7078,713,707800,l,push,7151,0.01010313647923142,/Users/alinaqvi/Desktop/github_projects/avida/work/ecology_test_1_slow_run_2/data/detail-573365.spop
ecology_test_1_slow_run_2,ecology_test_1_slow,573365,7078,713,707800,m,pop,22687,0.03205283978525007,/Users/alinaqvi/Desktop/github_projects/avida/work/ecology_test_1_slow_run_2/data/detail-573365.spop
ecology_test_1_slow_run_2,ecology_test_1_slow,573365,7078,713,707800,n,swap-stk,27059,0.038229725911274375,/Users/alinaqvi/Desktop/github_projects/avida/work/ecology_test_1_slow_run_2/data/detail-573365.spop
ecology_test_1_slow_run_2,ecology_test_1_slow,573365,7078,713,707800,o,swap,21038,0.029723085617406046,/Users/alinaqvi/Desktop/github_projects/avida/work/ecology_test_1_slow_run_2/data/detail-573365.spop
ecology_test_1_slow_run_2,ecology_test_1_slow,573365,7078,713,707800,p,add,4307,0.006085052274653857,/Users/alinaqvi/Desktop/github_projects/avida/work/ecology_test_1_slow_run_2/data/detail-573365.spop
ecology_test_1_slow_run_2,ecology_test_1_slow,573365,7078,713,707800,q,sub,15143,0.02139446171234812,/Users/alinaqvi/Desktop/github_projects/avida/work/ecology_test_1_slow_run_2/data/detail-573365.spop
ecology_test_1_slow_run_2,ecology_test_1_slow,573365,7078,713,707800,r,nand,13365,0.018882452670245832,/Users/alinaqvi/Desktop/github_projects/avida/work/ecology_test_1_slow_run_2/data/detail-573365.spop
ecology_test_1_slow_run_2,ecology_test_1_slow,573365,7078,713,707800,s,repro,27835,0.03932608081378921,/Users/alinaqvi/Desktop/github_projects/avida/work/ecology_test_1_slow_run_2/data/detail-573365.spop
ecology_test_1_slow_run_2,ecology_test_1_slow,573365,7078,713,707800,t,repro-semel,1818,0.002568522181407177,/Users/alinaqvi/Desktop/github_projects/avida/work/ecology_test_1_slow_run_2/data/detail-573365.spop
ecology_test_1_slow_run_2,ecology_test_1_slow,573365,7078,713,707800,u,move,105245,0.14869313365357445,/Users/alinaqvi/Desktop/github_projects/avida/work/ecology_test_1_slow_run_2/data/detail-573365.spop
ecology_test_1_slow_run_2,ecology_test_1_slow,573365,7078,713,707800,v,rotate-left-one,16195,0.022880757276066685,/Users/alinaqvi/Desktop/github_projects/avida/work/ecology_test_1_slow_run_2/data/detail-573365.spop
ecology_test_1_slow_run_2,ecology_test_1_slow,573365,7078,713,707800,w,rotate-right-one,14277,0.020170952246397287,/Users/alinaqvi/Desktop/github_projects/avida/work/ecology_test_1_slow_run_2/data/detail-573365.spop
ecology_test_1_slow_run_2,ecology_test_1_slow,573365,7078,713,707800,x,sense-resource0,11846,0.016736366205142697,/Users/alinaqvi/Desktop/github_projects/avida/work/ecology_test_1_slow_run_2/data/detail-573365.spop
ecology_test_1_slow_run_2,ecology_test_1_slow,573365,7078,713,707800,y,sense-faced-resource0,8769,0.012389092964114156,/Users/alinaqvi/Desktop/github_projects/avida/work/ecology_test_1_slow_run_2/data/detail-573365.spop
ecology_test_1_slow_run_3,ecology_test_1_slow,14229,7,1,700,a,nop-B,14,0.02,/Users/alinaqvi/Desktop/github_projects/avida/work/ecology_test_1_slow_run_3/data/detail-14229.spop
ecology_test_1_slow_run_3,ecology_test_1_slow,14229,7,1,700,b,nop-C,434,0.62,/Users/alinaqvi/Desktop/github_projects/avida/work/ecology_test_1_slow_run_3/data/detail-14229.spop
ecology_test_1_slow_run_3,ecology_test_1_slow,14229,7,1,700,c,if-n-equ,0,0.0,/Users/alinaqvi/Desktop/github_projects/avida/work/ecology_test_1_slow_run_3/data/detail-14229.spop
ecology_test_1_slow_run_3,ecology_test_1_slow,14229,7,1,700,d,if-less,7,0.01,/Users/alinaqvi/Desktop/github_projects/avida/work/ecology_test_1_slow_run_3/data/detail-14229.spop
ecology_test_1_slow_run_3,ecology_test_1_slow,14229,7,1,700,e,if-not-0,42,0.06,/Users/alinaqvi/Desktop/github_projects/avida/work/ecology_test_1_slow_run_3/data/detail-14229.spop
ecology_test_1_slow_run_3,ecology_test_1_slow,14229,7,1,700,f,if-les-0,14,0.02,/Users/alinaqvi/Desktop/github_projects/avida/work/ecology_test_1_slow_run_3/data/detail-14229.spop
ecology_test_1_slow_run_3,ecology_test_1_slow,14229,7,1,700,g,if-grt-0,0,0.0,/Users/alinaqvi/Desktop/github_projects/avida/work/ecology_test_1_slow_run_3/data/detail-14229.spop
ecology_test_1_slow_run_3,ecology_test_1_slow,14229,7,1,700,h,if-label,0,0.0,/Users/alinaqvi/Desktop/github_projects/avida/work/ecology_test_1_slow_run_3/data/detail-14229.spop
ecology_test_1_slow_run_3,ecology_test_1_slow,14229,7,1,700,i,zero,28,0.04,/Users/alinaqvi/Desktop/github_projects/avida/work/ecology_test_1_slow_run_3/data/detail-14229.spop
ecology_test_1_slow_run_3,ecology_test_1_slow,14229,7,1,700,j,inc,0,0.0,/Users/alinaqvi/Desktop/github_projects/avida/work/ecology_test_1_slow_run_3/data/detail-14229.spop
ecology_test_1_slow_run_3,ecology_test_1_slow,14229,7,1,700,k,dec,7,0.01,/Users/alinaqvi/Desktop/github_projects/avida/work/ecology_test_1_slow_run_3/data/detail-14229.spop
ecology_test_1_slow_run_3,ecology_test_1_slow,14229,7,1,700,l,push,7,0.01,/Users/alinaqvi/Desktop/github_projects/avida/work/ecology_test_1_slow_run_3/data/detail-14229.spop
ecology_test_1_slow_run_3,ecology_test_1_slow,14229,7,1,700,m,pop,7,0.01,/Users/alinaqvi/Desktop/github_projects/avida/work/ecology_test_1_slow_run_3/data/detail-14229.spop
ecology_test_1_slow_run_3,ecology_test_1_slow,14229,7,1,700,n,swap-stk,0,0.0,/Users/alinaqvi/Desktop/github_projects/avida/work/ecology_test_1_slow_run_3/data/detail-14229.spop
ecology_test_1_slow_run_3,ecology_test_1_slow,14229,7,1,700,o,swap,14,0.02,/Users/alinaqvi/Desktop/github_projects/avida/work/ecology_test_1_slow_run_3/data/detail-14229.spop
ecology_test_1_slow_run_3,ecology_test_1_slow,14229,7,1,700,p,add,14,0.02,/Users/alinaqvi/Desktop/github_projects/avida/work/ecology_test_1_slow_run_3/data/detail-14229.spop
ecology_test_1_slow_run_3,ecology_test_1_slow,14229,7,1,700,q,sub,7,0.01,/Users/alinaqvi/Desktop/github_projects/avida/work/ecology_test_1_slow_run_3/data/detail-14229.spop
ecology_test_1_slow_run_3,ecology_test_1_slow,14229,7,1,700,r,nand,14,0.02,/Users/alinaqvi/Desktop/github_projects/avida/work/ecology_test_1_slow_run_3/data/detail-14229.spop
ecology_test_1_slow_run_3,ecology_test_1_slow,14229,7,1,700,s,repro,28,0.04,/Users/alinaqvi/Desktop/github_projects/avida/work/ecology_test_1_slow_run_3/data/detail-14229.spop
ecology_test_1_slow_run_3,ecology_test_1_slow,14229,7,1,700,t,repro-semel,21,0.03,/Users/alinaqvi/Desktop/github_projects/avida/work/ecology_test_1_slow_run_3/data/detail-14229.spop
ecology_test_1_slow_run_3,ecology_test_1_slow,14229,7,1,700,u,move,7,0.01,/Users/alinaqvi/Desktop/github_projects/avida/work/ecology_test_1_slow_run_3/data/detail-14229.spop
ecology_test_1_slow_run_3,ecology_test_1_slow,14229,7,1,700,v,rotate-left-one,7,0.01,/Users/alinaqvi/Desktop/github_projects/avida/work/ecology_test_1_slow_run_3/data/detail-14229.spop
ecology_test_1_slow_run_3,ecology_test_1_slow,14229,7,1,700,w,rotate-right-one,7,0.01,/Users/alinaqvi/Desktop/github_projects/avida/work/ecology_test_1_slow_run_3/data/detail-14229.spop
ecology_test_1_slow_run_3,ecology_test_1_slow,14229,7,1,700,x,sense-resource0,14,0.02,/Users/alinaqvi/Desktop/github_projects/avida/work/ecology_test_1_slow_run_3/data/detail-14229.spop
ecology_test_1_slow_run_3,ecology_test_1_slow,14229,7,1,700,y,sense-faced-resource0,7,0.01,/Users/alinaqvi/Desktop/github_projects/avida/work/ecology_test_1_slow_run_3/data/detail-14229.spop
ecology_test_1_slow_run_4,ecology_test_1_slow,0,172,2,17200,a,nop-B,0,0.0,/Users/alinaqvi/Desktop/github_projects/avida/work/ecology_test_1_slow_run_4/data/detail-0.spop
ecology_test_1_slow_run_4,ecology_test_1_slow,0,172,2,17200,b,nop-C,16728,0.9725581395348837,/Users/alinaqvi/Desktop/github_projects/avida/work/ecology_test_1_slow_run_4/data/detail-0.spop
ecology_test_1_slow_run_4,ecology_test_1_slow,0,172,2,17200,c,if-n-equ,0,0.0,/Users/alinaqvi/Desktop/github_projects/avida/work/ecology_test_1_slow_run_4/data/detail-0.spop
ecology_test_1_slow_run_4,ecology_test_1_slow,0,172,2,17200,d,if-less,0,0.0,/Users/alinaqvi/Desktop/github_projects/avida/work/ecology_test_1_slow_run_4/data/detail-0.spop
ecology_test_1_slow_run_4,ecology_test_1_slow,0,172,2,17200,e,if-not-0,0,0.0,/Users/alinaqvi/Desktop/github_projects/avida/work/ecology_test_1_slow_run_4/data/detail-0.spop
ecology_test_1_slow_run_4,ecology_test_1_slow,0,172,2,17200,f,if-les-0,0,0.0,/Users/alinaqvi/Desktop/github_projects/avida/work/ecology_test_1_slow_run_4/data/detail-0.spop
ecology_test_1_slow_run_4,ecology_test_1_slow,0,172,2,17200,g,if-grt-0,0,0.0,/Users/alinaqvi/Desktop/github_projects/avida/work/ecology_test_1_slow_run_4/data/detail-0.spop
ecology_test_1_slow_run_4,ecology_test_1_slow,0,172,2,17200,h,if-label,0,0.0,/Users/alinaqvi/Desktop/github_projects/avida/work/ecology_test_1_slow_run_4/data/detail-0.spop
ecology_test_1_slow_run_4,ecology_test_1_slow,0,172,2,17200,i,zero,0,0.0,/Users/alinaqvi/Desktop/github_projects/avida/work/ecology_test_1_slow_run_4/data/detail-0.spop
ecology_test_1_slow_run_4,ecology_test_1_slow,0,172,2,17200,j,inc,0,0.0,/Users/alinaqvi/Desktop/github_projects/avida/work/ecology_test_1_slow_run_4/data/detail-0.spop
ecology_test_1_slow_run_4,ecology_test_1_slow,0,172,2,17200,k,dec,0,0.0,/Users/alinaqvi/Desktop/github_projects/avida/work/ecology_test_1_slow_run_4/data/detail-0.spop
ecology_test_1_slow_run_4,ecology_test_1_slow,0,172,2,17200,l,push,0,0.0,/Users/alinaqvi/Desktop/github_projects/avida/work/ecology_test_1_slow_run_4/data/detail-0.spop
ecology_test_1_slow_run_4,ecology_test_1_slow,0,172,2,17200,m,pop,0,0.0,/Users/alinaqvi/Desktop/github_projects/avida/work/ecology_test_1_slow_run_4/data/detail-0.spop
ecology_test_1_slow_run_4,ecology_test_1_slow,0,172,2,17200,n,swap-stk,0,0.0,/Users/alinaqvi/Desktop/github_projects/avida/work/ecology_test_1_slow_run_4/data/detail-0.spop
ecology_test_1_slow_run_4,ecology_test_1_slow,0,172,2,17200,o,swap,0,0.0,/Users/alinaqvi/Desktop/github_projects/avida/work/ecology_test_1_slow_run_4/data/detail-0.spop
ecology_test_1_slow_run_4,ecology_test_1_slow,0,172,2,17200,p,add,0,0.0,/Users/alinaqvi/Desktop/github_projects/avida/work/ecology_test_1_slow_run_4/data/detail-0.spop
ecology_test_1_slow_run_4,ecology_test_1_slow,0,172,2,17200,q,sub,0,0.0,/Users/alinaqvi/Desktop/github_projects/avida/work/ecology_test_1_slow_run_4/data/detail-0.spop
ecology_test_1_slow_run_4,ecology_test_1_slow,0,172,2,17200,r,nand,0,0.0,/Users/alinaqvi/Desktop/github_projects/avida/work/ecology_test_1_slow_run_4/data/detail-0.spop
ecology_test_1_slow_run_4,ecology_test_1_slow,0,172,2,17200,s,repro,400,0.023255813953488372,/Users/alinaqvi/Desktop/github_projects/avida/work/ecology_test_1_slow_run_4/data/detail-0.spop
ecology_test_1_slow_run_4,ecology_test_1_slow,0,172,2,17200,t,repro-semel,72,0.004186046511627907,/Users/alinaqvi/Desktop/github_projects/avida/work/ecology_test_1_slow_run_4/data/detail-0.spop
ecology_test_1_slow_run_4,ecology_test_1_slow,0,172,2,17200,u,move,0,0.0,/Users/alinaqvi/Desktop/github_projects/avida/work/ecology_test_1_slow_run_4/data/detail-0.spop
ecology_test_1_slow_run_4,ecology_test_1_slow,0,172,2,17200,v,rotate-left-one,0,0.0,/Users/alinaqvi/Desktop/github_projects/avida/work/ecology_test_1_slow_run_4/data/detail-0.spop
ecology_test_1_slow_run_4,ecology_test_1_slow,0,172,2,17200,w,rotate-right-one,0,0.0,/Users/alinaqvi/Desktop/github_projects/avida/work/ecology_test_1_slow_run_4/data/detail-0.spop
ecology_test_1_slow_run_4,ecology_test_1_slow,0,172,2,17200,x,sense-resource0,0,0.0,/Users/alinaqvi/Desktop/github_projects/avida/work/ecology_test_1_slow_run_4/data/detail-0.spop
ecology_test_1_slow_run_4,ecology_test_1_slow,0,172,2,17200,y,sense-faced-resource0,0,0.0,/Users/alinaqvi/Desktop/github_projects/avida/work/ecology_test_1_slow_run_4/data/detail-0.spop
ecology_test_1_slow_run_5,ecology_test_1_slow,526273,11049,610,1104900,a,nop-B,66297,0.06000271517784415,/Users/alinaqvi/Desktop/github_projects/avida/work/ecology_test_1_slow_run_5/data/detail-526273.spop
ecology_test_1_slow_run_5,ecology_test_1_slow,526273,11049,610,1104900,b,nop-C,326522,0.2955217666757173,/Users/alinaqvi/Desktop/github_projects/avida/work/ecology_test_1_slow_run_5/data/detail-526273.spop
ecology_test_1_slow_run_5,ecology_test_1_slow,526273,11049,610,1104900,c,if-n-equ,28560,0.025848493076296497,/Users/alinaqvi/Desktop/github_projects/avida/work/ecology_test_1_slow_run_5/data/detail-526273.spop
ecology_test_1_slow_run_5,ecology_test_1_slow,526273,11049,610,1104900,d,if-less,38980,0.035279210788306634,/Users/alinaqvi/Desktop/github_projects/avida/work/ecology_test_1_slow_run_5/data/detail-526273.spop
ecology_test_1_slow_run_5,ecology_test_1_slow,526273,11049,610,1104900,e,if-not-0,16467,0.014903611186532719,/Users/alinaqvi/Desktop/github_projects/avida/work/ecology_test_1_slow_run_5/data/detail-526273.spop
ecology_test_1_slow_run_5,ecology_test_1_slow,526273,11049,610,1104900,f,if-les-0,18424,0.01667481220019911,/Users/alinaqvi/Desktop/github_projects/avida/work/ecology_test_1_slow_run_5/data/detail-526273.spop
ecology_test_1_slow_run_5,ecology_test_1_slow,526273,11049,610,1104900,g,if-grt-0,39284,0.03555434880984704,/Users/alinaqvi/Desktop/github_projects/avida/work/ecology_test_1_slow_run_5/data/detail-526273.spop
ecology_test_1_slow_run_5,ecology_test_1_slow,526273,11049,610,1104900,h,if-label,67666,0.06124174133405738,/Users/alinaqvi/Desktop/github_projects/avida/work/ecology_test_1_slow_run_5/data/detail-526273.spop
ecology_test_1_slow_run_5,ecology_test_1_slow,526273,11049,610,1104900,i,zero,12515,0.011326816906507376,/Users/alinaqvi/Desktop/github_projects/avida/work/ecology_test_1_slow_run_5/data/detail-526273.spop
ecology_test_1_slow_run_5,ecology_test_1_slow,526273,11049,610,1104900,j,inc,37549,0.03398407095664766,/Users/alinaqvi/Desktop/github_projects/avida/work/ecology_test_1_slow_run_5/data/detail-526273.spop
ecology_test_1_slow_run_5,ecology_test_1_slow,526273,11049,610,1104900,k,dec,19805,0.01792469906778894,/Users/alinaqvi/Desktop/github_projects/avida/work/ecology_test_1_slow_run_5/data/detail-526273.spop
ecology_test_1_slow_run_5,ecology_test_1_slow,526273,11049,610,1104900,l,push,34535,0.03125622228255951,/Users/alinaqvi/Desktop/github_projects/avida/work/ecology_test_1_slow_run_5/data/detail-526273.spop
ecology_test_1_slow_run_5,ecology_test_1_slow,526273,11049,610,1104900,m,pop,36112,0.03268350076930039,/Users/alinaqvi/Desktop/github_projects/avida/work/ecology_test_1_slow_run_5/data/detail-526273.spop
ecology_test_1_slow_run_5,ecology_test_1_slow,526273,11049,610,1104900,n,swap-stk,764,0.000691465290976559,/Users/alinaqvi/Desktop/github_projects/avida/work/ecology_test_1_slow_run_5/data/detail-526273.spop
ecology_test_1_slow_run_5,ecology_test_1_slow,526273,11049,610,1104900,o,swap,12715,0.011507828762783962,/Users/alinaqvi/Desktop/github_projects/avida/work/ecology_test_1_slow_run_5/data/detail-526273.spop
ecology_test_1_slow_run_5,ecology_test_1_slow,526273,11049,610,1104900,p,add,7890,0.007140917730111322,/Users/alinaqvi/Desktop/github_projects/avida/work/ecology_test_1_slow_run_5/data/detail-526273.spop
ecology_test_1_slow_run_5,ecology_test_1_slow,526273,11049,610,1104900,q,sub,21845,0.01977102000181012,/Users/alinaqvi/Desktop/github_projects/avida/work/ecology_test_1_slow_run_5/data/detail-526273.spop
ecology_test_1_slow_run_5,ecology_test_1_slow,526273,11049,610,1104900,r,nand,12777,0.011563942438229703,/Users/alinaqvi/Desktop/github_projects/avida/work/ecology_test_1_slow_run_5/data/detail-526273.spop
ecology_test_1_slow_run_5,ecology_test_1_slow,526273,11049,610,1104900,s,repro,62925,0.05695085528102091,/Users/alinaqvi/Desktop/github_projects/avida/work/ecology_test_1_slow_run_5/data/detail-526273.spop
ecology_test_1_slow_run_5,ecology_test_1_slow,526273,11049,610,1104900,t,repro-semel,156,0.00014118924789573717,/Users/alinaqvi/Desktop/github_projects/avida/work/ecology_test_1_slow_run_5/data/detail-526273.spop
ecology_test_1_slow_run_5,ecology_test_1_slow,526273,11049,610,1104900,u,move,187724,0.16990134853832925,/Users/alinaqvi/Desktop/github_projects/avida/work/ecology_test_1_slow_run_5/data/detail-526273.spop
ecology_test_1_slow_run_5,ecology_test_1_slow,526273,11049,610,1104900,v,rotate-left-one,17800,0.016110055208616164,/Users/alinaqvi/Desktop/github_projects/avida/work/ecology_test_1_slow_run_5/data/detail-526273.spop
ecology_test_1_slow_run_5,ecology_test_1_slow,526273,11049,610,1104900,w,rotate-right-one,15543,0.01406733641053489,/Users/alinaqvi/Desktop/github_projects/avida/work/ecology_test_1_slow_run_5/data/detail-526273.spop
ecology_test_1_slow_run_5,ecology_test_1_slow,526273,11049,610,1104900,x,sense-resource0,12174,0.011018191691555797,/Users/alinaqvi/Desktop/github_projects/avida/work/ecology_test_1_slow_run_5/data/detail-526273.spop
ecology_test_1_slow_run_5,ecology_test_1_slow,526273,11049,610,1104900,y,sense-faced-resource0,9871,0.008933840166530907,/Users/alinaqvi/Desktop/github_projects/avida/work/ecology_test_1_slow_run_5/data/detail-526273.spop
ecology_test_1_slow_run_6,ecology_test_1_slow,0,175,2,17500,a,nop-B,0,0.0,/Users/alinaqvi/Desktop/github_projects/avida/work/ecology_test_1_slow_run_6/data/detail-0.spop
ecology_test_1_slow_run_6,ecology_test_1_slow,0,175,2,17500,b,nop-C,17025,0.9728571428571429,/Users/alinaqvi/Desktop/github_projects/avida/work/ecology_test_1_slow_run_6/data/detail-0.spop
ecology_test_1_slow_run_6,ecology_test_1_slow,0,175,2,17500,c,if-n-equ,0,0.0,/Users/alinaqvi/Desktop/github_projects/avida/work/ecology_test_1_slow_run_6/data/detail-0.spop
ecology_test_1_slow_run_6,ecology_test_1_slow,0,175,2,17500,d,if-less,0,0.0,/Users/alinaqvi/Desktop/github_projects/avida/work/ecology_test_1_slow_run_6/data/detail-0.spop
ecology_test_1_slow_run_6,ecology_test_1_slow,0,175,2,17500,e,if-not-0,0,0.0,/Users/alinaqvi/Desktop/github_projects/avida/work/ecology_test_1_slow_run_6/data/detail-0.spop
ecology_test_1_slow_run_6,ecology_test_1_slow,0,175,2,17500,f,if-les-0,0,0.0,/Users/alinaqvi/Desktop/github_projects/avida/work/ecology_test_1_slow_run_6/data/detail-0.spop
ecology_test_1_slow_run_6,ecology_test_1_slow,0,175,2,17500,g,if-grt-0,0,0.0,/Users/alinaqvi/Desktop/github_projects/avida/work/ecology_test_1_slow_run_6/data/detail-0.spop
ecology_test_1_slow_run_6,ecology_test_1_slow,0,175,2,17500,h,if-label,0,0.0,/Users/alinaqvi/Desktop/github_projects/avida/work/ecology_test_1_slow_run_6/data/detail-0.spop
ecology_test_1_slow_run_6,ecology_test_1_slow,0,175,2,17500,i,zero,0,0.0,/Users/alinaqvi/Desktop/github_projects/avida/work/ecology_test_1_slow_run_6/data/detail-0.spop
ecology_test_1_slow_run_6,ecology_test_1_slow,0,175,2,17500,j,inc,0,0.0,/Users/alinaqvi/Desktop/github_projects/avida/work/ecology_test_1_slow_run_6/data/detail-0.spop
ecology_test_1_slow_run_6,ecology_test_1_slow,0,175,2,17500,k,dec,0,0.0,/Users/alinaqvi/Desktop/github_projects/avida/work/ecology_test_1_slow_run_6/data/detail-0.spop
ecology_test_1_slow_run_6,ecology_test_1_slow,0,175,2,17500,l,push,0,0.0,/Users/alinaqvi/Desktop/github_projects/avida/work/ecology_test_1_slow_run_6/data/detail-0.spop
ecology_test_1_slow_run_6,ecology_test_1_slow,0,175,2,17500,m,pop,0,0.0,/Users/alinaqvi/Desktop/github_projects/avida/work/ecology_test_1_slow_run_6/data/detail-0.spop
ecology_test_1_slow_run_6,ecology_test_1_slow,0,175,2,17500,n,swap-stk,0,0.0,/Users/alinaqvi/Desktop/github_projects/avida/work/ecology_test_1_slow_run_6/data/detail-0.spop
ecology_test_1_slow_run_6,ecology_test_1_slow,0,175,2,17500,o,swap,0,0.0,/Users/alinaqvi/Desktop/github_projects/avida/work/ecology_test_1_slow_run_6/data/detail-0.spop
ecology_test_1_slow_run_6,ecology_test_1_slow,0,175,2,17500,p,add,0,0.0,/Users/alinaqvi/Desktop/github_projects/avida/work/ecology_test_1_slow_run_6/data/detail-0.spop
ecology_test_1_slow_run_6,ecology_test_1_slow,0,175,2,17500,q,sub,0,0.0,/Users/alinaqvi/Desktop/github_projects/avida/work/ecology_test_1_slow_run_6/data/detail-0.spop
ecology_test_1_slow_run_6,ecology_test_1_slow,0,175,2,17500,r,nand,0,0.0,/Users/alinaqvi/Desktop/github_projects/avida/work/ecology_test_1_slow_run_6/data/detail-0.spop
ecology_test_1_slow_run_6,ecology_test_1_slow,0,175,2,17500,s,repro,400,0.022857142857142857,/Users/alinaqvi/Desktop/github_projects/avida/work/ecology_test_1_slow_run_6/data/detail-0.spop
ecology_test_1_slow_run_6,ecology_test_1_slow,0,175,2,17500,t,repro-semel,75,0.004285714285714286,/Users/alinaqvi/Desktop/github_projects/avida/work/ecology_test_1_slow_run_6/data/detail-0.spop
ecology_test_1_slow_run_6,ecology_test_1_slow,0,175,2,17500,u,move,0,0.0,/Users/alinaqvi/Desktop/github_projects/avida/work/ecology_test_1_slow_run_6/data/detail-0.spop
ecology_test_1_slow_run_6,ecology_test_1_slow,0,175,2,17500,v,rotate-left-one,0,0.0,/Users/alinaqvi/Desktop/github_projects/avida/work/ecology_test_1_slow_run_6/data/detail-0.spop
ecology_test_1_slow_run_6,ecology_test_1_slow,0,175,2,17500,w,rotate-right-one,0,0.0,/Users/alinaqvi/Desktop/github_projects/avida/work/ecology_test_1_slow_run_6/data/detail-0.spop
ecology_test_1_slow_run_6,ecology_test_1_slow,0,175,2,17500,x,sense-resource0,0,0.0,/Users/alinaqvi/Desktop/github_projects/avida/work/ecology_test_1_slow_run_6/data/detail-0.spop
ecology_test_1_slow_run_6,ecology_test_1_slow,0,175,2,17500,y,sense-faced-resource0,0,0.0,/Users/alinaqvi/Desktop/github_projects/avida/work/ecology_test_1_slow_run_6/data/detail-0.spop
ecology_test_1_slow_run_7,ecology_test_1_slow,0,175,2,17500,a,nop-B,0,0.0,/Users/alinaqvi/Desktop/github_projects/avida/work/ecology_test_1_slow_run_7/data/detail-0.spop
ecology_test_1_slow_run_7,ecology_test_1_slow,0,175,2,17500,b,nop-C,17025,0.9728571428571429,/Users/alinaqvi/Desktop/github_projects/avida/work/ecology_test_1_slow_run_7/data/detail-0.spop
ecology_test_1_slow_run_7,ecology_test_1_slow,0,175,2,17500,c,if-n-equ,0,0.0,/Users/alinaqvi/Desktop/github_projects/avida/work/ecology_test_1_slow_run_7/data/detail-0.spop
ecology_test_1_slow_run_7,ecology_test_1_slow,0,175,2,17500,d,if-less,0,0.0,/Users/alinaqvi/Desktop/github_projects/avida/work/ecology_test_1_slow_run_7/data/detail-0.spop
ecology_test_1_slow_run_7,ecology_test_1_slow,0,175,2,17500,e,if-not-0,0,0.0,/Users/alinaqvi/Desktop/github_projects/avida/work/ecology_test_1_slow_run_7/data/detail-0.spop
ecology_test_1_slow_run_7,ecology_test_1_slow,0,175,2,17500,f,if-les-0,0,0.0,/Users/alinaqvi/Desktop/github_projects/avida/work/ecology_test_1_slow_run_7/data/detail-0.spop
ecology_test_1_slow_run_7,ecology_test_1_slow,0,175,2,17500,g,if-grt-0,0,0.0,/Users/alinaqvi/Desktop/github_projects/avida/work/ecology_test_1_slow_run_7/data/detail-0.spop
ecology_test_1_slow_run_7,ecology_test_1_slow,0,175,2,17500,h,if-label,0,0.0,/Users/alinaqvi/Desktop/github_projects/avida/work/ecology_test_1_slow_run_7/data/detail-0.spop
ecology_test_1_slow_run_7,ecology_test_1_slow,0,175,2,17500,i,zero,0,0.0,/Users/alinaqvi/Desktop/github_projects/avida/work/ecology_test_1_slow_run_7/data/detail-0.spop
ecology_test_1_slow_run_7,ecology_test_1_slow,0,175,2,17500,j,inc,0,0.0,/Users/alinaqvi/Desktop/github_projects/avida/work/ecology_test_1_slow_run_7/data/detail-0.spop
ecology_test_1_slow_run_7,ecology_test_1_slow,0,175,2,17500,k,dec,0,0.0,/Users/alinaqvi/Desktop/github_projects/avida/work/ecology_test_1_slow_run_7/data/detail-0.spop
ecology_test_1_slow_run_7,ecology_test_1_slow,0,175,2,17500,l,push,0,0.0,/Users/alinaqvi/Desktop/github_projects/avida/work/ecology_test_1_slow_run_7/data/detail-0.spop
ecology_test_1_slow_run_7,ecology_test_1_slow,0,175,2,17500,m,pop,0,0.0,/Users/alinaqvi/Desktop/github_projects/avida/work/ecology_test_1_slow_run_7/data/detail-0.spop
ecology_test_1_slow_run_7,ecology_test_1_slow,0,175,2,17500,n,swap-stk,0,0.0,/Users/alinaqvi/Desktop/github_projects/avida/work/ecology_test_1_slow_run_7/data/detail-0.spop
ecology_test_1_slow_run_7,ecology_test_1_slow,0,175,2,17500,o,swap,0,0.0,/Users/alinaqvi/Desktop/github_projects/avida/work/ecology_test_1_slow_run_7/data/detail-0.spop
ecology_test_1_slow_run_7,ecology_test_1_slow,0,175,2,17500,p,add,0,0.0,/Users/alinaqvi/Desktop/github_projects/avida/work/ecology_test_1_slow_run_7/data/detail-0.spop
ecology_test_1_slow_run_7,ecology_test_1_slow,0,175,2,17500,q,sub,0,0.0,/Users/alinaqvi/Desktop/github_projects/avida/work/ecology_test_1_slow_run_7/data/detail-0.spop
ecology_test_1_slow_run_7,ecology_test_1_slow,0,175,2,17500,r,nand,0,0.0,/Users/alinaqvi/Desktop/github_projects/avida/work/ecology_test_1_slow_run_7/data/detail-0.spop
ecology_test_1_slow_run_7,ecology_test_1_slow,0,175,2,17500,s,repro,400,0.022857142857142857,/Users/alinaqvi/Desktop/github_projects/avida/work/ecology_test_1_slow_run_7/data/detail-0.spop
ecology_test_1_slow_run_7,ecology_test_1_slow,0,175,2,17500,t,repro-semel,75,0.004285714285714286,/Users/alinaqvi/Desktop/github_projects/avida/work/ecology_test_1_slow_run_7/data/detail-0.spop
ecology_test_1_slow_run_7,ecology_test_1_slow,0,175,2,17500,u,move,0,0.0,/Users/alinaqvi/Desktop/github_projects/avida/work/ecology_test_1_slow_run_7/data/detail-0.spop
ecology_test_1_slow_run_7,ecology_test_1_slow,0,175,2,17500,v,rotate-left-one,0,0.0,/Users/alinaqvi/Desktop/github_projects/avida/work/ecology_test_1_slow_run_7/data/detail-0.spop
ecology_test_1_slow_run_7,ecology_test_1_slow,0,175,2,17500,w,rotate-right-one,0,0.0,/Users/alinaqvi/Desktop/github_projects/avida/work/ecology_test_1_slow_run_7/data/detail-0.spop
ecology_test_1_slow_run_7,ecology_test_1_slow,0,175,2,17500,x,sense-resource0,0,0.0,/Users/alinaqvi/Desktop/github_projects/avida/work/ecology_test_1_slow_run_7/data/detail-0.spop
ecology_test_1_slow_run_7,ecology_test_1_slow,0,175,2,17500,y,sense-faced-resource0,0,0.0,/Users/alinaqvi/Desktop/github_projects/avida/work/ecology_test_1_slow_run_7/data/detail-0.spop
ecology_test_1_slow_run_8,ecology_test_1_slow,0,168,2,16800,a,nop-B,0,0.0,/Users/alinaqvi/Desktop/github_projects/avida/work/ecology_test_1_slow_run_8/data/detail-0.spop
ecology_test_1_slow_run_8,ecology_test_1_slow,0,168,2,16800,b,nop-C,16332,0.9721428571428572,/Users/alinaqvi/Desktop/github_projects/avida/work/ecology_test_1_slow_run_8/data/detail-0.spop
ecology_test_1_slow_run_8,ecology_test_1_slow,0,168,2,16800,c,if-n-equ,0,0.0,/Users/alinaqvi/Desktop/github_projects/avida/work/ecology_test_1_slow_run_8/data/detail-0.spop
ecology_test_1_slow_run_8,ecology_test_1_slow,0,168,2,16800,d,if-less,0,0.0,/Users/alinaqvi/Desktop/github_projects/avida/work/ecology_test_1_slow_run_8/data/detail-0.spop
ecology_test_1_slow_run_8,ecology_test_1_slow,0,168,2,16800,e,if-not-0,0,0.0,/Users/alinaqvi/Desktop/github_projects/avida/work/ecology_test_1_slow_run_8/data/detail-0.spop
ecology_test_1_slow_run_8,ecology_test_1_slow,0,168,2,16800,f,if-les-0,0,0.0,/Users/alinaqvi/Desktop/github_projects/avida/work/ecology_test_1_slow_run_8/data/detail-0.spop
ecology_test_1_slow_run_8,ecology_test_1_slow,0,168,2,16800,g,if-grt-0,0,0.0,/Users/alinaqvi/Desktop/github_projects/avida/work/ecology_test_1_slow_run_8/data/detail-0.spop
ecology_test_1_slow_run_8,ecology_test_1_slow,0,168,2,16800,h,if-label,0,0.0,/Users/alinaqvi/Desktop/github_projects/avida/work/ecology_test_1_slow_run_8/data/detail-0.spop
ecology_test_1_slow_run_8,ecology_test_1_slow,0,168,2,16800,i,zero,0,0.0,/Users/alinaqvi/Desktop/github_projects/avida/work/ecology_test_1_slow_run_8/data/detail-0.spop
ecology_test_1_slow_run_8,ecology_test_1_slow,0,168,2,16800,j,inc,0,0.0,/Users/alinaqvi/Desktop/github_projects/avida/work/ecology_test_1_slow_run_8/data/detail-0.spop
ecology_test_1_slow_run_8,ecology_test_1_slow,0,168,2,16800,k,dec,0,0.0,/Users/alinaqvi/Desktop/github_projects/avida/work/ecology_test_1_slow_run_8/data/detail-0.spop
ecology_test_1_slow_run_8,ecology_test_1_slow,0,168,2,16800,l,push,0,0.0,/Users/alinaqvi/Desktop/github_projects/avida/work/ecology_test_1_slow_run_8/data/detail-0.spop
ecology_test_1_slow_run_8,ecology_test_1_slow,0,168,2,16800,m,pop,0,0.0,/Users/alinaqvi/Desktop/github_projects/avida/work/ecology_test_1_slow_run_8/data/detail-0.spop
ecology_test_1_slow_run_8,ecology_test_1_slow,0,168,2,16800,n,swap-stk,0,0.0,/Users/alinaqvi/Desktop/github_projects/avida/work/ecology_test_1_slow_run_8/data/detail-0.spop
ecology_test_1_slow_run_8,ecology_test_1_slow,0,168,2,16800,o,swap,0,0.0,/Users/alinaqvi/Desktop/github_projects/avida/work/ecology_test_1_slow_run_8/data/detail-0.spop
ecology_test_1_slow_run_8,ecology_test_1_slow,0,168,2,16800,p,add,0,0.0,/Users/alinaqvi/Desktop/github_projects/avida/work/ecology_test_1_slow_run_8/data/detail-0.spop
ecology_test_1_slow_run_8,ecology_test_1_slow,0,168,2,16800,q,sub,0,0.0,/Users/alinaqvi/Desktop/github_projects/avida/work/ecology_test_1_slow_run_8/data/detail-0.spop
ecology_test_1_slow_run_8,ecology_test_1_slow,0,168,2,16800,r,nand,0,0.0,/Users/alinaqvi/Desktop/github_projects/avida/work/ecology_test_1_slow_run_8/data/detail-0.spop
ecology_test_1_slow_run_8,ecology_test_1_slow,0,168,2,16800,s,repro,400,0.023809523809523808,/Users/alinaqvi/Desktop/github_projects/avida/work/ecology_test_1_slow_run_8/data/detail-0.spop
ecology_test_1_slow_run_8,ecology_test_1_slow,0,168,2,16800,t,repro-semel,68,0.004047619047619047,/Users/alinaqvi/Desktop/github_projects/avida/work/ecology_test_1_slow_run_8/data/detail-0.spop
ecology_test_1_slow_run_8,ecology_test_1_slow,0,168,2,16800,u,move,0,0.0,/Users/alinaqvi/Desktop/github_projects/avida/work/ecology_test_1_slow_run_8/data/detail-0.spop
ecology_test_1_slow_run_8,ecology_test_1_slow,0,168,2,16800,v,rotate-left-one,0,0.0,/Users/alinaqvi/Desktop/github_projects/avida/work/ecology_test_1_slow_run_8/data/detail-0.spop
ecology_test_1_slow_run_8,ecology_test_1_slow,0,168,2,16800,w,rotate-right-one,0,0.0,/Users/alinaqvi/Desktop/github_projects/avida/work/ecology_test_1_slow_run_8/data/detail-0.spop
ecology_test_1_slow_run_8,ecology_test_1_slow,0,168,2,16800,x,sense-resource0,0,0.0,/Users/alinaqvi/Desktop/github_projects/avida/work/ecology_test_1_slow_run_8/data/detail-0.spop
ecology_test_1_slow_run_8,ecology_test_1_slow,0,168,2,16800,y,sense-faced-resource0,0,0.0,/Users/alinaqvi/Desktop/github_projects/avida/work/ecology_test_1_slow_run_8/data/detail-0.spop
ecology_test_1_slow_run_9,ecology_test_1_slow,543329,8465,588,846500,a,nop-B,75630,0.08934435912581216,/Users/alinaqvi/Desktop/github_projects/avida/work/ecology_test_1_slow_run_9/data/detail-543329.spop
ecology_test_1_slow_run_9,ecology_test_1_slow,543329,8465,588,846500,b,nop-C,159656,0.18860720614294152,/Users/alinaqvi/Desktop/github_projects/avida/work/ecology_test_1_slow_run_9/data/detail-543329.spop
ecology_test_1_slow_run_9,ecology_test_1_slow,543329,8465,588,846500,c,if-n-equ,40747,0.048135853514471354,/Users/alinaqvi/Desktop/github_projects/avida/work/ecology_test_1_slow_run_9/data/detail-543329.spop
ecology_test_1_slow_run_9,ecology_test_1_slow,543329,8465,588,846500,d,if-less,10601,0.012523331364441819,/Users/alinaqvi/Desktop/github_projects/avida/work/ecology_test_1_slow_run_9/data/detail-543329.spop
ecology_test_1_slow_run_9,ecology_test_1_slow,543329,8465,588,846500,e,if-not-0,9781,0.011554636739515652,/Users/alinaqvi/Desktop/github_projects/avida/work/ecology_test_1_slow_run_9/data/detail-543329.spop
ecology_test_1_slow_run_9,ecology_test_1_slow,543329,8465,588,846500,f,if-les-0,28810,0.03403425871234495,/Users/alinaqvi/Desktop/github_projects/avida/work/ecology_test_1_slow_run_9/data/detail-543329.spop
ecology_test_1_slow_run_9,ecology_test_1_slow,543329,8465,588,846500,g,if-grt-0,21888,0.025857058476077967,/Users/alinaqvi/Desktop/github_projects/avida/work/ecology_test_1_slow_run_9/data/detail-543329.spop
ecology_test_1_slow_run_9,ecology_test_1_slow,543329,8465,588,846500,h,if-label,27693,0.03271470761961016,/Users/alinaqvi/Desktop/github_projects/avida/work/ecology_test_1_slow_run_9/data/detail-543329.spop
ecology_test_1_slow_run_9,ecology_test_1_slow,543329,8465,588,846500,i,zero,35246,0.04163733018310691,/Users/alinaqvi/Desktop/github_projects/avida/work/ecology_test_1_slow_run_9/data/detail-543329.spop
ecology_test_1_slow_run_9,ecology_test_1_slow,543329,8465,588,846500,j,inc,21121,0.02495097460129947,/Users/alinaqvi/Desktop/github_projects/avida/work/ecology_test_1_slow_run_9/data/detail-543329.spop
ecology_test_1_slow_run_9,ecology_test_1_slow,543329,8465,588,846500,k,dec,18670,0.022055522740696987,/Users/alinaqvi/Desktop/github_projects/avida/work/ecology_test_1_slow_run_9/data/detail-543329.spop
ecology_test_1_slow_run_9,ecology_test_1_slow,543329,8465,588,846500,l,push,16780,0.01982279976373302,/Users/alinaqvi/Desktop/github_projects/avida/work/ecology_test_1_slow_run_9/data/detail-543329.spop
ecology_test_1_slow_run_9,ecology_test_1_slow,543329,8465,588,846500,m,pop,16388,0.019359716479621973,/Users/alinaqvi/Desktop/github_projects/avida/work/ecology_test_1_slow_run_9/data/detail-543329.spop
ecology_test_1_slow_run_9,ecology_test_1_slow,543329,8465,588,846500,n,swap-stk,15121,0.017862965150620202,/Users/alinaqvi/Desktop/github_projects/avida/work/ecology_test_1_slow_run_9/data/detail-543329.spop
ecology_test_1_slow_run_9,ecology_test_1_slow,543329,8465,588,846500,o,swap,19534,0.023076196101594802,/Users/alinaqvi/Desktop/github_projects/avida/work/ecology_test_1_slow_run_9/data/detail-543329.spop
ecology_test_1_slow_run_9,ecology_test_1_slow,543329,8465,588,846500,p,add,17165,0.020277613703484937,/Users/alinaqvi/Desktop/github_projects/avida/work/ecology_test_1_slow_run_9/data/detail-543329.spop
ecology_test_1_slow_run_9,ecology_test_1_slow,543329,8465,588,846500,q,sub,16018,0.018922622563496753,/Users/alinaqvi/Desktop/github_projects/avida/work/ecology_test_1_slow_run_9/data/detail-543329.spop
ecology_test_1_slow_run_9,ecology_test_1_slow,543329,8465,588,846500,r,nand,6850,0.00809214412285883,/Users/alinaqvi/Desktop/github_projects/avida/work/ecology_test_1_slow_run_9/data/detail-543329.spop
ecology_test_1_slow_run_9,ecology_test_1_slow,543329,8465,588,846500,s,repro,45851,0.05416538688718252,/Users/alinaqvi/Desktop/github_projects/avida/work/ecology_test_1_slow_run_9/data/detail-543329.spop
ecology_test_1_slow_run_9,ecology_test_1_slow,543329,8465,588,846500,t,repro-semel,8707,0.010285883047844065,/Users/alinaqvi/Desktop/github_projects/avida/work/ecology_test_1_slow_run_9/data/detail-543329.spop
ecology_test_1_slow_run_9,ecology_test_1_slow,543329,8465,588,846500,u,move,194454,0.22971529828706438,/Users/alinaqvi/Desktop/github_projects/avida/work/ecology_test_1_slow_run_9/data/detail-543329.spop
ecology_test_1_slow_run_9,ecology_test_1_slow,543329,8465,588,846500,v,rotate-left-one,14788,0.0174695806261075,/Users/alinaqvi/Desktop/github_projects/avida/work/ecology_test_1_slow_run_9/data/detail-543329.spop
ecology_test_1_slow_run_9,ecology_test_1_slow,543329,8465,588,846500,w,rotate-right-one,1077,0.0012722976963969285,/Users/alinaqvi/Desktop/github_projects/avida/work/ecology_test_1_slow_run_9/data/detail-543329.spop
ecology_test_1_slow_run_9,ecology_test_1_slow,543329,8465,588,846500,x,sense-resource0,17383,0.020535144713526285,/Users/alinaqvi/Desktop/github_projects/avida/work/ecology_test_1_slow_run_9/data/detail-543329.spop
ecology_test_1_slow_run_9,ecology_test_1_slow,543329,8465,588,846500,y,sense-faced-resource0,6541,0.007727111636148848,/Users/alinaqvi/Desktop/github_projects/avida/work/ecology_test_1_slow_run_9/data/detail-543329.spop
ecology_test_1_slow_run_10,ecology_test_1_slow,9436,6,1,600,a,nop-B,0,0.0,/Users/alinaqvi/Desktop/github_projects/avida/work/ecology_test_1_slow_run_10/data/detail-9436.spop
ecology_test_1_slow_run_10,ecology_test_1_slow,9436,6,1,600,b,nop-C,456,0.76,/Users/alinaqvi/Desktop/github_projects/avida/work/ecology_test_1_slow_run_10/data/detail-9436.spop
ecology_test_1_slow_run_10,ecology_test_1_slow,9436,6,1,600,c,if-n-equ,6,0.01,/Users/alinaqvi/Desktop/github_projects/avida/work/ecology_test_1_slow_run_10/data/detail-9436.spop
ecology_test_1_slow_run_10,ecology_test_1_slow,9436,6,1,600,d,if-less,0,0.0,/Users/alinaqvi/Desktop/github_projects/avida/work/ecology_test_1_slow_run_10/data/detail-9436.spop
ecology_test_1_slow_run_10,ecology_test_1_slow,9436,6,1,600,e,if-not-0,6,0.01,/Users/alinaqvi/Desktop/github_projects/avida/work/ecology_test_1_slow_run_10/data/detail-9436.spop
ecology_test_1_slow_run_10,ecology_test_1_slow,9436,6,1,600,f,if-les-0,0,0.0,/Users/alinaqvi/Desktop/github_projects/avida/work/ecology_test_1_slow_run_10/data/detail-9436.spop
ecology_test_1_slow_run_10,ecology_test_1_slow,9436,6,1,600,g,if-grt-0,6,0.01,/Users/alinaqvi/Desktop/github_projects/avida/work/ecology_test_1_slow_run_10/data/detail-9436.spop
ecology_test_1_slow_run_10,ecology_test_1_slow,9436,6,1,600,h,if-label,12,0.02,/Users/alinaqvi/Desktop/github_projects/avida/work/ecology_test_1_slow_run_10/data/detail-9436.spop
ecology_test_1_slow_run_10,ecology_test_1_slow,9436,6,1,600,i,zero,6,0.01,/Users/alinaqvi/Desktop/github_projects/avida/work/ecology_test_1_slow_run_10/data/detail-9436.spop
ecology_test_1_slow_run_10,ecology_test_1_slow,9436,6,1,600,j,inc,0,0.0,/Users/alinaqvi/Desktop/github_projects/avida/work/ecology_test_1_slow_run_10/data/detail-9436.spop
ecology_test_1_slow_run_10,ecology_test_1_slow,9436,6,1,600,k,dec,12,0.02,/Users/alinaqvi/Desktop/github_projects/avida/work/ecology_test_1_slow_run_10/data/detail-9436.spop
ecology_test_1_slow_run_10,ecology_test_1_slow,9436,6,1,600,l,push,0,0.0,/Users/alinaqvi/Desktop/github_projects/avida/work/ecology_test_1_slow_run_10/data/detail-9436.spop
ecology_test_1_slow_run_10,ecology_test_1_slow,9436,6,1,600,m,pop,12,0.02,/Users/alinaqvi/Desktop/github_projects/avida/work/ecology_test_1_slow_run_10/data/detail-9436.spop
ecology_test_1_slow_run_10,ecology_test_1_slow,9436,6,1,600,n,swap-stk,6,0.01,/Users/alinaqvi/Desktop/github_projects/avida/work/ecology_test_1_slow_run_10/data/detail-9436.spop
ecology_test_1_slow_run_10,ecology_test_1_slow,9436,6,1,600,o,swap,0,0.0,/Users/alinaqvi/Desktop/github_projects/avida/work/ecology_test_1_slow_run_10/data/detail-9436.spop
ecology_test_1_slow_run_10,ecology_test_1_slow,9436,6,1,600,p,add,6,0.01,/Users/alinaqvi/Desktop/github_projects/avida/work/ecology_test_1_slow_run_10/data/detail-9436.spop
ecology_test_1_slow_run_10,ecology_test_1_slow,9436,6,1,600,q,sub,0,0.0,/Users/alinaqvi/Desktop/github_projects/avida/work/ecology_test_1_slow_run_10/data/detail-9436.spop
ecology_test_1_slow_run_10,ecology_test_1_slow,9436,6,1,600,r,nand,6,0.01,/Users/alinaqvi/Desktop/github_projects/avida/work/ecology_test_1_slow_run_10/data/detail-9436.spop
ecology_test_1_slow_run_10,ecology_test_1_slow,9436,6,1,600,s,repro,36,0.06,/Users/alinaqvi/Desktop/github_projects/avida/work/ecology_test_1_slow_run_10/data/detail-9436.spop
ecology_test_1_slow_run_10,ecology_test_1_slow,9436,6,1,600,t,repro-semel,0,0.0,/Users/alinaqvi/Desktop/github_projects/avida/work/ecology_test_1_slow_run_10/data/detail-9436.spop
ecology_test_1_slow_run_10,ecology_test_1_slow,9436,6,1,600,u,move,6,0.01,/Users/alinaqvi/Desktop/github_projects/avida/work/ecology_test_1_slow_run_10/data/detail-9436.spop
ecology_test_1_slow_run_10,ecology_test_1_slow,9436,6,1,600,v,rotate-left-one,6,0.01,/Users/alinaqvi/Desktop/github_projects/avida/work/ecology_test_1_slow_run_10/data/detail-9436.spop
ecology_test_1_slow_run_10,ecology_test_1_slow,9436,6,1,600,w,rotate-right-one,0,0.0,/Users/alinaqvi/Desktop/github_projects/avida/work/ecology_test_1_slow_run_10/data/detail-9436.spop
ecology_test_1_slow_run_10,ecology_test_1_slow,9436,6,1,600,x,sense-resource0,0,0.0,/Users/alinaqvi/Desktop/github_projects/avida/work/ecology_test_1_slow_run_10/data/detail-9436.spop
ecology_test_1_slow_run_10,ecology_test_1_slow,9436,6,1,600,y,sense-faced-resource0,18,0.03,/Users/alinaqvi/Desktop/github_projects/avida/work/ecology_test_1_slow_run_10/data/detail-9436.spop
ecology_test_1_slow_run_11,ecology_test_1_slow,0,171,2,17100,a,nop-B,0,0.0,/Users/alinaqvi/Desktop/github_projects/avida/work/ecology_test_1_slow_run_11/data/detail-0.spop
ecology_test_1_slow_run_11,ecology_test_1_slow,0,171,2,17100,b,nop-C,16629,0.9724561403508772,/Users/alinaqvi/Desktop/github_projects/avida/work/ecology_test_1_slow_run_11/data/detail-0.spop
ecology_test_1_slow_run_11,ecology_test_1_slow,0,171,2,17100,c,if-n-equ,0,0.0,/Users/alinaqvi/Desktop/github_projects/avida/work/ecology_test_1_slow_run_11/data/detail-0.spop
ecology_test_1_slow_run_11,ecology_test_1_slow,0,171,2,17100,d,if-less,0,0.0,/Users/alinaqvi/Desktop/github_projects/avida/work/ecology_test_1_slow_run_11/data/detail-0.spop
ecology_test_1_slow_run_11,ecology_test_1_slow,0,171,2,17100,e,if-not-0,0,0.0,/Users/alinaqvi/Desktop/github_projects/avida/work/ecology_test_1_slow_run_11/data/detail-0.spop
ecology_test_1_slow_run_11,ecology_test_1_slow,0,171,2,17100,f,if-les-0,0,0.0,/Users/alinaqvi/Desktop/github_projects/avida/work/ecology_test_1_slow_run_11/data/detail-0.spop
ecology_test_1_slow_run_11,ecology_test_1_slow,0,171,2,17100,g,if-grt-0,0,0.0,/Users/alinaqvi/Desktop/github_projects/avida/work/ecology_test_1_slow_run_11/data/detail-0.spop
ecology_test_1_slow_run_11,ecology_test_1_slow,0,171,2,17100,h,if-label,0,0.0,/Users/alinaqvi/Desktop/github_projects/avida/work/ecology_test_1_slow_run_11/data/detail-0.spop
ecology_test_1_slow_run_11,ecology_test_1_slow,0,171,2,17100,i,zero,0,0.0,/Users/alinaqvi/Desktop/github_projects/avida/work/ecology_test_1_slow_run_11/data/detail-0.spop
ecology_test_1_slow_run_11,ecology_test_1_slow,0,171,2,17100,j,inc,0,0.0,/Users/alinaqvi/Desktop/github_projects/avida/work/ecology_test_1_slow_run_11/data/detail-0.spop
ecology_test_1_slow_run_11,ecology_test_1_slow,0,171,2,17100,k,dec,0,0.0,/Users/alinaqvi/Desktop/github_projects/avida/work/ecology_test_1_slow_run_11/data/detail-0.spop
ecology_test_1_slow_run_11,ecology_test_1_slow,0,171,2,17100,l,push,0,0.0,/Users/alinaqvi/Desktop/github_projects/avida/work/ecology_test_1_slow_run_11/data/detail-0.spop
ecology_test_1_slow_run_11,ecology_test_1_slow,0,171,2,17100,m,pop,0,0.0,/Users/alinaqvi/Desktop/github_projects/avida/work/ecology_test_1_slow_run_11/data/detail-0.spop
ecology_test_1_slow_run_11,ecology_test_1_slow,0,171,2,17100,n,swap-stk,0,0.0,/Users/alinaqvi/Desktop/github_projects/avida/work/ecology_test_1_slow_run_11/data/detail-0.spop
ecology_test_1_slow_run_11,ecology_test_1_slow,0,171,2,17100,o,swap,0,0.0,/Users/alinaqvi/Desktop/github_projects/avida/work/ecology_test_1_slow_run_11/data/detail-0.spop
ecology_test_1_slow_run_11,ecology_test_1_slow,0,171,2,17100,p,add,0,0.0,/Users/alinaqvi/Desktop/github_projects/avida/work/ecology_test_1_slow_run_11/data/detail-0.spop
ecology_test_1_slow_run_11,ecology_test_1_slow,0,171,2,17100,q,sub,0,0.0,/Users/alinaqvi/Desktop/github_projects/avida/work/ecology_test_1_slow_run_11/data/detail-0.spop
ecology_test_1_slow_run_11,ecology_test_1_slow,0,171,2,17100,r,nand,0,0.0,/Users/alinaqvi/Desktop/github_projects/avida/work/ecology_test_1_slow_run_11/data/detail-0.spop
ecology_test_1_slow_run_11,ecology_test_1_slow,0,171,2,17100,s,repro,400,0.023391812865497075,/Users/alinaqvi/Desktop/github_projects/avida/work/ecology_test_1_slow_run_11/data/detail-0.spop
ecology_test_1_slow_run_11,ecology_test_1_slow,0,171,2,17100,t,repro-semel,71,0.004152046783625731,/Users/alinaqvi/Desktop/github_projects/avida/work/ecology_test_1_slow_run_11/data/detail-0.spop
ecology_test_1_slow_run_11,ecology_test_1_slow,0,171,2,17100,u,move,0,0.0,/Users/alinaqvi/Desktop/github_projects/avida/work/ecology_test_1_slow_run_11/data/detail-0.spop
ecology_test_1_slow_run_11,ecology_test_1_slow,0,171,2,17100,v,rotate-left-one,0,0.0,/Users/alinaqvi/Desktop/github_projects/avida/work/ecology_test_1_slow_run_11/data/detail-0.spop
ecology_test_1_slow_run_11,ecology_test_1_slow,0,171,2,17100,w,rotate-right-one,0,0.0,/Users/alinaqvi/Desktop/github_projects/avida/work/ecology_test_1_slow_run_11/data/detail-0.spop
ecology_test_1_slow_run_11,ecology_test_1_slow,0,171,2,17100,x,sense-resource0,0,0.0,/Users/alinaqvi/Desktop/github_projects/avida/work/ecology_test_1_slow_run_11/data/detail-0.spop
ecology_test_1_slow_run_11,ecology_test_1_slow,0,171,2,17100,y,sense-faced-resource0,0,0.0,/Users/alinaqvi/Desktop/github_projects/avida/work/ecology_test_1_slow_run_11/data/detail-0.spop
ecology_test_1_slow_run_12,ecology_test_1_slow,0,176,2,17600,a,nop-B,0,0.0,/Users/alinaqvi/Desktop/github_projects/avida/work/ecology_test_1_slow_run_12/data/detail-0.spop
ecology_test_1_slow_run_12,ecology_test_1_slow,0,176,2,17600,b,nop-C,17124,0.9729545454545454,/Users/alinaqvi/Desktop/github_projects/avida/work/ecology_test_1_slow_run_12/data/detail-0.spop
ecology_test_1_slow_run_12,ecology_test_1_slow,0,176,2,17600,c,if-n-equ,0,0.0,/Users/alinaqvi/Desktop/github_projects/avida/work/ecology_test_1_slow_run_12/data/detail-0.spop
ecology_test_1_slow_run_12,ecology_test_1_slow,0,176,2,17600,d,if-less,0,0.0,/Users/alinaqvi/Desktop/github_projects/avida/work/ecology_test_1_slow_run_12/data/detail-0.spop
ecology_test_1_slow_run_12,ecology_test_1_slow,0,176,2,17600,e,if-not-0,0,0.0,/Users/alinaqvi/Desktop/github_projects/avida/work/ecology_test_1_slow_run_12/data/detail-0.spop
ecology_test_1_slow_run_12,ecology_test_1_slow,0,176,2,17600,f,if-les-0,0,0.0,/Users/alinaqvi/Desktop/github_projects/avida/work/ecology_test_1_slow_run_12/data/detail-0.spop
ecology_test_1_slow_run_12,ecology_test_1_slow,0,176,2,17600,g,if-grt-0,0,0.0,/Users/alinaqvi/Desktop/github_projects/avida/work/ecology_test_1_slow_run_12/data/detail-0.spop
ecology_test_1_slow_run_12,ecology_test_1_slow,0,176,2,17600,h,if-label,0,0.0,/Users/alinaqvi/Desktop/github_projects/avida/work/ecology_test_1_slow_run_12/data/detail-0.spop
ecology_test_1_slow_run_12,ecology_test_1_slow,0,176,2,17600,i,zero,0,0.0,/Users/alinaqvi/Desktop/github_projects/avida/work/ecology_test_1_slow_run_12/data/detail-0.spop
ecology_test_1_slow_run_12,ecology_test_1_slow,0,176,2,17600,j,inc,0,0.0,/Users/alinaqvi/Desktop/github_projects/avida/work/ecology_test_1_slow_run_12/data/detail-0.spop
ecology_test_1_slow_run_12,ecology_test_1_slow,0,176,2,17600,k,dec,0,0.0,/Users/alinaqvi/Desktop/github_projects/avida/work/ecology_test_1_slow_run_12/data/detail-0.spop
ecology_test_1_slow_run_12,ecology_test_1_slow,0,176,2,17600,l,push,0,0.0,/Users/alinaqvi/Desktop/github_projects/avida/work/ecology_test_1_slow_run_12/data/detail-0.spop
ecology_test_1_slow_run_12,ecology_test_1_slow,0,176,2,17600,m,pop,0,0.0,/Users/alinaqvi/Desktop/github_projects/avida/work/ecology_test_1_slow_run_12/data/detail-0.spop
ecology_test_1_slow_run_12,ecology_test_1_slow,0,176,2,17600,n,swap-stk,0,0.0,/Users/alinaqvi/Desktop/github_projects/avida/work/ecology_test_1_slow_run_12/data/detail-0.spop
ecology_test_1_slow_run_12,ecology_test_1_slow,0,176,2,17600,o,swap,0,0.0,/Users/alinaqvi/Desktop/github_projects/avida/work/ecology_test_1_slow_run_12/data/detail-0.spop
ecology_test_1_slow_run_12,ecology_test_1_slow,0,176,2,17600,p,add,0,0.0,/Users/alinaqvi/Desktop/github_projects/avida/work/ecology_test_1_slow_run_12/data/detail-0.spop
ecology_test_1_slow_run_12,ecology_test_1_slow,0,176,2,17600,q,sub,0,0.0,/Users/alinaqvi/Desktop/github_projects/avida/work/ecology_test_1_slow_run_12/data/detail-0.spop
ecology_test_1_slow_run_12,ecology_test_1_slow,0,176,2,17600,r,nand,0,0.0,/Users/alinaqvi/Desktop/github_projects/avida/work/ecology_test_1_slow_run_12/data/detail-0.spop
ecology_test_1_slow_run_12,ecology_test_1_slow,0,176,2,17600,s,repro,400,0.022727272727272728,/Users/alinaqvi/Desktop/github_projects/avida/work/ecology_test_1_slow_run_12/data/detail-0.spop
ecology_test_1_slow_run_12,ecology_test_1_slow,0,176,2,17600,t,repro-semel,76,0.004318181818181818,/Users/alinaqvi/Desktop/github_projects/avida/work/ecology_test_1_slow_run_12/data/detail-0.spop
ecology_test_1_slow_run_12,ecology_test_1_slow,0,176,2,17600,u,move,0,0.0,/Users/alinaqvi/Desktop/github_projects/avida/work/ecology_test_1_slow_run_12/data/detail-0.spop
ecology_test_1_slow_run_12,ecology_test_1_slow,0,176,2,17600,v,rotate-left-one,0,0.0,/Users/alinaqvi/Desktop/github_projects/avida/work/ecology_test_1_slow_run_12/data/detail-0.spop
ecology_test_1_slow_run_12,ecology_test_1_slow,0,176,2,17600,w,rotate-right-one,0,0.0,/Users/alinaqvi/Desktop/github_projects/avida/work/ecology_test_1_slow_run_12/data/detail-0.spop
ecology_test_1_slow_run_12,ecology_test_1_slow,0,176,2,17600,x,sense-resource0,0,0.0,/Users/alinaqvi/Desktop/github_projects/avida/work/ecology_test_1_slow_run_12/data/detail-0.spop
ecology_test_1_slow_run_12,ecology_test_1_slow,0,176,2,17600,y,sense-faced-resource0,0,0.0,/Users/alinaqvi/Desktop/github_projects/avida/work/ecology_test_1_slow_run_12/data/detail-0.spop
ecology_test_1_slow_run_13,ecology_test_1_slow,0,182,2,18200,a,nop-B,0,0.0,/Users/alinaqvi/Desktop/github_projects/avida/work/ecology_test_1_slow_run_13/data/detail-0.spop
ecology_test_1_slow_run_13,ecology_test_1_slow,0,182,2,18200,b,nop-C,17718,0.9735164835164836,/Users/alinaqvi/Desktop/github_projects/avida/work/ecology_test_1_slow_run_13/data/detail-0.spop
ecology_test_1_slow_run_13,ecology_test_1_slow,0,182,2,18200,c,if-n-equ,0,0.0,/Users/alinaqvi/Desktop/github_projects/avida/work/ecology_test_1_slow_run_13/data/detail-0.spop
ecology_test_1_slow_run_13,ecology_test_1_slow,0,182,2,18200,d,if-less,0,0.0,/Users/alinaqvi/Desktop/github_projects/avida/work/ecology_test_1_slow_run_13/data/detail-0.spop
ecology_test_1_slow_run_13,ecology_test_1_slow,0,182,2,18200,e,if-not-0,0,0.0,/Users/alinaqvi/Desktop/github_projects/avida/work/ecology_test_1_slow_run_13/data/detail-0.spop
ecology_test_1_slow_run_13,ecology_test_1_slow,0,182,2,18200,f,if-les-0,0,0.0,/Users/alinaqvi/Desktop/github_projects/avida/work/ecology_test_1_slow_run_13/data/detail-0.spop
ecology_test_1_slow_run_13,ecology_test_1_slow,0,182,2,18200,g,if-grt-0,0,0.0,/Users/alinaqvi/Desktop/github_projects/avida/work/ecology_test_1_slow_run_13/data/detail-0.spop
ecology_test_1_slow_run_13,ecology_test_1_slow,0,182,2,18200,h,if-label,0,0.0,/Users/alinaqvi/Desktop/github_projects/avida/work/ecology_test_1_slow_run_13/data/detail-0.spop
ecology_test_1_slow_run_13,ecology_test_1_slow,0,182,2,18200,i,zero,0,0.0,/Users/alinaqvi/Desktop/github_projects/avida/work/ecology_test_1_slow_run_13/data/detail-0.spop
ecology_test_1_slow_run_13,ecology_test_1_slow,0,182,2,18200,j,inc,0,0.0,/Users/alinaqvi/Desktop/github_projects/avida/work/ecology_test_1_slow_run_13/data/detail-0.spop
ecology_test_1_slow_run_13,ecology_test_1_slow,0,182,2,18200,k,dec,0,0.0,/Users/alinaqvi/Desktop/github_projects/avida/work/ecology_test_1_slow_run_13/data/detail-0.spop
ecology_test_1_slow_run_13,ecology_test_1_slow,0,182,2,18200,l,push,0,0.0,/Users/alinaqvi/Desktop/github_projects/avida/work/ecology_test_1_slow_run_13/data/detail-0.spop
ecology_test_1_slow_run_13,ecology_test_1_slow,0,182,2,18200,m,pop,0,0.0,/Users/alinaqvi/Desktop/github_projects/avida/work/ecology_test_1_slow_run_13/data/detail-0.spop
ecology_test_1_slow_run_13,ecology_test_1_slow,0,182,2,18200,n,swap-stk,0,0.0,/Users/alinaqvi/Desktop/github_projects/avida/work/ecology_test_1_slow_run_13/data/detail-0.spop
ecology_test_1_slow_run_13,ecology_test_1_slow,0,182,2,18200,o,swap,0,0.0,/Users/alinaqvi/Desktop/github_projects/avida/work/ecology_test_1_slow_run_13/data/detail-0.spop
ecology_test_1_slow_run_13,ecology_test_1_slow,0,182,2,18200,p,add,0,0.0,/Users/alinaqvi/Desktop/github_projects/avida/work/ecology_test_1_slow_run_13/data/detail-0.spop
ecology_test_1_slow_run_13,ecology_test_1_slow,0,182,2,18200,q,sub,0,0.0,/Users/alinaqvi/Desktop/github_projects/avida/work/ecology_test_1_slow_run_13/data/detail-0.spop
ecology_test_1_slow_run_13,ecology_test_1_slow,0,182,2,18200,r,nand,0,0.0,/Users/alinaqvi/Desktop/github_projects/avida/work/ecology_test_1_slow_run_13/data/detail-0.spop
ecology_test_1_slow_run_13,ecology_test_1_slow,0,182,2,18200,s,repro,400,0.02197802197802198,/Users/alinaqvi/Desktop/github_projects/avida/work/ecology_test_1_slow_run_13/data/detail-0.spop
ecology_test_1_slow_run_13,ecology_test_1_slow,0,182,2,18200,t,repro-semel,82,0.004505494505494505,/Users/alinaqvi/Desktop/github_projects/avida/work/ecology_test_1_slow_run_13/data/detail-0.spop
ecology_test_1_slow_run_13,ecology_test_1_slow,0,182,2,18200,u,move,0,0.0,/Users/alinaqvi/Desktop/github_projects/avida/work/ecology_test_1_slow_run_13/data/detail-0.spop
ecology_test_1_slow_run_13,ecology_test_1_slow,0,182,2,18200,v,rotate-left-one,0,0.0,/Users/alinaqvi/Desktop/github_projects/avida/work/ecology_test_1_slow_run_13/data/detail-0.spop
ecology_test_1_slow_run_13,ecology_test_1_slow,0,182,2,18200,w,rotate-right-one,0,0.0,/Users/alinaqvi/Desktop/github_projects/avida/work/ecology_test_1_slow_run_13/data/detail-0.spop
ecology_test_1_slow_run_13,ecology_test_1_slow,0,182,2,18200,x,sense-resource0,0,0.0,/Users/alinaqvi/Desktop/github_projects/avida/work/ecology_test_1_slow_run_13/data/detail-0.spop
ecology_test_1_slow_run_13,ecology_test_1_slow,0,182,2,18200,y,sense-faced-resource0,0,0.0,/Users/alinaqvi/Desktop/github_projects/avida/work/ecology_test_1_slow_run_13/data/detail-0.spop
ecology_test_1_slow_run_14,ecology_test_1_slow,0,172,2,17200,a,nop-B,0,0.0,/Users/alinaqvi/Desktop/github_projects/avida/work/ecology_test_1_slow_run_14/data/detail-0.spop
ecology_test_1_slow_run_14,ecology_test_1_slow,0,172,2,17200,b,nop-C,16728,0.9725581395348837,/Users/alinaqvi/Desktop/github_projects/avida/work/ecology_test_1_slow_run_14/data/detail-0.spop
ecology_test_1_slow_run_14,ecology_test_1_slow,0,172,2,17200,c,if-n-equ,0,0.0,/Users/alinaqvi/Desktop/github_projects/avida/work/ecology_test_1_slow_run_14/data/detail-0.spop
ecology_test_1_slow_run_14,ecology_test_1_slow,0,172,2,17200,d,if-less,0,0.0,/Users/alinaqvi/Desktop/github_projects/avida/work/ecology_test_1_slow_run_14/data/detail-0.spop
ecology_test_1_slow_run_14,ecology_test_1_slow,0,172,2,17200,e,if-not-0,0,0.0,/Users/alinaqvi/Desktop/github_projects/avida/work/ecology_test_1_slow_run_14/data/detail-0.spop
ecology_test_1_slow_run_14,ecology_test_1_slow,0,172,2,17200,f,if-les-0,0,0.0,/Users/alinaqvi/Desktop/github_projects/avida/work/ecology_test_1_slow_run_14/data/detail-0.spop
ecology_test_1_slow_run_14,ecology_test_1_slow,0,172,2,17200,g,if-grt-0,0,0.0,/Users/alinaqvi/Desktop/github_projects/avida/work/ecology_test_1_slow_run_14/data/detail-0.spop
ecology_test_1_slow_run_14,ecology_test_1_slow,0,172,2,17200,h,if-label,0,0.0,/Users/alinaqvi/Desktop/github_projects/avida/work/ecology_test_1_slow_run_14/data/detail-0.spop
ecology_test_1_slow_run_14,ecology_test_1_slow,0,172,2,17200,i,zero,0,0.0,/Users/alinaqvi/Desktop/github_projects/avida/work/ecology_test_1_slow_run_14/data/detail-0.spop
ecology_test_1_slow_run_14,ecology_test_1_slow,0,172,2,17200,j,inc,0,0.0,/Users/alinaqvi/Desktop/github_projects/avida/work/ecology_test_1_slow_run_14/data/detail-0.spop
ecology_test_1_slow_run_14,ecology_test_1_slow,0,172,2,17200,k,dec,0,0.0,/Users/alinaqvi/Desktop/github_projects/avida/work/ecology_test_1_slow_run_14/data/detail-0.spop
ecology_test_1_slow_run_14,ecology_test_1_slow,0,172,2,17200,l,push,0,0.0,/Users/alinaqvi/Desktop/github_projects/avida/work/ecology_test_1_slow_run_14/data/detail-0.spop
ecology_test_1_slow_run_14,ecology_test_1_slow,0,172,2,17200,m,pop,0,0.0,/Users/alinaqvi/Desktop/github_projects/avida/work/ecology_test_1_slow_run_14/data/detail-0.spop
ecology_test_1_slow_run_14,ecology_test_1_slow,0,172,2,17200,n,swap-stk,0,0.0,/Users/alinaqvi/Desktop/github_projects/avida/work/ecology_test_1_slow_run_14/data/detail-0.spop
ecology_test_1_slow_run_14,ecology_test_1_slow,0,172,2,17200,o,swap,0,0.0,/Users/alinaqvi/Desktop/github_projects/avida/work/ecology_test_1_slow_run_14/data/detail-0.spop
ecology_test_1_slow_run_14,ecology_test_1_slow,0,172,2,17200,p,add,0,0.0,/Users/alinaqvi/Desktop/github_projects/avida/work/ecology_test_1_slow_run_14/data/detail-0.spop
ecology_test_1_slow_run_14,ecology_test_1_slow,0,172,2,17200,q,sub,0,0.0,/Users/alinaqvi/Desktop/github_projects/avida/work/ecology_test_1_slow_run_14/data/detail-0.spop
ecology_test_1_slow_run_14,ecology_test_1_slow,0,172,2,17200,r,nand,0,0.0,/Users/alinaqvi/Desktop/github_projects/avida/work/ecology_test_1_slow_run_14/data/detail-0.spop
ecology_test_1_slow_run_14,ecology_test_1_slow,0,172,2,17200,s,repro,400,0.023255813953488372,/Users/alinaqvi/Desktop/github_projects/avida/work/ecology_test_1_slow_run_14/data/detail-0.spop
ecology_test_1_slow_run_14,ecology_test_1_slow,0,172,2,17200,t,repro-semel,72,0.004186046511627907,/Users/alinaqvi/Desktop/github_projects/avida/work/ecology_test_1_slow_run_14/data/detail-0.spop
ecology_test_1_slow_run_14,ecology_test_1_slow,0,172,2,17200,u,move,0,0.0,/Users/alinaqvi/Desktop/github_projects/avida/work/ecology_test_1_slow_run_14/data/detail-0.spop
ecology_test_1_slow_run_14,ecology_test_1_slow,0,172,2,17200,v,rotate-left-one,0,0.0,/Users/alinaqvi/Desktop/github_projects/avida/work/ecology_test_1_slow_run_14/data/detail-0.spop
ecology_test_1_slow_run_14,ecology_test_1_slow,0,172,2,17200,w,rotate-right-one,0,0.0,/Users/alinaqvi/Desktop/github_projects/avida/work/ecology_test_1_slow_run_14/data/detail-0.spop
ecology_test_1_slow_run_14,ecology_test_1_slow,0,172,2,17200,x,sense-resource0,0,0.0,/Users/alinaqvi/Desktop/github_projects/avida/work/ecology_test_1_slow_run_14/data/detail-0.spop
ecology_test_1_slow_run_14,ecology_test_1_slow,0,172,2,17200,y,sense-faced-resource0,0,0.0,/Users/alinaqvi/Desktop/github_projects/avida/work/ecology_test_1_slow_run_14/data/detail-0.spop
ecology_test_1_slow_run_15,ecology_test_1_slow,0,178,2,17800,a,nop-B,0,0.0,/Users/alinaqvi/Desktop/github_projects/avida/work/ecology_test_1_slow_run_15/data/detail-0.spop
ecology_test_1_slow_run_15,ecology_test_1_slow,0,178,2,17800,b,nop-C,17322,0.9731460674157303,/Users/alinaqvi/Desktop/github_projects/avida/work/ecology_test_1_slow_run_15/data/detail-0.spop
ecology_test_1_slow_run_15,ecology_test_1_slow,0,178,2,17800,c,if-n-equ,0,0.0,/Users/alinaqvi/Desktop/github_projects/avida/work/ecology_test_1_slow_run_15/data/detail-0.spop
ecology_test_1_slow_run_15,ecology_test_1_slow,0,178,2,17800,d,if-less,0,0.0,/Users/alinaqvi/Desktop/github_projects/avida/work/ecology_test_1_slow_run_15/data/detail-0.spop
ecology_test_1_slow_run_15,ecology_test_1_slow,0,178,2,17800,e,if-not-0,0,0.0,/Users/alinaqvi/Desktop/github_projects/avida/work/ecology_test_1_slow_run_15/data/detail-0.spop
ecology_test_1_slow_run_15,ecology_test_1_slow,0,178,2,17800,f,if-les-0,0,0.0,/Users/alinaqvi/Desktop/github_projects/avida/work/ecology_test_1_slow_run_15/data/detail-0.spop
ecology_test_1_slow_run_15,ecology_test_1_slow,0,178,2,17800,g,if-grt-0,0,0.0,/Users/alinaqvi/Desktop/github_projects/avida/work/ecology_test_1_slow_run_15/data/detail-0.spop
ecology_test_1_slow_run_15,ecology_test_1_slow,0,178,2,17800,h,if-label,0,0.0,/Users/alinaqvi/Desktop/github_projects/avida/work/ecology_test_1_slow_run_15/data/detail-0.spop
ecology_test_1_slow_run_15,ecology_test_1_slow,0,178,2,17800,i,zero,0,0.0,/Users/alinaqvi/Desktop/github_projects/avida/work/ecology_test_1_slow_run_15/data/detail-0.spop
ecology_test_1_slow_run_15,ecology_test_1_slow,0,178,2,17800,j,inc,0,0.0,/Users/alinaqvi/Desktop/github_projects/avida/work/ecology_test_1_slow_run_15/data/detail-0.spop
ecology_test_1_slow_run_15,ecology_test_1_slow,0,178,2,17800,k,dec,0,0.0,/Users/alinaqvi/Desktop/github_projects/avida/work/ecology_test_1_slow_run_15/data/detail-0.spop
ecology_test_1_slow_run_15,ecology_test_1_slow,0,178,2,17800,l,push,0,0.0,/Users/alinaqvi/Desktop/github_projects/avida/work/ecology_test_1_slow_run_15/data/detail-0.spop
ecology_test_1_slow_run_15,ecology_test_1_slow,0,178,2,17800,m,pop,0,0.0,/Users/alinaqvi/Desktop/github_projects/avida/work/ecology_test_1_slow_run_15/data/detail-0.spop
ecology_test_1_slow_run_15,ecology_test_1_slow,0,178,2,17800,n,swap-stk,0,0.0,/Users/alinaqvi/Desktop/github_projects/avida/work/ecology_test_1_slow_run_15/data/detail-0.spop
ecology_test_1_slow_run_15,ecology_test_1_slow,0,178,2,17800,o,swap,0,0.0,/Users/alinaqvi/Desktop/github_projects/avida/work/ecology_test_1_slow_run_15/data/detail-0.spop
ecology_test_1_slow_run_15,ecology_test_1_slow,0,178,2,17800,p,add,0,0.0,/Users/alinaqvi/Desktop/github_projects/avida/work/ecology_test_1_slow_run_15/data/detail-0.spop
ecology_test_1_slow_run_15,ecology_test_1_slow,0,178,2,17800,q,sub,0,0.0,/Users/alinaqvi/Desktop/github_projects/avida/work/ecology_test_1_slow_run_15/data/detail-0.spop
ecology_test_1_slow_run_15,ecology_test_1_slow,0,178,2,17800,r,nand,0,0.0,/Users/alinaqvi/Desktop/github_projects/avida/work/ecology_test_1_slow_run_15/data/detail-0.spop
ecology_test_1_slow_run_15,ecology_test_1_slow,0,178,2,17800,s,repro,400,0.02247191011235955,/Users/alinaqvi/Desktop/github_projects/avida/work/ecology_test_1_slow_run_15/data/detail-0.spop
ecology_test_1_slow_run_15,ecology_test_1_slow,0,178,2,17800,t,repro-semel,78,0.004382022471910113,/Users/alinaqvi/Desktop/github_projects/avida/work/ecology_test_1_slow_run_15/data/detail-0.spop
ecology_test_1_slow_run_15,ecology_test_1_slow,0,178,2,17800,u,move,0,0.0,/Users/alinaqvi/Desktop/github_projects/avida/work/ecology_test_1_slow_run_15/data/detail-0.spop
ecology_test_1_slow_run_15,ecology_test_1_slow,0,178,2,17800,v,rotate-left-one,0,0.0,/Users/alinaqvi/Desktop/github_projects/avida/work/ecology_test_1_slow_run_15/data/detail-0.spop
ecology_test_1_slow_run_15,ecology_test_1_slow,0,178,2,17800,w,rotate-right-one,0,0.0,/Users/alinaqvi/Desktop/github_projects/avida/work/ecology_test_1_slow_run_15/data/detail-0.spop
ecology_test_1_slow_run_15,ecology_test_1_slow,0,178,2,17800,x,sense-resource0,0,0.0,/Users/alinaqvi/Desktop/github_projects/avida/work/ecology_test_1_slow_run_15/data/detail-0.spop
ecology_test_1_slow_run_15,ecology_test_1_slow,0,178,2,17800,y,sense-faced-resource0,0,0.0,/Users/alinaqvi/Desktop/github_projects/avida/work/ecology_test_1_slow_run_15/data/detail-0.spop
ecology_test_1_slow_run_16,ecology_test_1_slow,441724,8320,933,832000,a,nop-B,35095,0.04218149038461538,/Users/alinaqvi/Desktop/github_projects/avida/work/ecology_test_1_slow_run_16/data/detail-441724.spop
ecology_test_1_slow_run_16,ecology_test_1_slow,441724,8320,933,832000,b,nop-C,268276,0.3224471153846154,/Users/alinaqvi/Desktop/github_projects/avida/work/ecology_test_1_slow_run_16/data/detail-441724.spop
ecology_test_1_slow_run_16,ecology_test_1_slow,441724,8320,933,832000,c,if-n-equ,17332,0.02083173076923077,/Users/alinaqvi/Desktop/github_projects/avida/work/ecology_test_1_slow_run_16/data/detail-441724.spop
ecology_test_1_slow_run_16,ecology_test_1_slow,441724,8320,933,832000,d,if-less,27650,0.03323317307692308,/Users/alinaqvi/Desktop/github_projects/avida/work/ecology_test_1_slow_run_16/data/detail-441724.spop
ecology_test_1_slow_run_16,ecology_test_1_slow,441724,8320,933,832000,e,if-not-0,9546,0.011473557692307693,/Users/alinaqvi/Desktop/github_projects/avida/work/ecology_test_1_slow_run_16/data/detail-441724.spop
ecology_test_1_slow_run_16,ecology_test_1_slow,441724,8320,933,832000,f,if-les-0,26437,0.031775240384615384,/Users/alinaqvi/Desktop/github_projects/avida/work/ecology_test_1_slow_run_16/data/detail-441724.spop
ecology_test_1_slow_run_16,ecology_test_1_slow,441724,8320,933,832000,g,if-grt-0,39358,0.04730528846153846,/Users/alinaqvi/Desktop/github_projects/avida/work/ecology_test_1_slow_run_16/data/detail-441724.spop
ecology_test_1_slow_run_16,ecology_test_1_slow,441724,8320,933,832000,h,if-label,51541,0.061948317307692305,/Users/alinaqvi/Desktop/github_projects/avida/work/ecology_test_1_slow_run_16/data/detail-441724.spop
ecology_test_1_slow_run_16,ecology_test_1_slow,441724,8320,933,832000,i,zero,17692,0.021264423076923077,/Users/alinaqvi/Desktop/github_projects/avida/work/ecology_test_1_slow_run_16/data/detail-441724.spop
ecology_test_1_slow_run_16,ecology_test_1_slow,441724,8320,933,832000,j,inc,16390,0.019699519230769232,/Users/alinaqvi/Desktop/github_projects/avida/work/ecology_test_1_slow_run_16/data/detail-441724.spop
ecology_test_1_slow_run_16,ecology_test_1_slow,441724,8320,933,832000,k,dec,12939,0.015551682692307693,/Users/alinaqvi/Desktop/github_projects/avida/work/ecology_test_1_slow_run_16/data/detail-441724.spop
ecology_test_1_slow_run_16,ecology_test_1_slow,441724,8320,933,832000,l,push,11149,0.013400240384615385,/Users/alinaqvi/Desktop/github_projects/avida/work/ecology_test_1_slow_run_16/data/detail-441724.spop
ecology_test_1_slow_run_16,ecology_test_1_slow,441724,8320,933,832000,m,pop,6219,0.007474759615384616,/Users/alinaqvi/Desktop/github_projects/avida/work/ecology_test_1_slow_run_16/data/detail-441724.spop
ecology_test_1_slow_run_16,ecology_test_1_slow,441724,8320,933,832000,n,swap-stk,12266,0.014742788461538462,/Users/alinaqvi/Desktop/github_projects/avida/work/ecology_test_1_slow_run_16/data/detail-441724.spop
ecology_test_1_slow_run_16,ecology_test_1_slow,441724,8320,933,832000,o,swap,1507,0.0018112980769230769,/Users/alinaqvi/Desktop/github_projects/avida/work/ecology_test_1_slow_run_16/data/detail-441724.spop
ecology_test_1_slow_run_16,ecology_test_1_slow,441724,8320,933,832000,p,add,18037,0.02167908653846154,/Users/alinaqvi/Desktop/github_projects/avida/work/ecology_test_1_slow_run_16/data/detail-441724.spop
ecology_test_1_slow_run_16,ecology_test_1_slow,441724,8320,933,832000,q,sub,33599,0.04038341346153846,/Users/alinaqvi/Desktop/github_projects/avida/work/ecology_test_1_slow_run_16/data/detail-441724.spop
ecology_test_1_slow_run_16,ecology_test_1_slow,441724,8320,933,832000,r,nand,7727,0.009287259615384616,/Users/alinaqvi/Desktop/github_projects/avida/work/ecology_test_1_slow_run_16/data/detail-441724.spop
ecology_test_1_slow_run_16,ecology_test_1_slow,441724,8320,933,832000,s,repro,35963,0.04322475961538461,/Users/alinaqvi/Desktop/github_projects/avida/work/ecology_test_1_slow_run_16/data/detail-441724.spop
ecology_test_1_slow_run_16,ecology_test_1_slow,441724,8320,933,832000,t,repro-semel,1241,0.0014915865384615384,/Users/alinaqvi/Desktop/github_projects/avida/work/ecology_test_1_slow_run_16/data/detail-441724.spop
ecology_test_1_slow_run_16,ecology_test_1_slow,441724,8320,933,832000,u,move,150255,0.18059495192307692,/Users/alinaqvi/Desktop/github_projects/avida/work/ecology_test_1_slow_run_16/data/detail-441724.spop
ecology_test_1_slow_run_16,ecology_test_1_slow,441724,8320,933,832000,v,rotate-left-one,9776,0.01175,/Users/alinaqvi/Desktop/github_projects/avida/work/ecology_test_1_slow_run_16/data/detail-441724.spop
ecology_test_1_slow_run_16,ecology_test_1_slow,441724,8320,933,832000,w,rotate-right-one,14478,0.01740144230769231,/Users/alinaqvi/Desktop/github_projects/avida/work/ecology_test_1_slow_run_16/data/detail-441724.spop
ecology_test_1_slow_run_16,ecology_test_1_slow,441724,8320,933,832000,x,sense-resource0,1296,0.0015576923076923077,/Users/alinaqvi/Desktop/github_projects/avida/work/ecology_test_1_slow_run_16/data/detail-441724.spop
ecology_test_1_slow_run_16,ecology_test_1_slow,441724,8320,933,832000,y,sense-faced-resource0,6231,0.0074891826923076926,/Users/alinaqvi/Desktop/github_projects/avida/work/ecology_test_1_slow_run_16/data/detail-441724.spop
ecology_test_1_slow_run_17,ecology_test_1_slow,0,176,2,17600,a,nop-B,0,0.0,/Users/alinaqvi/Desktop/github_projects/avida/work/ecology_test_1_slow_run_17/data/detail-0.spop
ecology_test_1_slow_run_17,ecology_test_1_slow,0,176,2,17600,b,nop-C,17124,0.9729545454545454,/Users/alinaqvi/Desktop/github_projects/avida/work/ecology_test_1_slow_run_17/data/detail-0.spop
ecology_test_1_slow_run_17,ecology_test_1_slow,0,176,2,17600,c,if-n-equ,0,0.0,/Users/alinaqvi/Desktop/github_projects/avida/work/ecology_test_1_slow_run_17/data/detail-0.spop
ecology_test_1_slow_run_17,ecology_test_1_slow,0,176,2,17600,d,if-less,0,0.0,/Users/alinaqvi/Desktop/github_projects/avida/work/ecology_test_1_slow_run_17/data/detail-0.spop
ecology_test_1_slow_run_17,ecology_test_1_slow,0,176,2,17600,e,if-not-0,0,0.0,/Users/alinaqvi/Desktop/github_projects/avida/work/ecology_test_1_slow_run_17/data/detail-0.spop
ecology_test_1_slow_run_17,ecology_test_1_slow,0,176,2,17600,f,if-les-0,0,0.0,/Users/alinaqvi/Desktop/github_projects/avida/work/ecology_test_1_slow_run_17/data/detail-0.spop
ecology_test_1_slow_run_17,ecology_test_1_slow,0,176,2,17600,g,if-grt-0,0,0.0,/Users/alinaqvi/Desktop/github_projects/avida/work/ecology_test_1_slow_run_17/data/detail-0.spop
ecology_test_1_slow_run_17,ecology_test_1_slow,0,176,2,17600,h,if-label,0,0.0,/Users/alinaqvi/Desktop/github_projects/avida/work/ecology_test_1_slow_run_17/data/detail-0.spop
ecology_test_1_slow_run_17,ecology_test_1_slow,0,176,2,17600,i,zero,0,0.0,/Users/alinaqvi/Desktop/github_projects/avida/work/ecology_test_1_slow_run_17/data/detail-0.spop
ecology_test_1_slow_run_17,ecology_test_1_slow,0,176,2,17600,j,inc,0,0.0,/Users/alinaqvi/Desktop/github_projects/avida/work/ecology_test_1_slow_run_17/data/detail-0.spop
ecology_test_1_slow_run_17,ecology_test_1_slow,0,176,2,17600,k,dec,0,0.0,/Users/alinaqvi/Desktop/github_projects/avida/work/ecology_test_1_slow_run_17/data/detail-0.spop
ecology_test_1_slow_run_17,ecology_test_1_slow,0,176,2,17600,l,push,0,0.0,/Users/alinaqvi/Desktop/github_projects/avida/work/ecology_test_1_slow_run_17/data/detail-0.spop
ecology_test_1_slow_run_17,ecology_test_1_slow,0,176,2,17600,m,pop,0,0.0,/Users/alinaqvi/Desktop/github_projects/avida/work/ecology_test_1_slow_run_17/data/detail-0.spop
ecology_test_1_slow_run_17,ecology_test_1_slow,0,176,2,17600,n,swap-stk,0,0.0,/Users/alinaqvi/Desktop/github_projects/avida/work/ecology_test_1_slow_run_17/data/detail-0.spop
ecology_test_1_slow_run_17,ecology_test_1_slow,0,176,2,17600,o,swap,0,0.0,/Users/alinaqvi/Desktop/github_projects/avida/work/ecology_test_1_slow_run_17/data/detail-0.spop
ecology_test_1_slow_run_17,ecology_test_1_slow,0,176,2,17600,p,add,0,0.0,/Users/alinaqvi/Desktop/github_projects/avida/work/ecology_test_1_slow_run_17/data/detail-0.spop
ecology_test_1_slow_run_17,ecology_test_1_slow,0,176,2,17600,q,sub,0,0.0,/Users/alinaqvi/Desktop/github_projects/avida/work/ecology_test_1_slow_run_17/data/detail-0.spop
ecology_test_1_slow_run_17,ecology_test_1_slow,0,176,2,17600,r,nand,0,0.0,/Users/alinaqvi/Desktop/github_projects/avida/work/ecology_test_1_slow_run_17/data/detail-0.spop
ecology_test_1_slow_run_17,ecology_test_1_slow,0,176,2,17600,s,repro,400,0.022727272727272728,/Users/alinaqvi/Desktop/github_projects/avida/work/ecology_test_1_slow_run_17/data/detail-0.spop
ecology_test_1_slow_run_17,ecology_test_1_slow,0,176,2,17600,t,repro-semel,76,0.004318181818181818,/Users/alinaqvi/Desktop/github_projects/avida/work/ecology_test_1_slow_run_17/data/detail-0.spop
ecology_test_1_slow_run_17,ecology_test_1_slow,0,176,2,17600,u,move,0,0.0,/Users/alinaqvi/Desktop/github_projects/avida/work/ecology_test_1_slow_run_17/data/detail-0.spop
ecology_test_1_slow_run_17,ecology_test_1_slow,0,176,2,17600,v,rotate-left-one,0,0.0,/Users/alinaqvi/Desktop/github_projects/avida/work/ecology_test_1_slow_run_17/data/detail-0.spop
ecology_test_1_slow_run_17,ecology_test_1_slow,0,176,2,17600,w,rotate-right-one,0,0.0,/Users/alinaqvi/Desktop/github_projects/avida/work/ecology_test_1_slow_run_17/data/detail-0.spop
ecology_test_1_slow_run_17,ecology_test_1_slow,0,176,2,17600,x,sense-resource0,0,0.0,/Users/alinaqvi/Desktop/github_projects/avida/work/ecology_test_1_slow_run_17/data/detail-0.spop
ecology_test_1_slow_run_17,ecology_test_1_slow,0,176,2,17600,y,sense-faced-resource0,0,0.0,/Users/alinaqvi/Desktop/github_projects/avida/work/ecology_test_1_slow_run_17/data/detail-0.spop
ecology_test_1_slow_run_18,ecology_test_1_slow,0,166,2,16600,a,nop-B,0,0.0,/Users/alinaqvi/Desktop/github_projects/avida/work/ecology_test_1_slow_run_18/data/detail-0.spop
ecology_test_1_slow_run_18,ecology_test_1_slow,0,166,2,16600,b,nop-C,16134,0.9719277108433735,/Users/alinaqvi/Desktop/github_projects/avida/work/ecology_test_1_slow_run_18/data/detail-0.spop
ecology_test_1_slow_run_18,ecology_test_1_slow,0,166,2,16600,c,if-n-equ,0,0.0,/Users/alinaqvi/Desktop/github_projects/avida/work/ecology_test_1_slow_run_18/data/detail-0.spop
ecology_test_1_slow_run_18,ecology_test_1_slow,0,166,2,16600,d,if-less,0,0.0,/Users/alinaqvi/Desktop/github_projects/avida/work/ecology_test_1_slow_run_18/data/detail-0.spop
ecology_test_1_slow_run_18,ecology_test_1_slow,0,166,2,16600,e,if-not-0,0,0.0,/Users/alinaqvi/Desktop/github_projects/avida/work/ecology_test_1_slow_run_18/data/detail-0.spop
ecology_test_1_slow_run_18,ecology_test_1_slow,0,166,2,16600,f,if-les-0,0,0.0,/Users/alinaqvi/Desktop/github_projects/avida/work/ecology_test_1_slow_run_18/data/detail-0.spop
ecology_test_1_slow_run_18,ecology_test_1_slow,0,166,2,16600,g,if-grt-0,0,0.0,/Users/alinaqvi/Desktop/github_projects/avida/work/ecology_test_1_slow_run_18/data/detail-0.spop
ecology_test_1_slow_run_18,ecology_test_1_slow,0,166,2,16600,h,if-label,0,0.0,/Users/alinaqvi/Desktop/github_projects/avida/work/ecology_test_1_slow_run_18/data/detail-0.spop
ecology_test_1_slow_run_18,ecology_test_1_slow,0,166,2,16600,i,zero,0,0.0,/Users/alinaqvi/Desktop/github_projects/avida/work/ecology_test_1_slow_run_18/data/detail-0.spop
ecology_test_1_slow_run_18,ecology_test_1_slow,0,166,2,16600,j,inc,0,0.0,/Users/alinaqvi/Desktop/github_projects/avida/work/ecology_test_1_slow_run_18/data/detail-0.spop
ecology_test_1_slow_run_18,ecology_test_1_slow,0,166,2,16600,k,dec,0,0.0,/Users/alinaqvi/Desktop/github_projects/avida/work/ecology_test_1_slow_run_18/data/detail-0.spop
ecology_test_1_slow_run_18,ecology_test_1_slow,0,166,2,16600,l,push,0,0.0,/Users/alinaqvi/Desktop/github_projects/avida/work/ecology_test_1_slow_run_18/data/detail-0.spop
ecology_test_1_slow_run_18,ecology_test_1_slow,0,166,2,16600,m,pop,0,0.0,/Users/alinaqvi/Desktop/github_projects/avida/work/ecology_test_1_slow_run_18/data/detail-0.spop
ecology_test_1_slow_run_18,ecology_test_1_slow,0,166,2,16600,n,swap-stk,0,0.0,/Users/alinaqvi/Desktop/github_projects/avida/work/ecology_test_1_slow_run_18/data/detail-0.spop
ecology_test_1_slow_run_18,ecology_test_1_slow,0,166,2,16600,o,swap,0,0.0,/Users/alinaqvi/Desktop/github_projects/avida/work/ecology_test_1_slow_run_18/data/detail-0.spop
ecology_test_1_slow_run_18,ecology_test_1_slow,0,166,2,16600,p,add,0,0.0,/Users/alinaqvi/Desktop/github_projects/avida/work/ecology_test_1_slow_run_18/data/detail-0.spop
ecology_test_1_slow_run_18,ecology_test_1_slow,0,166,2,16600,q,sub,0,0.0,/Users/alinaqvi/Desktop/github_projects/avida/work/ecology_test_1_slow_run_18/data/detail-0.spop
ecology_test_1_slow_run_18,ecology_test_1_slow,0,166,2,16600,r,nand,0,0.0,/Users/alinaqvi/Desktop/github_projects/avida/work/ecology_test_1_slow_run_18/data/detail-0.spop
ecology_test_1_slow_run_18,ecology_test_1_slow,0,166,2,16600,s,repro,400,0.024096385542168676,/Users/alinaqvi/Desktop/github_projects/avida/work/ecology_test_1_slow_run_18/data/detail-0.spop
ecology_test_1_slow_run_18,ecology_test_1_slow,0,166,2,16600,t,repro-semel,66,0.003975903614457831,/Users/alinaqvi/Desktop/github_projects/avida/work/ecology_test_1_slow_run_18/data/detail-0.spop
ecology_test_1_slow_run_18,ecology_test_1_slow,0,166,2,16600,u,move,0,0.0,/Users/alinaqvi/Desktop/github_projects/avida/work/ecology_test_1_slow_run_18/data/detail-0.spop
ecology_test_1_slow_run_18,ecology_test_1_slow,0,166,2,16600,v,rotate-left-one,0,0.0,/Users/alinaqvi/Desktop/github_projects/avida/work/ecology_test_1_slow_run_18/data/detail-0.spop
ecology_test_1_slow_run_18,ecology_test_1_slow,0,166,2,16600,w,rotate-right-one,0,0.0,/Users/alinaqvi/Desktop/github_projects/avida/work/ecology_test_1_slow_run_18/data/detail-0.spop
ecology_test_1_slow_run_18,ecology_test_1_slow,0,166,2,16600,x,sense-resource0,0,0.0,/Users/alinaqvi/Desktop/github_projects/avida/work/ecology_test_1_slow_run_18/data/detail-0.spop
ecology_test_1_slow_run_18,ecology_test_1_slow,0,166,2,16600,y,sense-faced-resource0,0,0.0,/Users/alinaqvi/Desktop/github_projects/avida/work/ecology_test_1_slow_run_18/data/detail-0.spop
ecology_test_1_slow_run_19,ecology_test_1_slow,0,171,2,17100,a,nop-B,0,0.0,/Users/alinaqvi/Desktop/github_projects/avida/work/ecology_test_1_slow_run_19/data/detail-0.spop
ecology_test_1_slow_run_19,ecology_test_1_slow,0,171,2,17100,b,nop-C,16629,0.9724561403508772,/Users/alinaqvi/Desktop/github_projects/avida/work/ecology_test_1_slow_run_19/data/detail-0.spop
ecology_test_1_slow_run_19,ecology_test_1_slow,0,171,2,17100,c,if-n-equ,0,0.0,/Users/alinaqvi/Desktop/github_projects/avida/work/ecology_test_1_slow_run_19/data/detail-0.spop
ecology_test_1_slow_run_19,ecology_test_1_slow,0,171,2,17100,d,if-less,0,0.0,/Users/alinaqvi/Desktop/github_projects/avida/work/ecology_test_1_slow_run_19/data/detail-0.spop
ecology_test_1_slow_run_19,ecology_test_1_slow,0,171,2,17100,e,if-not-0,0,0.0,/Users/alinaqvi/Desktop/github_projects/avida/work/ecology_test_1_slow_run_19/data/detail-0.spop
ecology_test_1_slow_run_19,ecology_test_1_slow,0,171,2,17100,f,if-les-0,0,0.0,/Users/alinaqvi/Desktop/github_projects/avida/work/ecology_test_1_slow_run_19/data/detail-0.spop
ecology_test_1_slow_run_19,ecology_test_1_slow,0,171,2,17100,g,if-grt-0,0,0.0,/Users/alinaqvi/Desktop/github_projects/avida/work/ecology_test_1_slow_run_19/data/detail-0.spop
ecology_test_1_slow_run_19,ecology_test_1_slow,0,171,2,17100,h,if-label,0,0.0,/Users/alinaqvi/Desktop/github_projects/avida/work/ecology_test_1_slow_run_19/data/detail-0.spop
ecology_test_1_slow_run_19,ecology_test_1_slow,0,171,2,17100,i,zero,0,0.0,/Users/alinaqvi/Desktop/github_projects/avida/work/ecology_test_1_slow_run_19/data/detail-0.spop
ecology_test_1_slow_run_19,ecology_test_1_slow,0,171,2,17100,j,inc,0,0.0,/Users/alinaqvi/Desktop/github_projects/avida/work/ecology_test_1_slow_run_19/data/detail-0.spop
ecology_test_1_slow_run_19,ecology_test_1_slow,0,171,2,17100,k,dec,0,0.0,/Users/alinaqvi/Desktop/github_projects/avida/work/ecology_test_1_slow_run_19/data/detail-0.spop
ecology_test_1_slow_run_19,ecology_test_1_slow,0,171,2,17100,l,push,0,0.0,/Users/alinaqvi/Desktop/github_projects/avida/work/ecology_test_1_slow_run_19/data/detail-0.spop
ecology_test_1_slow_run_19,ecology_test_1_slow,0,171,2,17100,m,pop,0,0.0,/Users/alinaqvi/Desktop/github_projects/avida/work/ecology_test_1_slow_run_19/data/detail-0.spop
ecology_test_1_slow_run_19,ecology_test_1_slow,0,171,2,17100,n,swap-stk,0,0.0,/Users/alinaqvi/Desktop/github_projects/avida/work/ecology_test_1_slow_run_19/data/detail-0.spop
ecology_test_1_slow_run_19,ecology_test_1_slow,0,171,2,17100,o,swap,0,0.0,/Users/alinaqvi/Desktop/github_projects/avida/work/ecology_test_1_slow_run_19/data/detail-0.spop
ecology_test_1_slow_run_19,ecology_test_1_slow,0,171,2,17100,p,add,0,0.0,/Users/alinaqvi/Desktop/github_projects/avida/work/ecology_test_1_slow_run_19/data/detail-0.spop
ecology_test_1_slow_run_19,ecology_test_1_slow,0,171,2,17100,q,sub,0,0.0,/Users/alinaqvi/Desktop/github_projects/avida/work/ecology_test_1_slow_run_19/data/detail-0.spop
ecology_test_1_slow_run_19,ecology_test_1_slow,0,171,2,17100,r,nand,0,0.0,/Users/alinaqvi/Desktop/github_projects/avida/work/ecology_test_1_slow_run_19/data/detail-0.spop
ecology_test_1_slow_run_19,ecology_test_1_slow,0,171,2,17100,s,repro,400,0.023391812865497075,/Users/alinaqvi/Desktop/github_projects/avida/work/ecology_test_1_slow_run_19/data/detail-0.spop
ecology_test_1_slow_run_19,ecology_test_1_slow,0,171,2,17100,t,repro-semel,71,0.004152046783625731,/Users/alinaqvi/Desktop/github_projects/avida/work/ecology_test_1_slow_run_19/data/detail-0.spop
ecology_test_1_slow_run_19,ecology_test_1_slow,0,171,2,17100,u,move,0,0.0,/Users/alinaqvi/Desktop/github_projects/avida/work/ecology_test_1_slow_run_19/data/detail-0.spop
ecology_test_1_slow_run_19,ecology_test_1_slow,0,171,2,17100,v,rotate-left-one,0,0.0,/Users/alinaqvi/Desktop/github_projects/avida/work/ecology_test_1_slow_run_19/data/detail-0.spop
ecology_test_1_slow_run_19,ecology_test_1_slow,0,171,2,17100,w,rotate-right-one,0,0.0,/Users/alinaqvi/Desktop/github_projects/avida/work/ecology_test_1_slow_run_19/data/detail-0.spop
ecology_test_1_slow_run_19,ecology_test_1_slow,0,171,2,17100,x,sense-resource0,0,0.0,/Users/alinaqvi/Desktop/github_projects/avida/work/ecology_test_1_slow_run_19/data/detail-0.spop
ecology_test_1_slow_run_19,ecology_test_1_slow,0,171,2,17100,y,sense-faced-resource0,0,0.0,/Users/alinaqvi/Desktop/github_projects/avida/work/ecology_test_1_slow_run_19/data/detail-0.spop
ecology_test_1_slow_run_20,ecology_test_1_slow,0,177,2,17700,a,nop-B,0,0.0,/Users/alinaqvi/Desktop/github_projects/avida/work/ecology_test_1_slow_run_20/data/detail-0.spop
ecology_test_1_slow_run_20,ecology_test_1_slow,0,177,2,17700,b,nop-C,17223,0.9730508474576272,/Users/alinaqvi/Desktop/github_projects/avida/work/ecology_test_1_slow_run_20/data/detail-0.spop
ecology_test_1_slow_run_20,ecology_test_1_slow,0,177,2,17700,c,if-n-equ,0,0.0,/Users/alinaqvi/Desktop/github_projects/avida/work/ecology_test_1_slow_run_20/data/detail-0.spop
ecology_test_1_slow_run_20,ecology_test_1_slow,0,177,2,17700,d,if-less,0,0.0,/Users/alinaqvi/Desktop/github_projects/avida/work/ecology_test_1_slow_run_20/data/detail-0.spop
ecology_test_1_slow_run_20,ecology_test_1_slow,0,177,2,17700,e,if-not-0,0,0.0,/Users/alinaqvi/Desktop/github_projects/avida/work/ecology_test_1_slow_run_20/data/detail-0.spop
ecology_test_1_slow_run_20,ecology_test_1_slow,0,177,2,17700,f,if-les-0,0,0.0,/Users/alinaqvi/Desktop/github_projects/avida/work/ecology_test_1_slow_run_20/data/detail-0.spop
ecology_test_1_slow_run_20,ecology_test_1_slow,0,177,2,17700,g,if-grt-0,0,0.0,/Users/alinaqvi/Desktop/github_projects/avida/work/ecology_test_1_slow_run_20/data/detail-0.spop
ecology_test_1_slow_run_20,ecology_test_1_slow,0,177,2,17700,h,if-label,0,0.0,/Users/alinaqvi/Desktop/github_projects/avida/work/ecology_test_1_slow_run_20/data/detail-0.spop
ecology_test_1_slow_run_20,ecology_test_1_slow,0,177,2,17700,i,zero,0,0.0,/Users/alinaqvi/Desktop/github_projects/avida/work/ecology_test_1_slow_run_20/data/detail-0.spop
ecology_test_1_slow_run_20,ecology_test_1_slow,0,177,2,17700,j,inc,0,0.0,/Users/alinaqvi/Desktop/github_projects/avida/work/ecology_test_1_slow_run_20/data/detail-0.spop
ecology_test_1_slow_run_20,ecology_test_1_slow,0,177,2,17700,k,dec,0,0.0,/Users/alinaqvi/Desktop/github_projects/avida/work/ecology_test_1_slow_run_20/data/detail-0.spop
ecology_test_1_slow_run_20,ecology_test_1_slow,0,177,2,17700,l,push,0,0.0,/Users/alinaqvi/Desktop/github_projects/avida/work/ecology_test_1_slow_run_20/data/detail-0.spop
ecology_test_1_slow_run_20,ecology_test_1_slow,0,177,2,17700,m,pop,0,0.0,/Users/alinaqvi/Desktop/github_projects/avida/work/ecology_test_1_slow_run_20/data/detail-0.spop
ecology_test_1_slow_run_20,ecology_test_1_slow,0,177,2,17700,n,swap-stk,0,0.0,/Users/alinaqvi/Desktop/github_projects/avida/work/ecology_test_1_slow_run_20/data/detail-0.spop
ecology_test_1_slow_run_20,ecology_test_1_slow,0,177,2,17700,o,swap,0,0.0,/Users/alinaqvi/Desktop/github_projects/avida/work/ecology_test_1_slow_run_20/data/detail-0.spop
ecology_test_1_slow_run_20,ecology_test_1_slow,0,177,2,17700,p,add,0,0.0,/Users/alinaqvi/Desktop/github_projects/avida/work/ecology_test_1_slow_run_20/data/detail-0.spop
ecology_test_1_slow_run_20,ecology_test_1_slow,0,177,2,17700,q,sub,0,0.0,/Users/alinaqvi/Desktop/github_projects/avida/work/ecology_test_1_slow_run_20/data/detail-0.spop
ecology_test_1_slow_run_20,ecology_test_1_slow,0,177,2,17700,r,nand,0,0.0,/Users/alinaqvi/Desktop/github_projects/avida/work/ecology_test_1_slow_run_20/data/detail-0.spop
ecology_test_1_slow_run_20,ecology_test_1_slow,0,177,2,17700,s,repro,400,0.022598870056497175,/Users/alinaqvi/Desktop/github_projects/avida/work/ecology_test_1_slow_run_20/data/detail-0.spop
ecology_test_1_slow_run_20,ecology_test_1_slow,0,177,2,17700,t,repro-semel,77,0.0043502824858757064,/Users/alinaqvi/Desktop/github_projects/avida/work/ecology_test_1_slow_run_20/data/detail-0.spop
ecology_test_1_slow_run_20,ecology_test_1_slow,0,177,2,17700,u,move,0,0.0,/Users/alinaqvi/Desktop/github_projects/avida/work/ecology_test_1_slow_run_20/data/detail-0.spop
ecology_test_1_slow_run_20,ecology_test_1_slow,0,177,2,17700,v,rotate-left-one,0,0.0,/Users/alinaqvi/Desktop/github_projects/avida/work/ecology_test_1_slow_run_20/data/detail-0.spop
ecology_test_1_slow_run_20,ecology_test_1_slow,0,177,2,17700,w,rotate-right-one,0,0.0,/Users/alinaqvi/Desktop/github_projects/avida/work/ecology_test_1_slow_run_20/data/detail-0.spop
ecology_test_1_slow_run_20,ecology_test_1_slow,0,177,2,17700,x,sense-resource0,0,0.0,/Users/alinaqvi/Desktop/github_projects/avida/work/ecology_test_1_slow_run_20/data/detail-0.spop
ecology_test_1_slow_run_20,ecology_test_1_slow,0,177,2,17700,y,sense-faced-resource0,0,0.0,/Users/alinaqvi/Desktop/github_projects/avida/work/ecology_test_1_slow_run_20/data/detail-0.spop
ecology_test_2_fast_run_1,ecology_test_2_fast,0,169,2,16900,a,nop-B,0,0.0,/Users/alinaqvi/Desktop/github_projects/avida/work/ecology_test_2_fast_run_1/data/detail-0.spop
ecology_test_2_fast_run_1,ecology_test_2_fast,0,169,2,16900,b,nop-C,16431,0.9722485207100592,/Users/alinaqvi/Desktop/github_projects/avida/work/ecology_test_2_fast_run_1/data/detail-0.spop
ecology_test_2_fast_run_1,ecology_test_2_fast,0,169,2,16900,c,if-n-equ,0,0.0,/Users/alinaqvi/Desktop/github_projects/avida/work/ecology_test_2_fast_run_1/data/detail-0.spop
ecology_test_2_fast_run_1,ecology_test_2_fast,0,169,2,16900,d,if-less,0,0.0,/Users/alinaqvi/Desktop/github_projects/avida/work/ecology_test_2_fast_run_1/data/detail-0.spop
ecology_test_2_fast_run_1,ecology_test_2_fast,0,169,2,16900,e,if-not-0,0,0.0,/Users/alinaqvi/Desktop/github_projects/avida/work/ecology_test_2_fast_run_1/data/detail-0.spop
ecology_test_2_fast_run_1,ecology_test_2_fast,0,169,2,16900,f,if-les-0,0,0.0,/Users/alinaqvi/Desktop/github_projects/avida/work/ecology_test_2_fast_run_1/data/detail-0.spop
ecology_test_2_fast_run_1,ecology_test_2_fast,0,169,2,16900,g,if-grt-0,0,0.0,/Users/alinaqvi/Desktop/github_projects/avida/work/ecology_test_2_fast_run_1/data/detail-0.spop
ecology_test_2_fast_run_1,ecology_test_2_fast,0,169,2,16900,h,if-label,0,0.0,/Users/alinaqvi/Desktop/github_projects/avida/work/ecology_test_2_fast_run_1/data/detail-0.spop
ecology_test_2_fast_run_1,ecology_test_2_fast,0,169,2,16900,i,zero,0,0.0,/Users/alinaqvi/Desktop/github_projects/avida/work/ecology_test_2_fast_run_1/data/detail-0.spop
ecology_test_2_fast_run_1,ecology_test_2_fast,0,169,2,16900,j,inc,0,0.0,/Users/alinaqvi/Desktop/github_projects/avida/work/ecology_test_2_fast_run_1/data/detail-0.spop
ecology_test_2_fast_run_1,ecology_test_2_fast,0,169,2,16900,k,dec,0,0.0,/Users/alinaqvi/Desktop/github_projects/avida/work/ecology_test_2_fast_run_1/data/detail-0.spop
ecology_test_2_fast_run_1,ecology_test_2_fast,0,169,2,16900,l,push,0,0.0,/Users/alinaqvi/Desktop/github_projects/avida/work/ecology_test_2_fast_run_1/data/detail-0.spop
ecology_test_2_fast_run_1,ecology_test_2_fast,0,169,2,16900,m,pop,0,0.0,/Users/alinaqvi/Desktop/github_projects/avida/work/ecology_test_2_fast_run_1/data/detail-0.spop
ecology_test_2_fast_run_1,ecology_test_2_fast,0,169,2,16900,n,swap-stk,0,0.0,/Users/alinaqvi/Desktop/github_projects/avida/work/ecology_test_2_fast_run_1/data/detail-0.spop
ecology_test_2_fast_run_1,ecology_test_2_fast,0,169,2,16900,o,swap,0,0.0,/Users/alinaqvi/Desktop/github_projects/avida/work/ecology_test_2_fast_run_1/data/detail-0.spop
ecology_test_2_fast_run_1,ecology_test_2_fast,0,169,2,16900,p,add,0,0.0,/Users/alinaqvi/Desktop/github_projects/avida/work/ecology_test_2_fast_run_1/data/detail-0.spop
ecology_test_2_fast_run_1,ecology_test_2_fast,0,169,2,16900,q,sub,0,0.0,/Users/alinaqvi/Desktop/github_projects/avida/work/ecology_test_2_fast_run_1/data/detail-0.spop
ecology_test_2_fast_run_1,ecology_test_2_fast,0,169,2,16900,r,nand,0,0.0,/Users/alinaqvi/Desktop/github_projects/avida/work/ecology_test_2_fast_run_1/data/detail-0.spop
ecology_test_2_fast_run_1,ecology_test_2_fast,0,169,2,16900,s,repro,400,0.023668639053254437,/Users/alinaqvi/Desktop/github_projects/avida/work/ecology_test_2_fast_run_1/data/detail-0.spop
ecology_test_2_fast_run_1,ecology_test_2_fast,0,169,2,16900,t,repro-semel,69,0.004082840236686391,/Users/alinaqvi/Desktop/github_projects/avida/work/ecology_test_2_fast_run_1/data/detail-0.spop
ecology_test_2_fast_run_1,ecology_test_2_fast,0,169,2,16900,u,move,0,0.0,/Users/alinaqvi/Desktop/github_projects/avida/work/ecology_test_2_fast_run_1/data/detail-0.spop
ecology_test_2_fast_run_1,ecology_test_2_fast,0,169,2,16900,v,rotate-left-one,0,0.0,/Users/alinaqvi/Desktop/github_projects/avida/work/ecology_test_2_fast_run_1/data/detail-0.spop
ecology_test_2_fast_run_1,ecology_test_2_fast,0,169,2,16900,w,rotate-right-one,0,0.0,/Users/alinaqvi/Desktop/github_projects/avida/work/ecology_test_2_fast_run_1/data/detail-0.spop
ecology_test_2_fast_run_1,ecology_test_2_fast,0,169,2,16900,x,sense-resource0,0,0.0,/Users/alinaqvi/Desktop/github_projects/avida/work/ecology_test_2_fast_run_1/data/detail-0.spop
ecology_test_2_fast_run_1,ecology_test_2_fast,0,169,2,16900,y,sense-faced-resource0,0,0.0,/Users/alinaqvi/Desktop/github_projects/avida/work/ecology_test_2_fast_run_1/data/detail-0.spop
ecology_test_2_fast_run_2,ecology_test_2_fast,0,170,2,17000,a,nop-B,0,0.0,/Users/alinaqvi/Desktop/github_projects/avida/work/ecology_test_2_fast_run_2/data/detail-0.spop
ecology_test_2_fast_run_2,ecology_test_2_fast,0,170,2,17000,b,nop-C,16530,0.9723529411764706,/Users/alinaqvi/Desktop/github_projects/avida/work/ecology_test_2_fast_run_2/data/detail-0.spop
ecology_test_2_fast_run_2,ecology_test_2_fast,0,170,2,17000,c,if-n-equ,0,0.0,/Users/alinaqvi/Desktop/github_projects/avida/work/ecology_test_2_fast_run_2/data/detail-0.spop
ecology_test_2_fast_run_2,ecology_test_2_fast,0,170,2,17000,d,if-less,0,0.0,/Users/alinaqvi/Desktop/github_projects/avida/work/ecology_test_2_fast_run_2/data/detail-0.spop
ecology_test_2_fast_run_2,ecology_test_2_fast,0,170,2,17000,e,if-not-0,0,0.0,/Users/alinaqvi/Desktop/github_projects/avida/work/ecology_test_2_fast_run_2/data/detail-0.spop
ecology_test_2_fast_run_2,ecology_test_2_fast,0,170,2,17000,f,if-les-0,0,0.0,/Users/alinaqvi/Desktop/github_projects/avida/work/ecology_test_2_fast_run_2/data/detail-0.spop
ecology_test_2_fast_run_2,ecology_test_2_fast,0,170,2,17000,g,if-grt-0,0,0.0,/Users/alinaqvi/Desktop/github_projects/avida/work/ecology_test_2_fast_run_2/data/detail-0.spop
ecology_test_2_fast_run_2,ecology_test_2_fast,0,170,2,17000,h,if-label,0,0.0,/Users/alinaqvi/Desktop/github_projects/avida/work/ecology_test_2_fast_run_2/data/detail-0.spop
ecology_test_2_fast_run_2,ecology_test_2_fast,0,170,2,17000,i,zero,0,0.0,/Users/alinaqvi/Desktop/github_projects/avida/work/ecology_test_2_fast_run_2/data/detail-0.spop
ecology_test_2_fast_run_2,ecology_test_2_fast,0,170,2,17000,j,inc,0,0.0,/Users/alinaqvi/Desktop/github_projects/avida/work/ecology_test_2_fast_run_2/data/detail-0.spop
ecology_test_2_fast_run_2,ecology_test_2_fast,0,170,2,17000,k,dec,0,0.0,/Users/alinaqvi/Desktop/github_projects/avida/work/ecology_test_2_fast_run_2/data/detail-0.spop
ecology_test_2_fast_run_2,ecology_test_2_fast,0,170,2,17000,l,push,0,0.0,/Users/alinaqvi/Desktop/github_projects/avida/work/ecology_test_2_fast_run_2/data/detail-0.spop
ecology_test_2_fast_run_2,ecology_test_2_fast,0,170,2,17000,m,pop,0,0.0,/Users/alinaqvi/Desktop/github_projects/avida/work/ecology_test_2_fast_run_2/data/detail-0.spop
ecology_test_2_fast_run_2,ecology_test_2_fast,0,170,2,17000,n,swap-stk,0,0.0,/Users/alinaqvi/Desktop/github_projects/avida/work/ecology_test_2_fast_run_2/data/detail-0.spop
ecology_test_2_fast_run_2,ecology_test_2_fast,0,170,2,17000,o,swap,0,0.0,/Users/alinaqvi/Desktop/github_projects/avida/work/ecology_test_2_fast_run_2/data/detail-0.spop
ecology_test_2_fast_run_2,ecology_test_2_fast,0,170,2,17000,p,add,0,0.0,/Users/alinaqvi/Desktop/github_projects/avida/work/ecology_test_2_fast_run_2/data/detail-0.spop
ecology_test_2_fast_run_2,ecology_test_2_fast,0,170,2,17000,q,sub,0,0.0,/Users/alinaqvi/Desktop/github_projects/avida/work/ecology_test_2_fast_run_2/data/detail-0.spop
ecology_test_2_fast_run_2,ecology_test_2_fast,0,170,2,17000,r,nand,0,0.0,/Users/alinaqvi/Desktop/github_projects/avida/work/ecology_test_2_fast_run_2/data/detail-0.spop
ecology_test_2_fast_run_2,ecology_test_2_fast,0,170,2,17000,s,repro,400,0.023529411764705882,/Users/alinaqvi/Desktop/github_projects/avida/work/ecology_test_2_fast_run_2/data/detail-0.spop
ecology_test_2_fast_run_2,ecology_test_2_fast,0,170,2,17000,t,repro-semel,70,0.00411764705882353,/Users/alinaqvi/Desktop/github_projects/avida/work/ecology_test_2_fast_run_2/data/detail-0.spop
ecology_test_2_fast_run_2,ecology_test_2_fast,0,170,2,17000,u,move,0,0.0,/Users/alinaqvi/Desktop/github_projects/avida/work/ecology_test_2_fast_run_2/data/detail-0.spop
ecology_test_2_fast_run_2,ecology_test_2_fast,0,170,2,17000,v,rotate-left-one,0,0.0,/Users/alinaqvi/Desktop/github_projects/avida/work/ecology_test_2_fast_run_2/data/detail-0.spop
ecology_test_2_fast_run_2,ecology_test_2_fast,0,170,2,17000,w,rotate-right-one,0,0.0,/Users/alinaqvi/Desktop/github_projects/avida/work/ecology_test_2_fast_run_2/data/detail-0.spop
ecology_test_2_fast_run_2,ecology_test_2_fast,0,170,2,17000,x,sense-resource0,0,0.0,/Users/alinaqvi/Desktop/github_projects/avida/work/ecology_test_2_fast_run_2/data/detail-0.spop
ecology_test_2_fast_run_2,ecology_test_2_fast,0,170,2,17000,y,sense-faced-resource0,0,0.0,/Users/alinaqvi/Desktop/github_projects/avida/work/ecology_test_2_fast_run_2/data/detail-0.spop
ecology_test_2_fast_run_3,ecology_test_2_fast,148682,9040,392,904000,a,nop-B,93708,0.10365929203539823,/Users/alinaqvi/Desktop/github_projects/avida/work/ecology_test_2_fast_run_3/data/detail-148682.spop
ecology_test_2_fast_run_3,ecology_test_2_fast,148682,9040,392,904000,b,nop-C,153118,0.1693783185840708,/Users/alinaqvi/Desktop/github_projects/avida/work/ecology_test_2_fast_run_3/data/detail-148682.spop
ecology_test_2_fast_run_3,ecology_test_2_fast,148682,9040,392,904000,c,if-n-equ,412,0.0004557522123893805,/Users/alinaqvi/Desktop/github_projects/avida/work/ecology_test_2_fast_run_3/data/detail-148682.spop
ecology_test_2_fast_run_3,ecology_test_2_fast,148682,9040,392,904000,d,if-less,30715,0.033976769911504424,/Users/alinaqvi/Desktop/github_projects/avida/work/ecology_test_2_fast_run_3/data/detail-148682.spop
ecology_test_2_fast_run_3,ecology_test_2_fast,148682,9040,392,904000,e,if-not-0,19171,0.021206858407079646,/Users/alinaqvi/Desktop/github_projects/avida/work/ecology_test_2_fast_run_3/data/detail-148682.spop
ecology_test_2_fast_run_3,ecology_test_2_fast,148682,9040,392,904000,f,if-les-0,16300,0.018030973451327433,/Users/alinaqvi/Desktop/github_projects/avida/work/ecology_test_2_fast_run_3/data/detail-148682.spop
ecology_test_2_fast_run_3,ecology_test_2_fast,148682,9040,392,904000,g,if-grt-0,13954,0.015435840707964601,/Users/alinaqvi/Desktop/github_projects/avida/work/ecology_test_2_fast_run_3/data/detail-148682.spop
ecology_test_2_fast_run_3,ecology_test_2_fast,148682,9040,392,904000,h,if-label,37241,0.041195796460176994,/Users/alinaqvi/Desktop/github_projects/avida/work/ecology_test_2_fast_run_3/data/detail-148682.spop
ecology_test_2_fast_run_3,ecology_test_2_fast,148682,9040,392,904000,i,zero,39174,0.04333407079646018,/Users/alinaqvi/Desktop/github_projects/avida/work/ecology_test_2_fast_run_3/data/detail-148682.spop
ecology_test_2_fast_run_3,ecology_test_2_fast,148682,9040,392,904000,j,inc,26591,0.029414823008849556,/Users/alinaqvi/Desktop/github_projects/avida/work/ecology_test_2_fast_run_3/data/detail-148682.spop
ecology_test_2_fast_run_3,ecology_test_2_fast,148682,9040,392,904000,k,dec,18572,0.02054424778761062,/Users/alinaqvi/Desktop/github_projects/avida/work/ecology_test_2_fast_run_3/data/detail-148682.spop
ecology_test_2_fast_run_3,ecology_test_2_fast,148682,9040,392,904000,l,push,12257,0.01355862831858407,/Users/alinaqvi/Desktop/github_projects/avida/work/ecology_test_2_fast_run_3/data/detail-148682.spop
ecology_test_2_fast_run_3,ecology_test_2_fast,148682,9040,392,904000,m,pop,25799,0.02853871681415929,/Users/alinaqvi/Desktop/github_projects/avida/work/ecology_test_2_fast_run_3/data/detail-148682.spop
ecology_test_2_fast_run_3,ecology_test_2_fast,148682,9040,392,904000,n,swap-stk,10116,0.011190265486725665,/Users/alinaqvi/Desktop/github_projects/avida/work/ecology_test_2_fast_run_3/data/detail-148682.spop
ecology_test_2_fast_run_3,ecology_test_2_fast,148682,9040,392,904000,o,swap,19124,0.021154867256637167,/Users/alinaqvi/Desktop/github_projects/avida/work/ecology_test_2_fast_run_3/data/detail-148682.spop
ecology_test_2_fast_run_3,ecology_test_2_fast,148682,9040,392,904000,p,add,43129,0.047709070796460175,/Users/alinaqvi/Desktop/github_projects/avida/work/ecology_test_2_fast_run_3/data/detail-148682.spop
ecology_test_2_fast_run_3,ecology_test_2_fast,148682,9040,392,904000,q,sub,20852,0.02306637168141593,/Users/alinaqvi/Desktop/github_projects/avida/work/ecology_test_2_fast_run_3/data/detail-148682.spop
ecology_test_2_fast_run_3,ecology_test_2_fast,148682,9040,392,904000,r,nand,13014,0.014396017699115044,/Users/alinaqvi/Desktop/github_projects/avida/work/ecology_test_2_fast_run_3/data/detail-148682.spop
ecology_test_2_fast_run_3,ecology_test_2_fast,148682,9040,392,904000,s,repro,43564,0.04819026548672566,/Users/alinaqvi/Desktop/github_projects/avida/work/ecology_test_2_fast_run_3/data/detail-148682.spop
ecology_test_2_fast_run_3,ecology_test_2_fast,148682,9040,392,904000,t,repro-semel,18312,0.020256637168141592,/Users/alinaqvi/Desktop/github_projects/avida/work/ecology_test_2_fast_run_3/data/detail-148682.spop
ecology_test_2_fast_run_3,ecology_test_2_fast,148682,9040,392,904000,u,move,174167,0.19266261061946902,/Users/alinaqvi/Desktop/github_projects/avida/work/ecology_test_2_fast_run_3/data/detail-148682.spop
ecology_test_2_fast_run_3,ecology_test_2_fast,148682,9040,392,904000,v,rotate-left-one,8759,0.009689159292035399,/Users/alinaqvi/Desktop/github_projects/avida/work/ecology_test_2_fast_run_3/data/detail-148682.spop
ecology_test_2_fast_run_3,ecology_test_2_fast,148682,9040,392,904000,w,rotate-right-one,14473,0.01600995575221239,/Users/alinaqvi/Desktop/github_projects/avida/work/ecology_test_2_fast_run_3/data/detail-148682.spop
ecology_test_2_fast_run_3,ecology_test_2_fast,148682,9040,392,904000,x,sense-resource0,24532,0.02713716814159292,/Users/alinaqvi/Desktop/github_projects/avida/work/ecology_test_2_fast_run_3/data/detail-148682.spop
ecology_test_2_fast_run_3,ecology_test_2_fast,148682,9040,392,904000,y,sense-faced-resource0,26946,0.029807522123893804,/Users/alinaqvi/Desktop/github_projects/avida/work/ecology_test_2_fast_run_3/data/detail-148682.spop
ecology_test_2_fast_run_4,ecology_test_2_fast,4403,134,23,13400,a,nop-B,15,0.001119402985074627,/Users/alinaqvi/Desktop/github_projects/avida/work/ecology_test_2_fast_run_4/data/detail-4403.spop
ecology_test_2_fast_run_4,ecology_test_2_fast,4403,134,23,13400,b,nop-C,10472,0.7814925373134328,/Users/alinaqvi/Desktop/github_projects/avida/work/ecology_test_2_fast_run_4/data/detail-4403.spop
ecology_test_2_fast_run_4,ecology_test_2_fast,4403,134,23,13400,c,if-n-equ,167,0.012462686567164179,/Users/alinaqvi/Desktop/github_projects/avida/work/ecology_test_2_fast_run_4/data/detail-4403.spop
ecology_test_2_fast_run_4,ecology_test_2_fast,4403,134,23,13400,d,if-less,280,0.020895522388059702,/Users/alinaqvi/Desktop/github_projects/avida/work/ecology_test_2_fast_run_4/data/detail-4403.spop
ecology_test_2_fast_run_4,ecology_test_2_fast,4403,134,23,13400,e,if-not-0,198,0.014776119402985075,/Users/alinaqvi/Desktop/github_projects/avida/work/ecology_test_2_fast_run_4/data/detail-4403.spop
ecology_test_2_fast_run_4,ecology_test_2_fast,4403,134,23,13400,f,if-les-0,46,0.0034328358208955225,/Users/alinaqvi/Desktop/github_projects/avida/work/ecology_test_2_fast_run_4/data/detail-4403.spop
ecology_test_2_fast_run_4,ecology_test_2_fast,4403,134,23,13400,g,if-grt-0,184,0.01373134328358209,/Users/alinaqvi/Desktop/github_projects/avida/work/ecology_test_2_fast_run_4/data/detail-4403.spop
ecology_test_2_fast_run_4,ecology_test_2_fast,4403,134,23,13400,h,if-label,37,0.0027611940298507462,/Users/alinaqvi/Desktop/github_projects/avida/work/ecology_test_2_fast_run_4/data/detail-4403.spop
ecology_test_2_fast_run_4,ecology_test_2_fast,4403,134,23,13400,i,zero,14,0.001044776119402985,/Users/alinaqvi/Desktop/github_projects/avida/work/ecology_test_2_fast_run_4/data/detail-4403.spop
ecology_test_2_fast_run_4,ecology_test_2_fast,4403,134,23,13400,j,inc,258,0.019253731343283582,/Users/alinaqvi/Desktop/github_projects/avida/work/ecology_test_2_fast_run_4/data/detail-4403.spop
ecology_test_2_fast_run_4,ecology_test_2_fast,4403,134,23,13400,k,dec,8,0.0005970149253731343,/Users/alinaqvi/Desktop/github_projects/avida/work/ecology_test_2_fast_run_4/data/detail-4403.spop
ecology_test_2_fast_run_4,ecology_test_2_fast,4403,134,23,13400,l,push,145,0.01082089552238806,/Users/alinaqvi/Desktop/github_projects/avida/work/ecology_test_2_fast_run_4/data/detail-4403.spop
ecology_test_2_fast_run_4,ecology_test_2_fast,4403,134,23,13400,m,pop,145,0.01082089552238806,/Users/alinaqvi/Desktop/github_projects/avida/work/ecology_test_2_fast_run_4/data/detail-4403.spop
ecology_test_2_fast_run_4,ecology_test_2_fast,4403,134,23,13400,n,swap-stk,149,0.011119402985074626,/Users/alinaqvi/Desktop/github_projects/avida/work/ecology_test_2_fast_run_4/data/detail-4403.spop
ecology_test_2_fast_run_4,ecology_test_2_fast,4403,134,23,13400,o,swap,179,0.01335820895522388,/Users/alinaqvi/Desktop/github_projects/avida/work/ecology_test_2_fast_run_4/data/detail-4403.spop
ecology_test_2_fast_run_4,ecology_test_2_fast,4403,134,23,13400,p,add,38,0.002835820895522388,/Users/alinaqvi/Desktop/github_projects/avida/work/ecology_test_2_fast_run_4/data/detail-4403.spop
ecology_test_2_fast_run_4,ecology_test_2_fast,4403,134,23,13400,q,sub,24,0.001791044776119403,/Users/alinaqvi/Desktop/github_projects/avida/work/ecology_test_2_fast_run_4/data/detail-4403.spop
ecology_test_2_fast_run_4,ecology_test_2_fast,4403,134,23,13400,r,nand,14,0.001044776119402985,/Users/alinaqvi/Desktop/github_projects/avida/work/ecology_test_2_fast_run_4/data/detail-4403.spop
ecology_test_2_fast_run_4,ecology_test_2_fast,4403,134,23,13400,s,repro,539,0.04022388059701493,/Users/alinaqvi/Desktop/github_projects/avida/work/ecology_test_2_fast_run_4/data/detail-4403.spop
ecology_test_2_fast_run_4,ecology_test_2_fast,4403,134,23,13400,t,repro-semel,149,0.011119402985074626,/Users/alinaqvi/Desktop/github_projects/avida/work/ecology_test_2_fast_run_4/data/detail-4403.spop
ecology_test_2_fast_run_4,ecology_test_2_fast,4403,134,23,13400,u,move,25,0.0018656716417910447,/Users/alinaqvi/Desktop/github_projects/avida/work/ecology_test_2_fast_run_4/data/detail-4403.spop
ecology_test_2_fast_run_4,ecology_test_2_fast,4403,134,23,13400,v,rotate-left-one,7,0.0005223880597014925,/Users/alinaqvi/Desktop/github_projects/avida/work/ecology_test_2_fast_run_4/data/detail-4403.spop
ecology_test_2_fast_run_4,ecology_test_2_fast,4403,134,23,13400,w,rotate-right-one,261,0.019477611940298508,/Users/alinaqvi/Desktop/github_projects/avida/work/ecology_test_2_fast_run_4/data/detail-4403.spop
ecology_test_2_fast_run_4,ecology_test_2_fast,4403,134,23,13400,x,sense-resource0,33,0.0024626865671641793,/Users/alinaqvi/Desktop/github_projects/avida/work/ecology_test_2_fast_run_4/data/detail-4403.spop
ecology_test_2_fast_run_4,ecology_test_2_fast,4403,134,23,13400,y,sense-faced-resource0,13,0.0009701492537313432,/Users/alinaqvi/Desktop/github_projects/avida/work/ecology_test_2_fast_run_4/data/detail-4403.spop
ecology_test_2_fast_run_5,ecology_test_2_fast,0,174,2,17400,a,nop-B,0,0.0,/Users/alinaqvi/Desktop/github_projects/avida/work/ecology_test_2_fast_run_5/data/detail-0.spop
ecology_test_2_fast_run_5,ecology_test_2_fast,0,174,2,17400,b,nop-C,16926,0.9727586206896551,/Users/alinaqvi/Desktop/github_projects/avida/work/ecology_test_2_fast_run_5/data/detail-0.spop
ecology_test_2_fast_run_5,ecology_test_2_fast,0,174,2,17400,c,if-n-equ,0,0.0,/Users/alinaqvi/Desktop/github_projects/avida/work/ecology_test_2_fast_run_5/data/detail-0.spop
ecology_test_2_fast_run_5,ecology_test_2_fast,0,174,2,17400,d,if-less,0,0.0,/Users/alinaqvi/Desktop/github_projects/avida/work/ecology_test_2_fast_run_5/data/detail-0.spop
ecology_test_2_fast_run_5,ecology_test_2_fast,0,174,2,17400,e,if-not-0,0,0.0,/Users/alinaqvi/Desktop/github_projects/avida/work/ecology_test_2_fast_run_5/data/detail-0.spop
ecology_test_2_fast_run_5,ecology_test_2_fast,0,174,2,17400,f,if-les-0,0,0.0,/Users/alinaqvi/Desktop/github_projects/avida/work/ecology_test_2_fast_run_5/data/detail-0.spop
ecology_test_2_fast_run_5,ecology_test_2_fast,0,174,2,17400,g,if-grt-0,0,0.0,/Users/alinaqvi/Desktop/github_projects/avida/work/ecology_test_2_fast_run_5/data/detail-0.spop
ecology_test_2_fast_run_5,ecology_test_2_fast,0,174,2,17400,h,if-label,0,0.0,/Users/alinaqvi/Desktop/github_projects/avida/work/ecology_test_2_fast_run_5/data/detail-0.spop
ecology_test_2_fast_run_5,ecology_test_2_fast,0,174,2,17400,i,zero,0,0.0,/Users/alinaqvi/Desktop/github_projects/avida/work/ecology_test_2_fast_run_5/data/detail-0.spop
ecology_test_2_fast_run_5,ecology_test_2_fast,0,174,2,17400,j,inc,0,0.0,/Users/alinaqvi/Desktop/github_projects/avida/work/ecology_test_2_fast_run_5/data/detail-0.spop
ecology_test_2_fast_run_5,ecology_test_2_fast,0,174,2,17400,k,dec,0,0.0,/Users/alinaqvi/Desktop/github_projects/avida/work/ecology_test_2_fast_run_5/data/detail-0.spop
ecology_test_2_fast_run_5,ecology_test_2_fast,0,174,2,17400,l,push,0,0.0,/Users/alinaqvi/Desktop/github_projects/avida/work/ecology_test_2_fast_run_5/data/detail-0.spop
ecology_test_2_fast_run_5,ecology_test_2_fast,0,174,2,17400,m,pop,0,0.0,/Users/alinaqvi/Desktop/github_projects/avida/work/ecology_test_2_fast_run_5/data/detail-0.spop
ecology_test_2_fast_run_5,ecology_test_2_fast,0,174,2,17400,n,swap-stk,0,0.0,/Users/alinaqvi/Desktop/github_projects/avida/work/ecology_test_2_fast_run_5/data/detail-0.spop
ecology_test_2_fast_run_5,ecology_test_2_fast,0,174,2,17400,o,swap,0,0.0,/Users/alinaqvi/Desktop/github_projects/avida/work/ecology_test_2_fast_run_5/data/detail-0.spop
ecology_test_2_fast_run_5,ecology_test_2_fast,0,174,2,17400,p,add,0,0.0,/Users/alinaqvi/Desktop/github_projects/avida/work/ecology_test_2_fast_run_5/data/detail-0.spop
ecology_test_2_fast_run_5,ecology_test_2_fast,0,174,2,17400,q,sub,0,0.0,/Users/alinaqvi/Desktop/github_projects/avida/work/ecology_test_2_fast_run_5/data/detail-0.spop
ecology_test_2_fast_run_5,ecology_test_2_fast,0,174,2,17400,r,nand,0,0.0,/Users/alinaqvi/Desktop/github_projects/avida/work/ecology_test_2_fast_run_5/data/detail-0.spop
ecology_test_2_fast_run_5,ecology_test_2_fast,0,174,2,17400,s,repro,400,0.022988505747126436,/Users/alinaqvi/Desktop/github_projects/avida/work/ecology_test_2_fast_run_5/data/detail-0.spop
ecology_test_2_fast_run_5,ecology_test_2_fast,0,174,2,17400,t,repro-semel,74,0.004252873563218391,/Users/alinaqvi/Desktop/github_projects/avida/work/ecology_test_2_fast_run_5/data/detail-0.spop
ecology_test_2_fast_run_5,ecology_test_2_fast,0,174,2,17400,u,move,0,0.0,/Users/alinaqvi/Desktop/github_projects/avida/work/ecology_test_2_fast_run_5/data/detail-0.spop
ecology_test_2_fast_run_5,ecology_test_2_fast,0,174,2,17400,v,rotate-left-one,0,0.0,/Users/alinaqvi/Desktop/github_projects/avida/work/ecology_test_2_fast_run_5/data/detail-0.spop
ecology_test_2_fast_run_5,ecology_test_2_fast,0,174,2,17400,w,rotate-right-one,0,0.0,/Users/alinaqvi/Desktop/github_projects/avida/work/ecology_test_2_fast_run_5/data/detail-0.spop
ecology_test_2_fast_run_5,ecology_test_2_fast,0,174,2,17400,x,sense-resource0,0,0.0,/Users/alinaqvi/Desktop/github_projects/avida/work/ecology_test_2_fast_run_5/data/detail-0.spop
ecology_test_2_fast_run_5,ecology_test_2_fast,0,174,2,17400,y,sense-faced-resource0,0,0.0,/Users/alinaqvi/Desktop/github_projects/avida/work/ecology_test_2_fast_run_5/data/detail-0.spop
ecology_test_2_fast_run_6,ecology_test_2_fast,0,175,2,17500,a,nop-B,0,0.0,/Users/alinaqvi/Desktop/github_projects/avida/work/ecology_test_2_fast_run_6/data/detail-0.spop
ecology_test_2_fast_run_6,ecology_test_2_fast,0,175,2,17500,b,nop-C,17025,0.9728571428571429,/Users/alinaqvi/Desktop/github_projects/avida/work/ecology_test_2_fast_run_6/data/detail-0.spop
ecology_test_2_fast_run_6,ecology_test_2_fast,0,175,2,17500,c,if-n-equ,0,0.0,/Users/alinaqvi/Desktop/github_projects/avida/work/ecology_test_2_fast_run_6/data/detail-0.spop
ecology_test_2_fast_run_6,ecology_test_2_fast,0,175,2,17500,d,if-less,0,0.0,/Users/alinaqvi/Desktop/github_projects/avida/work/ecology_test_2_fast_run_6/data/detail-0.spop
ecology_test_2_fast_run_6,ecology_test_2_fast,0,175,2,17500,e,if-not-0,0,0.0,/Users/alinaqvi/Desktop/github_projects/avida/work/ecology_test_2_fast_run_6/data/detail-0.spop
ecology_test_2_fast_run_6,ecology_test_2_fast,0,175,2,17500,f,if-les-0,0,0.0,/Users/alinaqvi/Desktop/github_projects/avida/work/ecology_test_2_fast_run_6/data/detail-0.spop
ecology_test_2_fast_run_6,ecology_test_2_fast,0,175,2,17500,g,if-grt-0,0,0.0,/Users/alinaqvi/Desktop/github_projects/avida/work/ecology_test_2_fast_run_6/data/detail-0.spop
ecology_test_2_fast_run_6,ecology_test_2_fast,0,175,2,17500,h,if-label,0,0.0,/Users/alinaqvi/Desktop/github_projects/avida/work/ecology_test_2_fast_run_6/data/detail-0.spop
ecology_test_2_fast_run_6,ecology_test_2_fast,0,175,2,17500,i,zero,0,0.0,/Users/alinaqvi/Desktop/github_projects/avida/work/ecology_test_2_fast_run_6/data/detail-0.spop
ecology_test_2_fast_run_6,ecology_test_2_fast,0,175,2,17500,j,inc,0,0.0,/Users/alinaqvi/Desktop/github_projects/avida/work/ecology_test_2_fast_run_6/data/detail-0.spop
ecology_test_2_fast_run_6,ecology_test_2_fast,0,175,2,17500,k,dec,0,0.0,/Users/alinaqvi/Desktop/github_projects/avida/work/ecology_test_2_fast_run_6/data/detail-0.spop
ecology_test_2_fast_run_6,ecology_test_2_fast,0,175,2,17500,l,push,0,0.0,/Users/alinaqvi/Desktop/github_projects/avida/work/ecology_test_2_fast_run_6/data/detail-0.spop
ecology_test_2_fast_run_6,ecology_test_2_fast,0,175,2,17500,m,pop,0,0.0,/Users/alinaqvi/Desktop/github_projects/avida/work/ecology_test_2_fast_run_6/data/detail-0.spop
ecology_test_2_fast_run_6,ecology_test_2_fast,0,175,2,17500,n,swap-stk,0,0.0,/Users/alinaqvi/Desktop/github_projects/avida/work/ecology_test_2_fast_run_6/data/detail-0.spop
ecology_test_2_fast_run_6,ecology_test_2_fast,0,175,2,17500,o,swap,0,0.0,/Users/alinaqvi/Desktop/github_projects/avida/work/ecology_test_2_fast_run_6/data/detail-0.spop
ecology_test_2_fast_run_6,ecology_test_2_fast,0,175,2,17500,p,add,0,0.0,/Users/alinaqvi/Desktop/github_projects/avida/work/ecology_test_2_fast_run_6/data/detail-0.spop
ecology_test_2_fast_run_6,ecology_test_2_fast,0,175,2,17500,q,sub,0,0.0,/Users/alinaqvi/Desktop/github_projects/avida/work/ecology_test_2_fast_run_6/data/detail-0.spop
ecology_test_2_fast_run_6,ecology_test_2_fast,0,175,2,17500,r,nand,0,0.0,/Users/alinaqvi/Desktop/github_projects/avida/work/ecology_test_2_fast_run_6/data/detail-0.spop
ecology_test_2_fast_run_6,ecology_test_2_fast,0,175,2,17500,s,repro,400,0.022857142857142857,/Users/alinaqvi/Desktop/github_projects/avida/work/ecology_test_2_fast_run_6/data/detail-0.spop
ecology_test_2_fast_run_6,ecology_test_2_fast,0,175,2,17500,t,repro-semel,75,0.004285714285714286,/Users/alinaqvi/Desktop/github_projects/avida/work/ecology_test_2_fast_run_6/data/detail-0.spop
ecology_test_2_fast_run_6,ecology_test_2_fast,0,175,2,17500,u,move,0,0.0,/Users/alinaqvi/Desktop/github_projects/avida/work/ecology_test_2_fast_run_6/data/detail-0.spop
ecology_test_2_fast_run_6,ecology_test_2_fast,0,175,2,17500,v,rotate-left-one,0,0.0,/Users/alinaqvi/Desktop/github_projects/avida/work/ecology_test_2_fast_run_6/data/detail-0.spop
ecology_test_2_fast_run_6,ecology_test_2_fast,0,175,2,17500,w,rotate-right-one,0,0.0,/Users/alinaqvi/Desktop/github_projects/avida/work/ecology_test_2_fast_run_6/data/detail-0.spop
ecology_test_2_fast_run_6,ecology_test_2_fast,0,175,2,17500,x,sense-resource0,0,0.0,/Users/alinaqvi/Desktop/github_projects/avida/work/ecology_test_2_fast_run_6/data/detail-0.spop
ecology_test_2_fast_run_6,ecology_test_2_fast,0,175,2,17500,y,sense-faced-resource0,0,0.0,/Users/alinaqvi/Desktop/github_projects/avida/work/ecology_test_2_fast_run_6/data/detail-0.spop
ecology_test_2_fast_run_7,ecology_test_2_fast,135851,8234,356,823400,a,nop-B,63911,0.07761841146465873,/Users/alinaqvi/Desktop/github_projects/avida/work/ecology_test_2_fast_run_7/data/detail-135851.spop
ecology_test_2_fast_run_7,ecology_test_2_fast,135851,8234,356,823400,b,nop-C,112348,0.13644401263055622,/Users/alinaqvi/Desktop/github_projects/avida/work/ecology_test_2_fast_run_7/data/detail-135851.spop
ecology_test_2_fast_run_7,ecology_test_2_fast,135851,8234,356,823400,c,if-n-equ,10057,0.01221399076997814,/Users/alinaqvi/Desktop/github_projects/avida/work/ecology_test_2_fast_run_7/data/detail-135851.spop
ecology_test_2_fast_run_7,ecology_test_2_fast,135851,8234,356,823400,d,if-less,41015,0.04981175613310663,/Users/alinaqvi/Desktop/github_projects/avida/work/ecology_test_2_fast_run_7/data/detail-135851.spop
ecology_test_2_fast_run_7,ecology_test_2_fast,135851,8234,356,823400,e,if-not-0,13872,0.01684721884867622,/Users/alinaqvi/Desktop/github_projects/avida/work/ecology_test_2_fast_run_7/data/detail-135851.spop
ecology_test_2_fast_run_7,ecology_test_2_fast,135851,8234,356,823400,f,if-les-0,19283,0.0234187515180957,/Users/alinaqvi/Desktop/github_projects/avida/work/ecology_test_2_fast_run_7/data/detail-135851.spop
ecology_test_2_fast_run_7,ecology_test_2_fast,135851,8234,356,823400,g,if-grt-0,14325,0.017397376730629098,/Users/alinaqvi/Desktop/github_projects/avida/work/ecology_test_2_fast_run_7/data/detail-135851.spop
ecology_test_2_fast_run_7,ecology_test_2_fast,135851,8234,356,823400,h,if-label,23324,0.02832645129948992,/Users/alinaqvi/Desktop/github_projects/avida/work/ecology_test_2_fast_run_7/data/detail-135851.spop
ecology_test_2_fast_run_7,ecology_test_2_fast,135851,8234,356,823400,i,zero,18239,0.022150837988826815,/Users/alinaqvi/Desktop/github_projects/avida/work/ecology_test_2_fast_run_7/data/detail-135851.spop
ecology_test_2_fast_run_7,ecology_test_2_fast,135851,8234,356,823400,j,inc,10071,0.012230993441826573,/Users/alinaqvi/Desktop/github_projects/avida/work/ecology_test_2_fast_run_7/data/detail-135851.spop
ecology_test_2_fast_run_7,ecology_test_2_fast,135851,8234,356,823400,k,dec,17166,0.02084770463930046,/Users/alinaqvi/Desktop/github_projects/avida/work/ecology_test_2_fast_run_7/data/detail-135851.spop
ecology_test_2_fast_run_7,ecology_test_2_fast,135851,8234,356,823400,l,push,18426,0.02237794510565946,/Users/alinaqvi/Desktop/github_projects/avida/work/ecology_test_2_fast_run_7/data/detail-135851.spop
ecology_test_2_fast_run_7,ecology_test_2_fast,135851,8234,356,823400,m,pop,37446,0.045477289288316736,/Users/alinaqvi/Desktop/github_projects/avida/work/ecology_test_2_fast_run_7/data/detail-135851.spop
ecology_test_2_fast_run_7,ecology_test_2_fast,135851,8234,356,823400,n,swap-stk,11384,0.013825601165897499,/Users/alinaqvi/Desktop/github_projects/avida/work/ecology_test_2_fast_run_7/data/detail-135851.spop
ecology_test_2_fast_run_7,ecology_test_2_fast,135851,8234,356,823400,o,swap,1487,0.0018059266456157397,/Users/alinaqvi/Desktop/github_projects/avida/work/ecology_test_2_fast_run_7/data/detail-135851.spop
ecology_test_2_fast_run_7,ecology_test_2_fast,135851,8234,356,823400,p,add,28719,0.03487855234393976,/Users/alinaqvi/Desktop/github_projects/avida/work/ecology_test_2_fast_run_7/data/detail-135851.spop
ecology_test_2_fast_run_7,ecology_test_2_fast,135851,8234,356,823400,q,sub,16923,0.020552586835074084,/Users/alinaqvi/Desktop/github_projects/avida/work/ecology_test_2_fast_run_7/data/detail-135851.spop
ecology_test_2_fast_run_7,ecology_test_2_fast,135851,8234,356,823400,r,nand,12968,0.01574933203789167,/Users/alinaqvi/Desktop/github_projects/avida/work/ecology_test_2_fast_run_7/data/detail-135851.spop
ecology_test_2_fast_run_7,ecology_test_2_fast,135851,8234,356,823400,s,repro,63902,0.07760748117561331,/Users/alinaqvi/Desktop/github_projects/avida/work/ecology_test_2_fast_run_7/data/detail-135851.spop
ecology_test_2_fast_run_7,ecology_test_2_fast,135851,8234,356,823400,t,repro-semel,15202,0.018462472674277388,/Users/alinaqvi/Desktop/github_projects/avida/work/ecology_test_2_fast_run_7/data/detail-135851.spop
ecology_test_2_fast_run_7,ecology_test_2_fast,135851,8234,356,823400,u,move,227399,0.2761707554044207,/Users/alinaqvi/Desktop/github_projects/avida/work/ecology_test_2_fast_run_7/data/detail-135851.spop
ecology_test_2_fast_run_7,ecology_test_2_fast,135851,8234,356,823400,v,rotate-left-one,8251,0.01002064610153024,/Users/alinaqvi/Desktop/github_projects/avida/work/ecology_test_2_fast_run_7/data/detail-135851.spop
ecology_test_2_fast_run_7,ecology_test_2_fast,135851,8234,356,823400,w,rotate-right-one,9212,0.011187758076269127,/Users/alinaqvi/Desktop/github_projects/avida/work/ecology_test_2_fast_run_7/data/detail-135851.spop
ecology_test_2_fast_run_7,ecology_test_2_fast,135851,8234,356,823400,x,sense-resource0,25806,0.03134078212290503,/Users/alinaqvi/Desktop/github_projects/avida/work/ecology_test_2_fast_run_7/data/detail-135851.spop
ecology_test_2_fast_run_7,ecology_test_2_fast,135851,8234,356,823400,y,sense-faced-resource0,2664,0.0032353655574447414,/Users/alinaqvi/Desktop/github_projects/avida/work/ecology_test_2_fast_run_7/data/detail-135851.spop
ecology_test_2_fast_run_8,ecology_test_2_fast,47812,4100,392,410000,a,nop-B,21747,0.053041463414634143,/Users/alinaqvi/Desktop/github_projects/avida/work/ecology_test_2_fast_run_8/data/detail-47812.spop
ecology_test_2_fast_run_8,ecology_test_2_fast,47812,4100,392,410000,b,nop-C,128665,0.3138170731707317,/Users/alinaqvi/Desktop/github_projects/avida/work/ecology_test_2_fast_run_8/data/detail-47812.spop
ecology_test_2_fast_run_8,ecology_test_2_fast,47812,4100,392,410000,c,if-n-equ,9770,0.023829268292682927,/Users/alinaqvi/Desktop/github_projects/avida/work/ecology_test_2_fast_run_8/data/detail-47812.spop
ecology_test_2_fast_run_8,ecology_test_2_fast,47812,4100,392,410000,d,if-less,15074,0.03676585365853659,/Users/alinaqvi/Desktop/github_projects/avida/work/ecology_test_2_fast_run_8/data/detail-47812.spop
ecology_test_2_fast_run_8,ecology_test_2_fast,47812,4100,392,410000,e,if-not-0,9216,0.022478048780487803,/Users/alinaqvi/Desktop/github_projects/avida/work/ecology_test_2_fast_run_8/data/detail-47812.spop
ecology_test_2_fast_run_8,ecology_test_2_fast,47812,4100,392,410000,f,if-les-0,6273,0.0153,/Users/alinaqvi/Desktop/github_projects/avida/work/ecology_test_2_fast_run_8/data/detail-47812.spop
ecology_test_2_fast_run_8,ecology_test_2_fast,47812,4100,392,410000,g,if-grt-0,17825,0.04347560975609756,/Users/alinaqvi/Desktop/github_projects/avida/work/ecology_test_2_fast_run_8/data/detail-47812.spop
ecology_test_2_fast_run_8,ecology_test_2_fast,47812,4100,392,410000,h,if-label,31013,0.07564146341463415,/Users/alinaqvi/Desktop/github_projects/avida/work/ecology_test_2_fast_run_8/data/detail-47812.spop
ecology_test_2_fast_run_8,ecology_test_2_fast,47812,4100,392,410000,i,zero,13474,0.03286341463414634,/Users/alinaqvi/Desktop/github_projects/avida/work/ecology_test_2_fast_run_8/data/detail-47812.spop
ecology_test_2_fast_run_8,ecology_test_2_fast,47812,4100,392,410000,j,inc,12499,0.030485365853658537,/Users/alinaqvi/Desktop/github_projects/avida/work/ecology_test_2_fast_run_8/data/detail-47812.spop
ecology_test_2_fast_run_8,ecology_test_2_fast,47812,4100,392,410000,k,dec,9595,0.023402439024390244,/Users/alinaqvi/Desktop/github_projects/avida/work/ecology_test_2_fast_run_8/data/detail-47812.spop
ecology_test_2_fast_run_8,ecology_test_2_fast,47812,4100,392,410000,l,push,4884,0.01191219512195122,/Users/alinaqvi/Desktop/github_projects/avida/work/ecology_test_2_fast_run_8/data/detail-47812.spop
ecology_test_2_fast_run_8,ecology_test_2_fast,47812,4100,392,410000,m,pop,9518,0.023214634146341465,/Users/alinaqvi/Desktop/github_projects/avida/work/ecology_test_2_fast_run_8/data/detail-47812.spop
ecology_test_2_fast_run_8,ecology_test_2_fast,47812,4100,392,410000,n,swap-stk,11003,0.02683658536585366,/Users/alinaqvi/Desktop/github_projects/avida/work/ecology_test_2_fast_run_8/data/detail-47812.spop
ecology_test_2_fast_run_8,ecology_test_2_fast,47812,4100,392,410000,o,swap,10458,0.02550731707317073,/Users/alinaqvi/Desktop/github_projects/avida/work/ecology_test_2_fast_run_8/data/detail-47812.spop
ecology_test_2_fast_run_8,ecology_test_2_fast,47812,4100,392,410000,p,add,4880,0.011902439024390244,/Users/alinaqvi/Desktop/github_projects/avida/work/ecology_test_2_fast_run_8/data/detail-47812.spop
ecology_test_2_fast_run_8,ecology_test_2_fast,47812,4100,392,410000,q,sub,21453,0.05232439024390244,/Users/alinaqvi/Desktop/github_projects/avida/work/ecology_test_2_fast_run_8/data/detail-47812.spop
ecology_test_2_fast_run_8,ecology_test_2_fast,47812,4100,392,410000,r,nand,3455,0.008426829268292683,/Users/alinaqvi/Desktop/github_projects/avida/work/ecology_test_2_fast_run_8/data/detail-47812.spop
ecology_test_2_fast_run_8,ecology_test_2_fast,47812,4100,392,410000,s,repro,8628,0.02104390243902439,/Users/alinaqvi/Desktop/github_projects/avida/work/ecology_test_2_fast_run_8/data/detail-47812.spop
ecology_test_2_fast_run_8,ecology_test_2_fast,47812,4100,392,410000,t,repro-semel,12854,0.03135121951219512,/Users/alinaqvi/Desktop/github_projects/avida/work/ecology_test_2_fast_run_8/data/detail-47812.spop
ecology_test_2_fast_run_8,ecology_test_2_fast,47812,4100,392,410000,u,move,6981,0.017026829268292683,/Users/alinaqvi/Desktop/github_projects/avida/work/ecology_test_2_fast_run_8/data/detail-47812.spop
ecology_test_2_fast_run_8,ecology_test_2_fast,47812,4100,392,410000,v,rotate-left-one,14387,0.035090243902439026,/Users/alinaqvi/Desktop/github_projects/avida/work/ecology_test_2_fast_run_8/data/detail-47812.spop
ecology_test_2_fast_run_8,ecology_test_2_fast,47812,4100,392,410000,w,rotate-right-one,8056,0.019648780487804877,/Users/alinaqvi/Desktop/github_projects/avida/work/ecology_test_2_fast_run_8/data/detail-47812.spop
ecology_test_2_fast_run_8,ecology_test_2_fast,47812,4100,392,410000,x,sense-resource0,4079,0.009948780487804879,/Users/alinaqvi/Desktop/github_projects/avida/work/ecology_test_2_fast_run_8/data/detail-47812.spop
ecology_test_2_fast_run_8,ecology_test_2_fast,47812,4100,392,410000,y,sense-faced-resource0,14213,0.03466585365853658,/Users/alinaqvi/Desktop/github_projects/avida/work/ecology_test_2_fast_run_8/data/detail-47812.spop
ecology_test_2_fast_run_9,ecology_test_2_fast,0,175,2,17500,a,nop-B,0,0.0,/Users/alinaqvi/Desktop/github_projects/avida/work/ecology_test_2_fast_run_9/data/detail-0.spop
ecology_test_2_fast_run_9,ecology_test_2_fast,0,175,2,17500,b,nop-C,17025,0.9728571428571429,/Users/alinaqvi/Desktop/github_projects/avida/work/ecology_test_2_fast_run_9/data/detail-0.spop
ecology_test_2_fast_run_9,ecology_test_2_fast,0,175,2,17500,c,if-n-equ,0,0.0,/Users/alinaqvi/Desktop/github_projects/avida/work/ecology_test_2_fast_run_9/data/detail-0.spop
ecology_test_2_fast_run_9,ecology_test_2_fast,0,175,2,17500,d,if-less,0,0.0,/Users/alinaqvi/Desktop/github_projects/avida/work/ecology_test_2_fast_run_9/data/detail-0.spop
ecology_test_2_fast_run_9,ecology_test_2_fast,0,175,2,17500,e,if-not-0,0,0.0,/Users/alinaqvi/Desktop/github_projects/avida/work/ecology_test_2_fast_run_9/data/detail-0.spop
ecology_test_2_fast_run_9,ecology_test_2_fast,0,175,2,17500,f,if-les-0,0,0.0,/Users/alinaqvi/Desktop/github_projects/avida/work/ecology_test_2_fast_run_9/data/detail-0.spop
ecology_test_2_fast_run_9,ecology_test_2_fast,0,175,2,17500,g,if-grt-0,0,0.0,/Users/alinaqvi/Desktop/github_projects/avida/work/ecology_test_2_fast_run_9/data/detail-0.spop
ecology_test_2_fast_run_9,ecology_test_2_fast,0,175,2,17500,h,if-label,0,0.0,/Users/alinaqvi/Desktop/github_projects/avida/work/ecology_test_2_fast_run_9/data/detail-0.spop
ecology_test_2_fast_run_9,ecology_test_2_fast,0,175,2,17500,i,zero,0,0.0,/Users/alinaqvi/Desktop/github_projects/avida/work/ecology_test_2_fast_run_9/data/detail-0.spop
ecology_test_2_fast_run_9,ecology_test_2_fast,0,175,2,17500,j,inc,0,0.0,/Users/alinaqvi/Desktop/github_projects/avida/work/ecology_test_2_fast_run_9/data/detail-0.spop
ecology_test_2_fast_run_9,ecology_test_2_fast,0,175,2,17500,k,dec,0,0.0,/Users/alinaqvi/Desktop/github_projects/avida/work/ecology_test_2_fast_run_9/data/detail-0.spop
ecology_test_2_fast_run_9,ecology_test_2_fast,0,175,2,17500,l,push,0,0.0,/Users/alinaqvi/Desktop/github_projects/avida/work/ecology_test_2_fast_run_9/data/detail-0.spop
ecology_test_2_fast_run_9,ecology_test_2_fast,0,175,2,17500,m,pop,0,0.0,/Users/alinaqvi/Desktop/github_projects/avida/work/ecology_test_2_fast_run_9/data/detail-0.spop
ecology_test_2_fast_run_9,ecology_test_2_fast,0,175,2,17500,n,swap-stk,0,0.0,/Users/alinaqvi/Desktop/github_projects/avida/work/ecology_test_2_fast_run_9/data/detail-0.spop
ecology_test_2_fast_run_9,ecology_test_2_fast,0,175,2,17500,o,swap,0,0.0,/Users/alinaqvi/Desktop/github_projects/avida/work/ecology_test_2_fast_run_9/data/detail-0.spop
ecology_test_2_fast_run_9,ecology_test_2_fast,0,175,2,17500,p,add,0,0.0,/Users/alinaqvi/Desktop/github_projects/avida/work/ecology_test_2_fast_run_9/data/detail-0.spop
ecology_test_2_fast_run_9,ecology_test_2_fast,0,175,2,17500,q,sub,0,0.0,/Users/alinaqvi/Desktop/github_projects/avida/work/ecology_test_2_fast_run_9/data/detail-0.spop
ecology_test_2_fast_run_9,ecology_test_2_fast,0,175,2,17500,r,nand,0,0.0,/Users/alinaqvi/Desktop/github_projects/avida/work/ecology_test_2_fast_run_9/data/detail-0.spop
ecology_test_2_fast_run_9,ecology_test_2_fast,0,175,2,17500,s,repro,400,0.022857142857142857,/Users/alinaqvi/Desktop/github_projects/avida/work/ecology_test_2_fast_run_9/data/detail-0.spop
ecology_test_2_fast_run_9,ecology_test_2_fast,0,175,2,17500,t,repro-semel,75,0.004285714285714286,/Users/alinaqvi/Desktop/github_projects/avida/work/ecology_test_2_fast_run_9/data/detail-0.spop
ecology_test_2_fast_run_9,ecology_test_2_fast,0,175,2,17500,u,move,0,0.0,/Users/alinaqvi/Desktop/github_projects/avida/work/ecology_test_2_fast_run_9/data/detail-0.spop
ecology_test_2_fast_run_9,ecology_test_2_fast,0,175,2,17500,v,rotate-left-one,0,0.0,/Users/alinaqvi/Desktop/github_projects/avida/work/ecology_test_2_fast_run_9/data/detail-0.spop
ecology_test_2_fast_run_9,ecology_test_2_fast,0,175,2,17500,w,rotate-right-one,0,0.0,/Users/alinaqvi/Desktop/github_projects/avida/work/ecology_test_2_fast_run_9/data/detail-0.spop
ecology_test_2_fast_run_9,ecology_test_2_fast,0,175,2,17500,x,sense-resource0,0,0.0,/Users/alinaqvi/Desktop/github_projects/avida/work/ecology_test_2_fast_run_9/data/detail-0.spop
ecology_test_2_fast_run_9,ecology_test_2_fast,0,175,2,17500,y,sense-faced-resource0,0,0.0,/Users/alinaqvi/Desktop/github_projects/avida/work/ecology_test_2_fast_run_9/data/detail-0.spop
ecology_test_2_fast_run_10,ecology_test_2_fast,4004,822,108,82200,a,nop-B,1284,0.015620437956204379,/Users/alinaqvi/Desktop/github_projects/avida/work/ecology_test_2_fast_run_10/data/detail-4004.spop
ecology_test_2_fast_run_10,ecology_test_2_fast,4004,822,108,82200,b,nop-C,66301,0.8065815085158151,/Users/alinaqvi/Desktop/github_projects/avida/work/ecology_test_2_fast_run_10/data/detail-4004.spop
ecology_test_2_fast_run_10,ecology_test_2_fast,4004,822,108,82200,c,if-n-equ,931,0.01132603406326034,/Users/alinaqvi/Desktop/github_projects/avida/work/ecology_test_2_fast_run_10/data/detail-4004.spop
ecology_test_2_fast_run_10,ecology_test_2_fast,4004,822,108,82200,d,if-less,49,0.0005961070559610705,/Users/alinaqvi/Desktop/github_projects/avida/work/ecology_test_2_fast_run_10/data/detail-4004.spop
ecology_test_2_fast_run_10,ecology_test_2_fast,4004,822,108,82200,e,if-not-0,213,0.002591240875912409,/Users/alinaqvi/Desktop/github_projects/avida/work/ecology_test_2_fast_run_10/data/detail-4004.spop
ecology_test_2_fast_run_10,ecology_test_2_fast,4004,822,108,82200,f,if-les-0,80,0.0009732360097323601,/Users/alinaqvi/Desktop/github_projects/avida/work/ecology_test_2_fast_run_10/data/detail-4004.spop
ecology_test_2_fast_run_10,ecology_test_2_fast,4004,822,108,82200,g,if-grt-0,270,0.0032846715328467154,/Users/alinaqvi/Desktop/github_projects/avida/work/ecology_test_2_fast_run_10/data/detail-4004.spop
ecology_test_2_fast_run_10,ecology_test_2_fast,4004,822,108,82200,h,if-label,1486,0.018077858880778588,/Users/alinaqvi/Desktop/github_projects/avida/work/ecology_test_2_fast_run_10/data/detail-4004.spop
ecology_test_2_fast_run_10,ecology_test_2_fast,4004,822,108,82200,i,zero,156,0.0018978102189781021,/Users/alinaqvi/Desktop/github_projects/avida/work/ecology_test_2_fast_run_10/data/detail-4004.spop
ecology_test_2_fast_run_10,ecology_test_2_fast,4004,822,108,82200,j,inc,73,0.0008880778588807786,/Users/alinaqvi/Desktop/github_projects/avida/work/ecology_test_2_fast_run_10/data/detail-4004.spop
ecology_test_2_fast_run_10,ecology_test_2_fast,4004,822,108,82200,k,dec,847,0.010304136253041362,/Users/alinaqvi/Desktop/github_projects/avida/work/ecology_test_2_fast_run_10/data/detail-4004.spop
ecology_test_2_fast_run_10,ecology_test_2_fast,4004,822,108,82200,l,push,482,0.005863746958637469,/Users/alinaqvi/Desktop/github_projects/avida/work/ecology_test_2_fast_run_10/data/detail-4004.spop
ecology_test_2_fast_run_10,ecology_test_2_fast,4004,822,108,82200,m,pop,347,0.004221411192214112,/Users/alinaqvi/Desktop/github_projects/avida/work/ecology_test_2_fast_run_10/data/detail-4004.spop
ecology_test_2_fast_run_10,ecology_test_2_fast,4004,822,108,82200,n,swap-stk,428,0.005206812652068127,/Users/alinaqvi/Desktop/github_projects/avida/work/ecology_test_2_fast_run_10/data/detail-4004.spop
ecology_test_2_fast_run_10,ecology_test_2_fast,4004,822,108,82200,o,swap,227,0.002761557177615572,/Users/alinaqvi/Desktop/github_projects/avida/work/ecology_test_2_fast_run_10/data/detail-4004.spop
ecology_test_2_fast_run_10,ecology_test_2_fast,4004,822,108,82200,p,add,1239,0.015072992700729928,/Users/alinaqvi/Desktop/github_projects/avida/work/ecology_test_2_fast_run_10/data/detail-4004.spop
ecology_test_2_fast_run_10,ecology_test_2_fast,4004,822,108,82200,q,sub,874,0.010632603406326034,/Users/alinaqvi/Desktop/github_projects/avida/work/ecology_test_2_fast_run_10/data/detail-4004.spop
ecology_test_2_fast_run_10,ecology_test_2_fast,4004,822,108,82200,r,nand,218,0.002652068126520681,/Users/alinaqvi/Desktop/github_projects/avida/work/ecology_test_2_fast_run_10/data/detail-4004.spop
ecology_test_2_fast_run_10,ecology_test_2_fast,4004,822,108,82200,s,repro,3418,0.04158150851581509,/Users/alinaqvi/Desktop/github_projects/avida/work/ecology_test_2_fast_run_10/data/detail-4004.spop
ecology_test_2_fast_run_10,ecology_test_2_fast,4004,822,108,82200,t,repro-semel,753,0.00916058394160584,/Users/alinaqvi/Desktop/github_projects/avida/work/ecology_test_2_fast_run_10/data/detail-4004.spop
ecology_test_2_fast_run_10,ecology_test_2_fast,4004,822,108,82200,u,move,485,0.005900243309002433,/Users/alinaqvi/Desktop/github_projects/avida/work/ecology_test_2_fast_run_10/data/detail-4004.spop
ecology_test_2_fast_run_10,ecology_test_2_fast,4004,822,108,82200,v,rotate-left-one,627,0.007627737226277373,/Users/alinaqvi/Desktop/github_projects/avida/work/ecology_test_2_fast_run_10/data/detail-4004.spop
ecology_test_2_fast_run_10,ecology_test_2_fast,4004,822,108,82200,w,rotate-right-one,625,0.0076034063260340635,/Users/alinaqvi/Desktop/github_projects/avida/work/ecology_test_2_fast_run_10/data/detail-4004.spop
ecology_test_2_fast_run_10,ecology_test_2_fast,4004,822,108,82200,x,sense-resource0,613,0.007457420924574209,/Users/alinaqvi/Desktop/github_projects/avida/work/ecology_test_2_fast_run_10/data/detail-4004.spop
ecology_test_2_fast_run_10,ecology_test_2_fast,4004,822,108,82200,y,sense-faced-resource0,174,0.002116788321167883,/Users/alinaqvi/Desktop/github_projects/avida/work/ecology_test_2_fast_run_10/data/detail-4004.spop
ecology_test_2_fast_run_11,ecology_test_2_fast,0,171,2,17100,a,nop-B,0,0.0,/Users/alinaqvi/Desktop/github_projects/avida/work/ecology_test_2_fast_run_11/data/detail-0.spop
ecology_test_2_fast_run_11,ecology_test_2_fast,0,171,2,17100,b,nop-C,16629,0.9724561403508772,/Users/alinaqvi/Desktop/github_projects/avida/work/ecology_test_2_fast_run_11/data/detail-0.spop
ecology_test_2_fast_run_11,ecology_test_2_fast,0,171,2,17100,c,if-n-equ,0,0.0,/Users/alinaqvi/Desktop/github_projects/avida/work/ecology_test_2_fast_run_11/data/detail-0.spop
ecology_test_2_fast_run_11,ecology_test_2_fast,0,171,2,17100,d,if-less,0,0.0,/Users/alinaqvi/Desktop/github_projects/avida/work/ecology_test_2_fast_run_11/data/detail-0.spop
ecology_test_2_fast_run_11,ecology_test_2_fast,0,171,2,17100,e,if-not-0,0,0.0,/Users/alinaqvi/Desktop/github_projects/avida/work/ecology_test_2_fast_run_11/data/detail-0.spop
ecology_test_2_fast_run_11,ecology_test_2_fast,0,171,2,17100,f,if-les-0,0,0.0,/Users/alinaqvi/Desktop/github_projects/avida/work/ecology_test_2_fast_run_11/data/detail-0.spop
ecology_test_2_fast_run_11,ecology_test_2_fast,0,171,2,17100,g,if-grt-0,0,0.0,/Users/alinaqvi/Desktop/github_projects/avida/work/ecology_test_2_fast_run_11/data/detail-0.spop
ecology_test_2_fast_run_11,ecology_test_2_fast,0,171,2,17100,h,if-label,0,0.0,/Users/alinaqvi/Desktop/github_projects/avida/work/ecology_test_2_fast_run_11/data/detail-0.spop
ecology_test_2_fast_run_11,ecology_test_2_fast,0,171,2,17100,i,zero,0,0.0,/Users/alinaqvi/Desktop/github_projects/avida/work/ecology_test_2_fast_run_11/data/detail-0.spop
ecology_test_2_fast_run_11,ecology_test_2_fast,0,171,2,17100,j,inc,0,0.0,/Users/alinaqvi/Desktop/github_projects/avida/work/ecology_test_2_fast_run_11/data/detail-0.spop
ecology_test_2_fast_run_11,ecology_test_2_fast,0,171,2,17100,k,dec,0,0.0,/Users/alinaqvi/Desktop/github_projects/avida/work/ecology_test_2_fast_run_11/data/detail-0.spop
ecology_test_2_fast_run_11,ecology_test_2_fast,0,171,2,17100,l,push,0,0.0,/Users/alinaqvi/Desktop/github_projects/avida/work/ecology_test_2_fast_run_11/data/detail-0.spop
ecology_test_2_fast_run_11,ecology_test_2_fast,0,171,2,17100,m,pop,0,0.0,/Users/alinaqvi/Desktop/github_projects/avida/work/ecology_test_2_fast_run_11/data/detail-0.spop
ecology_test_2_fast_run_11,ecology_test_2_fast,0,171,2,17100,n,swap-stk,0,0.0,/Users/alinaqvi/Desktop/github_projects/avida/work/ecology_test_2_fast_run_11/data/detail-0.spop
ecology_test_2_fast_run_11,ecology_test_2_fast,0,171,2,17100,o,swap,0,0.0,/Users/alinaqvi/Desktop/github_projects/avida/work/ecology_test_2_fast_run_11/data/detail-0.spop
ecology_test_2_fast_run_11,ecology_test_2_fast,0,171,2,17100,p,add,0,0.0,/Users/alinaqvi/Desktop/github_projects/avida/work/ecology_test_2_fast_run_11/data/detail-0.spop
ecology_test_2_fast_run_11,ecology_test_2_fast,0,171,2,17100,q,sub,0,0.0,/Users/alinaqvi/Desktop/github_projects/avida/work/ecology_test_2_fast_run_11/data/detail-0.spop
ecology_test_2_fast_run_11,ecology_test_2_fast,0,171,2,17100,r,nand,0,0.0,/Users/alinaqvi/Desktop/github_projects/avida/work/ecology_test_2_fast_run_11/data/detail-0.spop
ecology_test_2_fast_run_11,ecology_test_2_fast,0,171,2,17100,s,repro,400,0.023391812865497075,/Users/alinaqvi/Desktop/github_projects/avida/work/ecology_test_2_fast_run_11/data/detail-0.spop
ecology_test_2_fast_run_11,ecology_test_2_fast,0,171,2,17100,t,repro-semel,71,0.004152046783625731,/Users/alinaqvi/Desktop/github_projects/avida/work/ecology_test_2_fast_run_11/data/detail-0.spop
ecology_test_2_fast_run_11,ecology_test_2_fast,0,171,2,17100,u,move,0,0.0,/Users/alinaqvi/Desktop/github_projects/avida/work/ecology_test_2_fast_run_11/data/detail-0.spop
ecology_test_2_fast_run_11,ecology_test_2_fast,0,171,2,17100,v,rotate-left-one,0,0.0,/Users/alinaqvi/Desktop/github_projects/avida/work/ecology_test_2_fast_run_11/data/detail-0.spop
ecology_test_2_fast_run_11,ecology_test_2_fast,0,171,2,17100,w,rotate-right-one,0,0.0,/Users/alinaqvi/Desktop/github_projects/avida/work/ecology_test_2_fast_run_11/data/detail-0.spop
ecology_test_2_fast_run_11,ecology_test_2_fast,0,171,2,17100,x,sense-resource0,0,0.0,/Users/alinaqvi/Desktop/github_projects/avida/work/ecology_test_2_fast_run_11/data/detail-0.spop
ecology_test_2_fast_run_11,ecology_test_2_fast,0,171,2,17100,y,sense-faced-resource0,0,0.0,/Users/alinaqvi/Desktop/github_projects/avida/work/ecology_test_2_fast_run_11/data/detail-0.spop
ecology_test_2_fast_run_12,ecology_test_2_fast,0,176,2,17600,a,nop-B,0,0.0,/Users/alinaqvi/Desktop/github_projects/avida/work/ecology_test_2_fast_run_12/data/detail-0.spop
ecology_test_2_fast_run_12,ecology_test_2_fast,0,176,2,17600,b,nop-C,17124,0.9729545454545454,/Users/alinaqvi/Desktop/github_projects/avida/work/ecology_test_2_fast_run_12/data/detail-0.spop
ecology_test_2_fast_run_12,ecology_test_2_fast,0,176,2,17600,c,if-n-equ,0,0.0,/Users/alinaqvi/Desktop/github_projects/avida/work/ecology_test_2_fast_run_12/data/detail-0.spop
ecology_test_2_fast_run_12,ecology_test_2_fast,0,176,2,17600,d,if-less,0,0.0,/Users/alinaqvi/Desktop/github_projects/avida/work/ecology_test_2_fast_run_12/data/detail-0.spop
ecology_test_2_fast_run_12,ecology_test_2_fast,0,176,2,17600,e,if-not-0,0,0.0,/Users/alinaqvi/Desktop/github_projects/avida/work/ecology_test_2_fast_run_12/data/detail-0.spop
ecology_test_2_fast_run_12,ecology_test_2_fast,0,176,2,17600,f,if-les-0,0,0.0,/Users/alinaqvi/Desktop/github_projects/avida/work/ecology_test_2_fast_run_12/data/detail-0.spop
ecology_test_2_fast_run_12,ecology_test_2_fast,0,176,2,17600,g,if-grt-0,0,0.0,/Users/alinaqvi/Desktop/github_projects/avida/work/ecology_test_2_fast_run_12/data/detail-0.spop
ecology_test_2_fast_run_12,ecology_test_2_fast,0,176,2,17600,h,if-label,0,0.0,/Users/alinaqvi/Desktop/github_projects/avida/work/ecology_test_2_fast_run_12/data/detail-0.spop
ecology_test_2_fast_run_12,ecology_test_2_fast,0,176,2,17600,i,zero,0,0.0,/Users/alinaqvi/Desktop/github_projects/avida/work/ecology_test_2_fast_run_12/data/detail-0.spop
ecology_test_2_fast_run_12,ecology_test_2_fast,0,176,2,17600,j,inc,0,0.0,/Users/alinaqvi/Desktop/github_projects/avida/work/ecology_test_2_fast_run_12/data/detail-0.spop
ecology_test_2_fast_run_12,ecology_test_2_fast,0,176,2,17600,k,dec,0,0.0,/Users/alinaqvi/Desktop/github_projects/avida/work/ecology_test_2_fast_run_12/data/detail-0.spop
ecology_test_2_fast_run_12,ecology_test_2_fast,0,176,2,17600,l,push,0,0.0,/Users/alinaqvi/Desktop/github_projects/avida/work/ecology_test_2_fast_run_12/data/detail-0.spop
ecology_test_2_fast_run_12,ecology_test_2_fast,0,176,2,17600,m,pop,0,0.0,/Users/alinaqvi/Desktop/github_projects/avida/work/ecology_test_2_fast_run_12/data/detail-0.spop
ecology_test_2_fast_run_12,ecology_test_2_fast,0,176,2,17600,n,swap-stk,0,0.0,/Users/alinaqvi/Desktop/github_projects/avida/work/ecology_test_2_fast_run_12/data/detail-0.spop
ecology_test_2_fast_run_12,ecology_test_2_fast,0,176,2,17600,o,swap,0,0.0,/Users/alinaqvi/Desktop/github_projects/avida/work/ecology_test_2_fast_run_12/data/detail-0.spop
ecology_test_2_fast_run_12,ecology_test_2_fast,0,176,2,17600,p,add,0,0.0,/Users/alinaqvi/Desktop/github_projects/avida/work/ecology_test_2_fast_run_12/data/detail-0.spop
ecology_test_2_fast_run_12,ecology_test_2_fast,0,176,2,17600,q,sub,0,0.0,/Users/alinaqvi/Desktop/github_projects/avida/work/ecology_test_2_fast_run_12/data/detail-0.spop
ecology_test_2_fast_run_12,ecology_test_2_fast,0,176,2,17600,r,nand,0,0.0,/Users/alinaqvi/Desktop/github_projects/avida/work/ecology_test_2_fast_run_12/data/detail-0.spop
ecology_test_2_fast_run_12,ecology_test_2_fast,0,176,2,17600,s,repro,400,0.022727272727272728,/Users/alinaqvi/Desktop/github_projects/avida/work/ecology_test_2_fast_run_12/data/detail-0.spop
ecology_test_2_fast_run_12,ecology_test_2_fast,0,176,2,17600,t,repro-semel,76,0.004318181818181818,/Users/alinaqvi/Desktop/github_projects/avida/work/ecology_test_2_fast_run_12/data/detail-0.spop
ecology_test_2_fast_run_12,ecology_test_2_fast,0,176,2,17600,u,move,0,0.0,/Users/alinaqvi/Desktop/github_projects/avida/work/ecology_test_2_fast_run_12/data/detail-0.spop
ecology_test_2_fast_run_12,ecology_test_2_fast,0,176,2,17600,v,rotate-left-one,0,0.0,/Users/alinaqvi/Desktop/github_projects/avida/work/ecology_test_2_fast_run_12/data/detail-0.spop
ecology_test_2_fast_run_12,ecology_test_2_fast,0,176,2,17600,w,rotate-right-one,0,0.0,/Users/alinaqvi/Desktop/github_projects/avida/work/ecology_test_2_fast_run_12/data/detail-0.spop
ecology_test_2_fast_run_12,ecology_test_2_fast,0,176,2,17600,x,sense-resource0,0,0.0,/Users/alinaqvi/Desktop/github_projects/avida/work/ecology_test_2_fast_run_12/data/detail-0.spop
ecology_test_2_fast_run_12,ecology_test_2_fast,0,176,2,17600,y,sense-faced-resource0,0,0.0,/Users/alinaqvi/Desktop/github_projects/avida/work/ecology_test_2_fast_run_12/data/detail-0.spop
ecology_test_2_fast_run_13,ecology_test_2_fast,0,182,2,18200,a,nop-B,0,0.0,/Users/alinaqvi/Desktop/github_projects/avida/work/ecology_test_2_fast_run_13/data/detail-0.spop
ecology_test_2_fast_run_13,ecology_test_2_fast,0,182,2,18200,b,nop-C,17718,0.9735164835164836,/Users/alinaqvi/Desktop/github_projects/avida/work/ecology_test_2_fast_run_13/data/detail-0.spop
ecology_test_2_fast_run_13,ecology_test_2_fast,0,182,2,18200,c,if-n-equ,0,0.0,/Users/alinaqvi/Desktop/github_projects/avida/work/ecology_test_2_fast_run_13/data/detail-0.spop
ecology_test_2_fast_run_13,ecology_test_2_fast,0,182,2,18200,d,if-less,0,0.0,/Users/alinaqvi/Desktop/github_projects/avida/work/ecology_test_2_fast_run_13/data/detail-0.spop
ecology_test_2_fast_run_13,ecology_test_2_fast,0,182,2,18200,e,if-not-0,0,0.0,/Users/alinaqvi/Desktop/github_projects/avida/work/ecology_test_2_fast_run_13/data/detail-0.spop
ecology_test_2_fast_run_13,ecology_test_2_fast,0,182,2,18200,f,if-les-0,0,0.0,/Users/alinaqvi/Desktop/github_projects/avida/work/ecology_test_2_fast_run_13/data/detail-0.spop
ecology_test_2_fast_run_13,ecology_test_2_fast,0,182,2,18200,g,if-grt-0,0,0.0,/Users/alinaqvi/Desktop/github_projects/avida/work/ecology_test_2_fast_run_13/data/detail-0.spop
ecology_test_2_fast_run_13,ecology_test_2_fast,0,182,2,18200,h,if-label,0,0.0,/Users/alinaqvi/Desktop/github_projects/avida/work/ecology_test_2_fast_run_13/data/detail-0.spop
ecology_test_2_fast_run_13,ecology_test_2_fast,0,182,2,18200,i,zero,0,0.0,/Users/alinaqvi/Desktop/github_projects/avida/work/ecology_test_2_fast_run_13/data/detail-0.spop
ecology_test_2_fast_run_13,ecology_test_2_fast,0,182,2,18200,j,inc,0,0.0,/Users/alinaqvi/Desktop/github_projects/avida/work/ecology_test_2_fast_run_13/data/detail-0.spop
ecology_test_2_fast_run_13,ecology_test_2_fast,0,182,2,18200,k,dec,0,0.0,/Users/alinaqvi/Desktop/github_projects/avida/work/ecology_test_2_fast_run_13/data/detail-0.spop
ecology_test_2_fast_run_13,ecology_test_2_fast,0,182,2,18200,l,push,0,0.0,/Users/alinaqvi/Desktop/github_projects/avida/work/ecology_test_2_fast_run_13/data/detail-0.spop
ecology_test_2_fast_run_13,ecology_test_2_fast,0,182,2,18200,m,pop,0,0.0,/Users/alinaqvi/Desktop/github_projects/avida/work/ecology_test_2_fast_run_13/data/detail-0.spop
ecology_test_2_fast_run_13,ecology_test_2_fast,0,182,2,18200,n,swap-stk,0,0.0,/Users/alinaqvi/Desktop/github_projects/avida/work/ecology_test_2_fast_run_13/data/detail-0.spop
ecology_test_2_fast_run_13,ecology_test_2_fast,0,182,2,18200,o,swap,0,0.0,/Users/alinaqvi/Desktop/github_projects/avida/work/ecology_test_2_fast_run_13/data/detail-0.spop
ecology_test_2_fast_run_13,ecology_test_2_fast,0,182,2,18200,p,add,0,0.0,/Users/alinaqvi/Desktop/github_projects/avida/work/ecology_test_2_fast_run_13/data/detail-0.spop
ecology_test_2_fast_run_13,ecology_test_2_fast,0,182,2,18200,q,sub,0,0.0,/Users/alinaqvi/Desktop/github_projects/avida/work/ecology_test_2_fast_run_13/data/detail-0.spop
ecology_test_2_fast_run_13,ecology_test_2_fast,0,182,2,18200,r,nand,0,0.0,/Users/alinaqvi/Desktop/github_projects/avida/work/ecology_test_2_fast_run_13/data/detail-0.spop
ecology_test_2_fast_run_13,ecology_test_2_fast,0,182,2,18200,s,repro,400,0.02197802197802198,/Users/alinaqvi/Desktop/github_projects/avida/work/ecology_test_2_fast_run_13/data/detail-0.spop
ecology_test_2_fast_run_13,ecology_test_2_fast,0,182,2,18200,t,repro-semel,82,0.004505494505494505,/Users/alinaqvi/Desktop/github_projects/avida/work/ecology_test_2_fast_run_13/data/detail-0.spop
ecology_test_2_fast_run_13,ecology_test_2_fast,0,182,2,18200,u,move,0,0.0,/Users/alinaqvi/Desktop/github_projects/avida/work/ecology_test_2_fast_run_13/data/detail-0.spop
ecology_test_2_fast_run_13,ecology_test_2_fast,0,182,2,18200,v,rotate-left-one,0,0.0,/Users/alinaqvi/Desktop/github_projects/avida/work/ecology_test_2_fast_run_13/data/detail-0.spop
ecology_test_2_fast_run_13,ecology_test_2_fast,0,182,2,18200,w,rotate-right-one,0,0.0,/Users/alinaqvi/Desktop/github_projects/avida/work/ecology_test_2_fast_run_13/data/detail-0.spop
ecology_test_2_fast_run_13,ecology_test_2_fast,0,182,2,18200,x,sense-resource0,0,0.0,/Users/alinaqvi/Desktop/github_projects/avida/work/ecology_test_2_fast_run_13/data/detail-0.spop
ecology_test_2_fast_run_13,ecology_test_2_fast,0,182,2,18200,y,sense-faced-resource0,0,0.0,/Users/alinaqvi/Desktop/github_projects/avida/work/ecology_test_2_fast_run_13/data/detail-0.spop
ecology_test_2_fast_run_14,ecology_test_2_fast,133902,8253,344,825300,a,nop-B,57787,0.0700193868896159,/Users/alinaqvi/Desktop/github_projects/avida/work/ecology_test_2_fast_run_14/data/detail-133902.spop
ecology_test_2_fast_run_14,ecology_test_2_fast,133902,8253,344,825300,b,nop-C,191953,0.2325857264025203,/Users/alinaqvi/Desktop/github_projects/avida/work/ecology_test_2_fast_run_14/data/detail-133902.spop
ecology_test_2_fast_run_14,ecology_test_2_fast,133902,8253,344,825300,c,if-n-equ,35743,0.043309099721313464,/Users/alinaqvi/Desktop/github_projects/avida/work/ecology_test_2_fast_run_14/data/detail-133902.spop
ecology_test_2_fast_run_14,ecology_test_2_fast,133902,8253,344,825300,d,if-less,25151,0.030474978795589483,/Users/alinaqvi/Desktop/github_projects/avida/work/ecology_test_2_fast_run_14/data/detail-133902.spop
ecology_test_2_fast_run_14,ecology_test_2_fast,133902,8253,344,825300,e,if-not-0,19994,0.0242263419362656,/Users/alinaqvi/Desktop/github_projects/avida/work/ecology_test_2_fast_run_14/data/detail-133902.spop
ecology_test_2_fast_run_14,ecology_test_2_fast,133902,8253,344,825300,f,if-les-0,39603,0.04798618684114867,/Users/alinaqvi/Desktop/github_projects/avida/work/ecology_test_2_fast_run_14/data/detail-133902.spop
ecology_test_2_fast_run_14,ecology_test_2_fast,133902,8253,344,825300,g,if-grt-0,101,0.00012237974070035138,/Users/alinaqvi/Desktop/github_projects/avida/work/ecology_test_2_fast_run_14/data/detail-133902.spop
ecology_test_2_fast_run_14,ecology_test_2_fast,133902,8253,344,825300,h,if-label,33555,0.04065794256633951,/Users/alinaqvi/Desktop/github_projects/avida/work/ecology_test_2_fast_run_14/data/detail-133902.spop
ecology_test_2_fast_run_14,ecology_test_2_fast,133902,8253,344,825300,i,zero,404,0.0004895189628014055,/Users/alinaqvi/Desktop/github_projects/avida/work/ecology_test_2_fast_run_14/data/detail-133902.spop
ecology_test_2_fast_run_14,ecology_test_2_fast,133902,8253,344,825300,j,inc,23890,0.02894704955773658,/Users/alinaqvi/Desktop/github_projects/avida/work/ecology_test_2_fast_run_14/data/detail-133902.spop
ecology_test_2_fast_run_14,ecology_test_2_fast,133902,8253,344,825300,k,dec,15569,0.01886465527686902,/Users/alinaqvi/Desktop/github_projects/avida/work/ecology_test_2_fast_run_14/data/detail-133902.spop
ecology_test_2_fast_run_14,ecology_test_2_fast,133902,8253,344,825300,l,push,10586,0.012826850842118018,/Users/alinaqvi/Desktop/github_projects/avida/work/ecology_test_2_fast_run_14/data/detail-133902.spop
ecology_test_2_fast_run_14,ecology_test_2_fast,133902,8253,344,825300,m,pop,11984,0.01452078032230704,/Users/alinaqvi/Desktop/github_projects/avida/work/ecology_test_2_fast_run_14/data/detail-133902.spop
ecology_test_2_fast_run_14,ecology_test_2_fast,133902,8253,344,825300,n,swap-stk,9082,0.011004483218223676,/Users/alinaqvi/Desktop/github_projects/avida/work/ecology_test_2_fast_run_14/data/detail-133902.spop
ecology_test_2_fast_run_14,ecology_test_2_fast,133902,8253,344,825300,o,swap,8949,0.010843329698291531,/Users/alinaqvi/Desktop/github_projects/avida/work/ecology_test_2_fast_run_14/data/detail-133902.spop
ecology_test_2_fast_run_14,ecology_test_2_fast,133902,8253,344,825300,p,add,13513,0.01637343996122622,/Users/alinaqvi/Desktop/github_projects/avida/work/ecology_test_2_fast_run_14/data/detail-133902.spop
ecology_test_2_fast_run_14,ecology_test_2_fast,133902,8253,344,825300,q,sub,16441,0.01992124076093542,/Users/alinaqvi/Desktop/github_projects/avida/work/ecology_test_2_fast_run_14/data/detail-133902.spop
ecology_test_2_fast_run_14,ecology_test_2_fast,133902,8253,344,825300,r,nand,17543,0.02125651278323034,/Users/alinaqvi/Desktop/github_projects/avida/work/ecology_test_2_fast_run_14/data/detail-133902.spop
ecology_test_2_fast_run_14,ecology_test_2_fast,133902,8253,344,825300,s,repro,53489,0.0648115836665455,/Users/alinaqvi/Desktop/github_projects/avida/work/ecology_test_2_fast_run_14/data/detail-133902.spop
ecology_test_2_fast_run_14,ecology_test_2_fast,133902,8253,344,825300,t,repro-semel,535,0.0006482491215315643,/Users/alinaqvi/Desktop/github_projects/avida/work/ecology_test_2_fast_run_14/data/detail-133902.spop
ecology_test_2_fast_run_14,ecology_test_2_fast,133902,8253,344,825300,u,move,197905,0.23979764933963407,/Users/alinaqvi/Desktop/github_projects/avida/work/ecology_test_2_fast_run_14/data/detail-133902.spop
ecology_test_2_fast_run_14,ecology_test_2_fast,133902,8253,344,825300,v,rotate-left-one,17498,0.02120198715618563,/Users/alinaqvi/Desktop/github_projects/avida/work/ecology_test_2_fast_run_14/data/detail-133902.spop
ecology_test_2_fast_run_14,ecology_test_2_fast,133902,8253,344,825300,w,rotate-right-one,19049,0.02308130376832667,/Users/alinaqvi/Desktop/github_projects/avida/work/ecology_test_2_fast_run_14/data/detail-133902.spop
ecology_test_2_fast_run_14,ecology_test_2_fast,133902,8253,344,825300,x,sense-resource0,1994,0.0024160911183811946,/Users/alinaqvi/Desktop/github_projects/avida/work/ecology_test_2_fast_run_14/data/detail-133902.spop
ecology_test_2_fast_run_14,ecology_test_2_fast,133902,8253,344,825300,y,sense-faced-resource0,2982,0.00361323155216285,/Users/alinaqvi/Desktop/github_projects/avida/work/ecology_test_2_fast_run_14/data/detail-133902.spop
ecology_test_2_fast_run_15,ecology_test_2_fast,70246,3363,239,336300,a,nop-B,33979,0.10103776390127862,/Users/alinaqvi/Desktop/github_projects/avida/work/ecology_test_2_fast_run_15/data/detail-70246.spop
ecology_test_2_fast_run_15,ecology_test_2_fast,70246,3363,239,336300,b,nop-C,62260,0.18513232233125185,/Users/alinaqvi/Desktop/github_projects/avida/work/ecology_test_2_fast_run_15/data/detail-70246.spop
ecology_test_2_fast_run_15,ecology_test_2_fast,70246,3363,239,336300,c,if-n-equ,17808,0.05295272078501338,/Users/alinaqvi/Desktop/github_projects/avida/work/ecology_test_2_fast_run_15/data/detail-70246.spop
ecology_test_2_fast_run_15,ecology_test_2_fast,70246,3363,239,336300,d,if-less,11550,0.034344335414808205,/Users/alinaqvi/Desktop/github_projects/avida/work/ecology_test_2_fast_run_15/data/detail-70246.spop
ecology_test_2_fast_run_15,ecology_test_2_fast,70246,3363,239,336300,e,if-not-0,6809,0.02024680344930122,/Users/alinaqvi/Desktop/github_projects/avida/work/ecology_test_2_fast_run_15/data/detail-70246.spop
ecology_test_2_fast_run_15,ecology_test_2_fast,70246,3363,239,336300,f,if-les-0,13350,0.03969669937555754,/Users/alinaqvi/Desktop/github_projects/avida/work/ecology_test_2_fast_run_15/data/detail-70246.spop
ecology_test_2_fast_run_15,ecology_test_2_fast,70246,3363,239,336300,g,if-grt-0,17211,0.051177520071364856,/Users/alinaqvi/Desktop/github_projects/avida/work/ecology_test_2_fast_run_15/data/detail-70246.spop
ecology_test_2_fast_run_15,ecology_test_2_fast,70246,3363,239,336300,h,if-label,10091,0.0300059470710675,/Users/alinaqvi/Desktop/github_projects/avida/work/ecology_test_2_fast_run_15/data/detail-70246.spop
ecology_test_2_fast_run_15,ecology_test_2_fast,70246,3363,239,336300,i,zero,8249,0.024528694617900682,/Users/alinaqvi/Desktop/github_projects/avida/work/ecology_test_2_fast_run_15/data/detail-70246.spop
ecology_test_2_fast_run_15,ecology_test_2_fast,70246,3363,239,336300,j,inc,6747,0.020062444246208743,/Users/alinaqvi/Desktop/github_projects/avida/work/ecology_test_2_fast_run_15/data/detail-70246.spop
ecology_test_2_fast_run_15,ecology_test_2_fast,70246,3363,239,336300,k,dec,22839,0.06791257805530776,/Users/alinaqvi/Desktop/github_projects/avida/work/ecology_test_2_fast_run_15/data/detail-70246.spop
ecology_test_2_fast_run_15,ecology_test_2_fast,70246,3363,239,336300,l,push,19650,0.058429973238180194,/Users/alinaqvi/Desktop/github_projects/avida/work/ecology_test_2_fast_run_15/data/detail-70246.spop
ecology_test_2_fast_run_15,ecology_test_2_fast,70246,3363,239,336300,m,pop,411,0.0012221231043710971,/Users/alinaqvi/Desktop/github_projects/avida/work/ecology_test_2_fast_run_15/data/detail-70246.spop
ecology_test_2_fast_run_15,ecology_test_2_fast,70246,3363,239,336300,n,swap-stk,12344,0.03670532262860541,/Users/alinaqvi/Desktop/github_projects/avida/work/ecology_test_2_fast_run_15/data/detail-70246.spop
ecology_test_2_fast_run_15,ecology_test_2_fast,70246,3363,239,336300,o,swap,18621,0.05537020517395183,/Users/alinaqvi/Desktop/github_projects/avida/work/ecology_test_2_fast_run_15/data/detail-70246.spop
ecology_test_2_fast_run_15,ecology_test_2_fast,70246,3363,239,336300,p,add,6886,0.02047576568539994,/Users/alinaqvi/Desktop/github_projects/avida/work/ecology_test_2_fast_run_15/data/detail-70246.spop
ecology_test_2_fast_run_15,ecology_test_2_fast,70246,3363,239,336300,q,sub,5786,0.01720487659827535,/Users/alinaqvi/Desktop/github_projects/avida/work/ecology_test_2_fast_run_15/data/detail-70246.spop
ecology_test_2_fast_run_15,ecology_test_2_fast,70246,3363,239,336300,r,nand,1882,0.0055961938745168,/Users/alinaqvi/Desktop/github_projects/avida/work/ecology_test_2_fast_run_15/data/detail-70246.spop
ecology_test_2_fast_run_15,ecology_test_2_fast,70246,3363,239,336300,s,repro,11991,0.035655664585191794,/Users/alinaqvi/Desktop/github_projects/avida/work/ecology_test_2_fast_run_15/data/detail-70246.spop
ecology_test_2_fast_run_15,ecology_test_2_fast,70246,3363,239,336300,t,repro-semel,10293,0.030606601248884924,/Users/alinaqvi/Desktop/github_projects/avida/work/ecology_test_2_fast_run_15/data/detail-70246.spop
ecology_test_2_fast_run_15,ecology_test_2_fast,70246,3363,239,336300,u,move,5386,0.016015462384775497,/Users/alinaqvi/Desktop/github_projects/avida/work/ecology_test_2_fast_run_15/data/detail-70246.spop
ecology_test_2_fast_run_15,ecology_test_2_fast,70246,3363,239,336300,v,rotate-left-one,4992,0.014843889384478145,/Users/alinaqvi/Desktop/github_projects/avida/work/ecology_test_2_fast_run_15/data/detail-70246.spop
ecology_test_2_fast_run_15,ecology_test_2_fast,70246,3363,239,336300,w,rotate-right-one,13349,0.039693725840023786,/Users/alinaqvi/Desktop/github_projects/avida/work/ecology_test_2_fast_run_15/data/detail-70246.spop
ecology_test_2_fast_run_15,ecology_test_2_fast,70246,3363,239,336300,x,sense-resource0,5386,0.016015462384775497,/Users/alinaqvi/Desktop/github_projects/avida/work/ecology_test_2_fast_run_15/data/detail-70246.spop
ecology_test_2_fast_run_15,ecology_test_2_fast,70246,3363,239,336300,y,sense-faced-resource0,8430,0.025066904549509366,/Users/alinaqvi/Desktop/github_projects/avida/work/ecology_test_2_fast_run_15/data/detail-70246.spop
ecology_test_2_fast_run_16,ecology_test_2_fast,0,182,2,18200,a,nop-B,0,0.0,/Users/alinaqvi/Desktop/github_projects/avida/work/ecology_test_2_fast_run_16/data/detail-0.spop
ecology_test_2_fast_run_16,ecology_test_2_fast,0,182,2,18200,b,nop-C,17718,0.9735164835164836,/Users/alinaqvi/Desktop/github_projects/avida/work/ecology_test_2_fast_run_16/data/detail-0.spop
ecology_test_2_fast_run_16,ecology_test_2_fast,0,182,2,18200,c,if-n-equ,0,0.0,/Users/alinaqvi/Desktop/github_projects/avida/work/ecology_test_2_fast_run_16/data/detail-0.spop
ecology_test_2_fast_run_16,ecology_test_2_fast,0,182,2,18200,d,if-less,0,0.0,/Users/alinaqvi/Desktop/github_projects/avida/work/ecology_test_2_fast_run_16/data/detail-0.spop
ecology_test_2_fast_run_16,ecology_test_2_fast,0,182,2,18200,e,if-not-0,0,0.0,/Users/alinaqvi/Desktop/github_projects/avida/work/ecology_test_2_fast_run_16/data/detail-0.spop
ecology_test_2_fast_run_16,ecology_test_2_fast,0,182,2,18200,f,if-les-0,0,0.0,/Users/alinaqvi/Desktop/github_projects/avida/work/ecology_test_2_fast_run_16/data/detail-0.spop
ecology_test_2_fast_run_16,ecology_test_2_fast,0,182,2,18200,g,if-grt-0,0,0.0,/Users/alinaqvi/Desktop/github_projects/avida/work/ecology_test_2_fast_run_16/data/detail-0.spop
ecology_test_2_fast_run_16,ecology_test_2_fast,0,182,2,18200,h,if-label,0,0.0,/Users/alinaqvi/Desktop/github_projects/avida/work/ecology_test_2_fast_run_16/data/detail-0.spop
ecology_test_2_fast_run_16,ecology_test_2_fast,0,182,2,18200,i,zero,0,0.0,/Users/alinaqvi/Desktop/github_projects/avida/work/ecology_test_2_fast_run_16/data/detail-0.spop
ecology_test_2_fast_run_16,ecology_test_2_fast,0,182,2,18200,j,inc,0,0.0,/Users/alinaqvi/Desktop/github_projects/avida/work/ecology_test_2_fast_run_16/data/detail-0.spop
ecology_test_2_fast_run_16,ecology_test_2_fast,0,182,2,18200,k,dec,0,0.0,/Users/alinaqvi/Desktop/github_projects/avida/work/ecology_test_2_fast_run_16/data/detail-0.spop
ecology_test_2_fast_run_16,ecology_test_2_fast,0,182,2,18200,l,push,0,0.0,/Users/alinaqvi/Desktop/github_projects/avida/work/ecology_test_2_fast_run_16/data/detail-0.spop
ecology_test_2_fast_run_16,ecology_test_2_fast,0,182,2,18200,m,pop,0,0.0,/Users/alinaqvi/Desktop/github_projects/avida/work/ecology_test_2_fast_run_16/data/detail-0.spop
ecology_test_2_fast_run_16,ecology_test_2_fast,0,182,2,18200,n,swap-stk,0,0.0,/Users/alinaqvi/Desktop/github_projects/avida/work/ecology_test_2_fast_run_16/data/detail-0.spop
ecology_test_2_fast_run_16,ecology_test_2_fast,0,182,2,18200,o,swap,0,0.0,/Users/alinaqvi/Desktop/github_projects/avida/work/ecology_test_2_fast_run_16/data/detail-0.spop
ecology_test_2_fast_run_16,ecology_test_2_fast,0,182,2,18200,p,add,0,0.0,/Users/alinaqvi/Desktop/github_projects/avida/work/ecology_test_2_fast_run_16/data/detail-0.spop
ecology_test_2_fast_run_16,ecology_test_2_fast,0,182,2,18200,q,sub,0,0.0,/Users/alinaqvi/Desktop/github_projects/avida/work/ecology_test_2_fast_run_16/data/detail-0.spop
ecology_test_2_fast_run_16,ecology_test_2_fast,0,182,2,18200,r,nand,0,0.0,/Users/alinaqvi/Desktop/github_projects/avida/work/ecology_test_2_fast_run_16/data/detail-0.spop
ecology_test_2_fast_run_16,ecology_test_2_fast,0,182,2,18200,s,repro,400,0.02197802197802198,/Users/alinaqvi/Desktop/github_projects/avida/work/ecology_test_2_fast_run_16/data/detail-0.spop
ecology_test_2_fast_run_16,ecology_test_2_fast,0,182,2,18200,t,repro-semel,82,0.004505494505494505,/Users/alinaqvi/Desktop/github_projects/avida/work/ecology_test_2_fast_run_16/data/detail-0.spop
ecology_test_2_fast_run_16,ecology_test_2_fast,0,182,2,18200,u,move,0,0.0,/Users/alinaqvi/Desktop/github_projects/avida/work/ecology_test_2_fast_run_16/data/detail-0.spop
ecology_test_2_fast_run_16,ecology_test_2_fast,0,182,2,18200,v,rotate-left-one,0,0.0,/Users/alinaqvi/Desktop/github_projects/avida/work/ecology_test_2_fast_run_16/data/detail-0.spop
ecology_test_2_fast_run_16,ecology_test_2_fast,0,182,2,18200,w,rotate-right-one,0,0.0,/Users/alinaqvi/Desktop/github_projects/avida/work/ecology_test_2_fast_run_16/data/detail-0.spop
ecology_test_2_fast_run_16,ecology_test_2_fast,0,182,2,18200,x,sense-resource0,0,0.0,/Users/alinaqvi/Desktop/github_projects/avida/work/ecology_test_2_fast_run_16/data/detail-0.spop
ecology_test_2_fast_run_16,ecology_test_2_fast,0,182,2,18200,y,sense-faced-resource0,0,0.0,/Users/alinaqvi/Desktop/github_projects/avida/work/ecology_test_2_fast_run_16/data/detail-0.spop
ecology_test_2_fast_run_17,ecology_test_2_fast,141364,6461,276,646100,a,nop-B,37848,0.05857916731156168,/Users/alinaqvi/Desktop/github_projects/avida/work/ecology_test_2_fast_run_17/data/detail-141364.spop
ecology_test_2_fast_run_17,ecology_test_2_fast,141364,6461,276,646100,b,nop-C,88823,0.1374756229685807,/Users/alinaqvi/Desktop/github_projects/avida/work/ecology_test_2_fast_run_17/data/detail-141364.spop
ecology_test_2_fast_run_17,ecology_test_2_fast,141364,6461,276,646100,c,if-n-equ,12791,0.019797245008512616,/Users/alinaqvi/Desktop/github_projects/avida/work/ecology_test_2_fast_run_17/data/detail-141364.spop
ecology_test_2_fast_run_17,ecology_test_2_fast,141364,6461,276,646100,d,if-less,28307,0.04381210338956818,/Users/alinaqvi/Desktop/github_projects/avida/work/ecology_test_2_fast_run_17/data/detail-141364.spop
ecology_test_2_fast_run_17,ecology_test_2_fast,141364,6461,276,646100,e,if-not-0,24712,0.03824794923386473,/Users/alinaqvi/Desktop/github_projects/avida/work/ecology_test_2_fast_run_17/data/detail-141364.spop
ecology_test_2_fast_run_17,ecology_test_2_fast,141364,6461,276,646100,f,if-les-0,6824,0.01056183253366352,/Users/alinaqvi/Desktop/github_projects/avida/work/ecology_test_2_fast_run_17/data/detail-141364.spop
ecology_test_2_fast_run_17,ecology_test_2_fast,141364,6461,276,646100,g,if-grt-0,38922,0.060241448692152914,/Users/alinaqvi/Desktop/github_projects/avida/work/ecology_test_2_fast_run_17/data/detail-141364.spop
ecology_test_2_fast_run_17,ecology_test_2_fast,141364,6461,276,646100,h,if-label,33208,0.051397616468039004,/Users/alinaqvi/Desktop/github_projects/avida/work/ecology_test_2_fast_run_17/data/detail-141364.spop
ecology_test_2_fast_run_17,ecology_test_2_fast,141364,6461,276,646100,i,zero,26225,0.040589691998142705,/Users/alinaqvi/Desktop/github_projects/avida/work/ecology_test_2_fast_run_17/data/detail-141364.spop
ecology_test_2_fast_run_17,ecology_test_2_fast,141364,6461,276,646100,j,inc,8256,0.012778207707785172,/Users/alinaqvi/Desktop/github_projects/avida/work/ecology_test_2_fast_run_17/data/detail-141364.spop
ecology_test_2_fast_run_17,ecology_test_2_fast,141364,6461,276,646100,k,dec,18197,0.028164370840427177,/Users/alinaqvi/Desktop/github_projects/avida/work/ecology_test_2_fast_run_17/data/detail-141364.spop
ecology_test_2_fast_run_17,ecology_test_2_fast,141364,6461,276,646100,l,push,31831,0.04926636743538152,/Users/alinaqvi/Desktop/github_projects/avida/work/ecology_test_2_fast_run_17/data/detail-141364.spop
ecology_test_2_fast_run_17,ecology_test_2_fast,141364,6461,276,646100,m,pop,23351,0.03614146416963318,/Users/alinaqvi/Desktop/github_projects/avida/work/ecology_test_2_fast_run_17/data/detail-141364.spop
ecology_test_2_fast_run_17,ecology_test_2_fast,141364,6461,276,646100,n,swap-stk,6548,0.01013465407831605,/Users/alinaqvi/Desktop/github_projects/avida/work/ecology_test_2_fast_run_17/data/detail-141364.spop
ecology_test_2_fast_run_17,ecology_test_2_fast,141364,6461,276,646100,o,swap,6377,0.009869989165763813,/Users/alinaqvi/Desktop/github_projects/avida/work/ecology_test_2_fast_run_17/data/detail-141364.spop
ecology_test_2_fast_run_17,ecology_test_2_fast,141364,6461,276,646100,p,add,7660,0.011855749883918899,/Users/alinaqvi/Desktop/github_projects/avida/work/ecology_test_2_fast_run_17/data/detail-141364.spop
ecology_test_2_fast_run_17,ecology_test_2_fast,141364,6461,276,646100,q,sub,7360,0.011391425475932518,/Users/alinaqvi/Desktop/github_projects/avida/work/ecology_test_2_fast_run_17/data/detail-141364.spop
ecology_test_2_fast_run_17,ecology_test_2_fast,141364,6461,276,646100,r,nand,12524,0.019383996285404735,/Users/alinaqvi/Desktop/github_projects/avida/work/ecology_test_2_fast_run_17/data/detail-141364.spop
ecology_test_2_fast_run_17,ecology_test_2_fast,141364,6461,276,646100,s,repro,47257,0.07314192849404116,/Users/alinaqvi/Desktop/github_projects/avida/work/ecology_test_2_fast_run_17/data/detail-141364.spop
ecology_test_2_fast_run_17,ecology_test_2_fast,141364,6461,276,646100,t,repro-semel,25703,0.0397817675282464,/Users/alinaqvi/Desktop/github_projects/avida/work/ecology_test_2_fast_run_17/data/detail-141364.spop
ecology_test_2_fast_run_17,ecology_test_2_fast,141364,6461,276,646100,u,move,128117,0.19829283392663674,/Users/alinaqvi/Desktop/github_projects/avida/work/ecology_test_2_fast_run_17/data/detail-141364.spop
ecology_test_2_fast_run_17,ecology_test_2_fast,141364,6461,276,646100,v,rotate-left-one,6628,0.010258473920445751,/Users/alinaqvi/Desktop/github_projects/avida/work/ecology_test_2_fast_run_17/data/detail-141364.spop
ecology_test_2_fast_run_17,ecology_test_2_fast,141364,6461,276,646100,w,rotate-right-one,163,0.00025228292833926635,/Users/alinaqvi/Desktop/github_projects/avida/work/ecology_test_2_fast_run_17/data/detail-141364.spop
ecology_test_2_fast_run_17,ecology_test_2_fast,141364,6461,276,646100,x,sense-resource0,17553,0.027167621111283083,/Users/alinaqvi/Desktop/github_projects/avida/work/ecology_test_2_fast_run_17/data/detail-141364.spop
ecology_test_2_fast_run_17,ecology_test_2_fast,141364,6461,276,646100,y,sense-faced-resource0,915,0.0014161894443584584,/Users/alinaqvi/Desktop/github_projects/avida/work/ecology_test_2_fast_run_17/data/detail-141364.spop
ecology_test_2_fast_run_18,ecology_test_2_fast,0,166,2,16600,a,nop-B,0,0.0,/Users/alinaqvi/Desktop/github_projects/avida/work/ecology_test_2_fast_run_18/data/detail-0.spop
ecology_test_2_fast_run_18,ecology_test_2_fast,0,166,2,16600,b,nop-C,16134,0.9719277108433735,/Users/alinaqvi/Desktop/github_projects/avida/work/ecology_test_2_fast_run_18/data/detail-0.spop
ecology_test_2_fast_run_18,ecology_test_2_fast,0,166,2,16600,c,if-n-equ,0,0.0,/Users/alinaqvi/Desktop/github_projects/avida/work/ecology_test_2_fast_run_18/data/detail-0.spop
ecology_test_2_fast_run_18,ecology_test_2_fast,0,166,2,16600,d,if-less,0,0.0,/Users/alinaqvi/Desktop/github_projects/avida/work/ecology_test_2_fast_run_18/data/detail-0.spop
ecology_test_2_fast_run_18,ecology_test_2_fast,0,166,2,16600,e,if-not-0,0,0.0,/Users/alinaqvi/Desktop/github_projects/avida/work/ecology_test_2_fast_run_18/data/detail-0.spop
ecology_test_2_fast_run_18,ecology_test_2_fast,0,166,2,16600,f,if-les-0,0,0.0,/Users/alinaqvi/Desktop/github_projects/avida/work/ecology_test_2_fast_run_18/data/detail-0.spop
ecology_test_2_fast_run_18,ecology_test_2_fast,0,166,2,16600,g,if-grt-0,0,0.0,/Users/alinaqvi/Desktop/github_projects/avida/work/ecology_test_2_fast_run_18/data/detail-0.spop
ecology_test_2_fast_run_18,ecology_test_2_fast,0,166,2,16600,h,if-label,0,0.0,/Users/alinaqvi/Desktop/github_projects/avida/work/ecology_test_2_fast_run_18/data/detail-0.spop
ecology_test_2_fast_run_18,ecology_test_2_fast,0,166,2,16600,i,zero,0,0.0,/Users/alinaqvi/Desktop/github_projects/avida/work/ecology_test_2_fast_run_18/data/detail-0.spop
ecology_test_2_fast_run_18,ecology_test_2_fast,0,166,2,16600,j,inc,0,0.0,/Users/alinaqvi/Desktop/github_projects/avida/work/ecology_test_2_fast_run_18/data/detail-0.spop
ecology_test_2_fast_run_18,ecology_test_2_fast,0,166,2,16600,k,dec,0,0.0,/Users/alinaqvi/Desktop/github_projects/avida/work/ecology_test_2_fast_run_18/data/detail-0.spop
ecology_test_2_fast_run_18,ecology_test_2_fast,0,166,2,16600,l,push,0,0.0,/Users/alinaqvi/Desktop/github_projects/avida/work/ecology_test_2_fast_run_18/data/detail-0.spop
ecology_test_2_fast_run_18,ecology_test_2_fast,0,166,2,16600,m,pop,0,0.0,/Users/alinaqvi/Desktop/github_projects/avida/work/ecology_test_2_fast_run_18/data/detail-0.spop
ecology_test_2_fast_run_18,ecology_test_2_fast,0,166,2,16600,n,swap-stk,0,0.0,/Users/alinaqvi/Desktop/github_projects/avida/work/ecology_test_2_fast_run_18/data/detail-0.spop
ecology_test_2_fast_run_18,ecology_test_2_fast,0,166,2,16600,o,swap,0,0.0,/Users/alinaqvi/Desktop/github_projects/avida/work/ecology_test_2_fast_run_18/data/detail-0.spop
ecology_test_2_fast_run_18,ecology_test_2_fast,0,166,2,16600,p,add,0,0.0,/Users/alinaqvi/Desktop/github_projects/avida/work/ecology_test_2_fast_run_18/data/detail-0.spop
ecology_test_2_fast_run_18,ecology_test_2_fast,0,166,2,16600,q,sub,0,0.0,/Users/alinaqvi/Desktop/github_projects/avida/work/ecology_test_2_fast_run_18/data/detail-0.spop
ecology_test_2_fast_run_18,ecology_test_2_fast,0,166,2,16600,r,nand,0,0.0,/Users/alinaqvi/Desktop/github_projects/avida/work/ecology_test_2_fast_run_18/data/detail-0.spop
ecology_test_2_fast_run_18,ecology_test_2_fast,0,166,2,16600,s,repro,400,0.024096385542168676,/Users/alinaqvi/Desktop/github_projects/avida/work/ecology_test_2_fast_run_18/data/detail-0.spop
ecology_test_2_fast_run_18,ecology_test_2_fast,0,166,2,16600,t,repro-semel,66,0.003975903614457831,/Users/alinaqvi/Desktop/github_projects/avida/work/ecology_test_2_fast_run_18/data/detail-0.spop
ecology_test_2_fast_run_18,ecology_test_2_fast,0,166,2,16600,u,move,0,0.0,/Users/alinaqvi/Desktop/github_projects/avida/work/ecology_test_2_fast_run_18/data/detail-0.spop
ecology_test_2_fast_run_18,ecology_test_2_fast,0,166,2,16600,v,rotate-left-one,0,0.0,/Users/alinaqvi/Desktop/github_projects/avida/work/ecology_test_2_fast_run_18/data/detail-0.spop
ecology_test_2_fast_run_18,ecology_test_2_fast,0,166,2,16600,w,rotate-right-one,0,0.0,/Users/alinaqvi/Desktop/github_projects/avida/work/ecology_test_2_fast_run_18/data/detail-0.spop
ecology_test_2_fast_run_18,ecology_test_2_fast,0,166,2,16600,x,sense-resource0,0,0.0,/Users/alinaqvi/Desktop/github_projects/avida/work/ecology_test_2_fast_run_18/data/detail-0.spop
ecology_test_2_fast_run_18,ecology_test_2_fast,0,166,2,16600,y,sense-faced-resource0,0,0.0,/Users/alinaqvi/Desktop/github_projects/avida/work/ecology_test_2_fast_run_18/data/detail-0.spop
ecology_test_2_fast_run_19,ecology_test_2_fast,142934,9640,406,964000,a,nop-B,42421,0.044005186721991704,/Users/alinaqvi/Desktop/github_projects/avida/work/ecology_test_2_fast_run_19/data/detail-142934.spop
ecology_test_2_fast_run_19,ecology_test_2_fast,142934,9640,406,964000,b,nop-C,205064,0.2127219917012448,/Users/alinaqvi/Desktop/github_projects/avida/work/ecology_test_2_fast_run_19/data/detail-142934.spop
ecology_test_2_fast_run_19,ecology_test_2_fast,142934,9640,406,964000,c,if-n-equ,18732,0.019431535269709543,/Users/alinaqvi/Desktop/github_projects/avida/work/ecology_test_2_fast_run_19/data/detail-142934.spop
ecology_test_2_fast_run_19,ecology_test_2_fast,142934,9640,406,964000,d,if-less,36708,0.038078838174273856,/Users/alinaqvi/Desktop/github_projects/avida/work/ecology_test_2_fast_run_19/data/detail-142934.spop
ecology_test_2_fast_run_19,ecology_test_2_fast,142934,9640,406,964000,e,if-not-0,16275,0.01688278008298755,/Users/alinaqvi/Desktop/github_projects/avida/work/ecology_test_2_fast_run_19/data/detail-142934.spop
ecology_test_2_fast_run_19,ecology_test_2_fast,142934,9640,406,964000,f,if-les-0,30515,0.0316545643153527,/Users/alinaqvi/Desktop/github_projects/avida/work/ecology_test_2_fast_run_19/data/detail-142934.spop
ecology_test_2_fast_run_19,ecology_test_2_fast,142934,9640,406,964000,g,if-grt-0,14637,0.015183609958506225,/Users/alinaqvi/Desktop/github_projects/avida/work/ecology_test_2_fast_run_19/data/detail-142934.spop
ecology_test_2_fast_run_19,ecology_test_2_fast,142934,9640,406,964000,h,if-label,66459,0.06894087136929461,/Users/alinaqvi/Desktop/github_projects/avida/work/ecology_test_2_fast_run_19/data/detail-142934.spop
ecology_test_2_fast_run_19,ecology_test_2_fast,142934,9640,406,964000,i,zero,40527,0.04204045643153527,/Users/alinaqvi/Desktop/github_projects/avida/work/ecology_test_2_fast_run_19/data/detail-142934.spop
ecology_test_2_fast_run_19,ecology_test_2_fast,142934,9640,406,964000,j,inc,10939,0.011347510373443984,/Users/alinaqvi/Desktop/github_projects/avida/work/ecology_test_2_fast_run_19/data/detail-142934.spop
ecology_test_2_fast_run_19,ecology_test_2_fast,142934,9640,406,964000,k,dec,2850,0.0029564315352697094,/Users/alinaqvi/Desktop/github_projects/avida/work/ecology_test_2_fast_run_19/data/detail-142934.spop
ecology_test_2_fast_run_19,ecology_test_2_fast,142934,9640,406,964000,l,push,37602,0.03900622406639004,/Users/alinaqvi/Desktop/github_projects/avida/work/ecology_test_2_fast_run_19/data/detail-142934.spop
ecology_test_2_fast_run_19,ecology_test_2_fast,142934,9640,406,964000,m,pop,17344,0.01799170124481328,/Users/alinaqvi/Desktop/github_projects/avida/work/ecology_test_2_fast_run_19/data/detail-142934.spop
ecology_test_2_fast_run_19,ecology_test_2_fast,142934,9640,406,964000,n,swap-stk,13156,0.013647302904564316,/Users/alinaqvi/Desktop/github_projects/avida/work/ecology_test_2_fast_run_19/data/detail-142934.spop
ecology_test_2_fast_run_19,ecology_test_2_fast,142934,9640,406,964000,o,swap,9123,0.00946369294605809,/Users/alinaqvi/Desktop/github_projects/avida/work/ecology_test_2_fast_run_19/data/detail-142934.spop
ecology_test_2_fast_run_19,ecology_test_2_fast,142934,9640,406,964000,p,add,1807,0.0018744813278008298,/Users/alinaqvi/Desktop/github_projects/avida/work/ecology_test_2_fast_run_19/data/detail-142934.spop
ecology_test_2_fast_run_19,ecology_test_2_fast,142934,9640,406,964000,q,sub,5480,0.005684647302904564,/Users/alinaqvi/Desktop/github_projects/avida/work/ecology_test_2_fast_run_19/data/detail-142934.spop
ecology_test_2_fast_run_19,ecology_test_2_fast,142934,9640,406,964000,r,nand,21725,0.02253630705394191,/Users/alinaqvi/Desktop/github_projects/avida/work/ecology_test_2_fast_run_19/data/detail-142934.spop
ecology_test_2_fast_run_19,ecology_test_2_fast,142934,9640,406,964000,s,repro,28975,0.030057053941908714,/Users/alinaqvi/Desktop/github_projects/avida/work/ecology_test_2_fast_run_19/data/detail-142934.spop
ecology_test_2_fast_run_19,ecology_test_2_fast,142934,9640,406,964000,t,repro-semel,13547,0.014052904564315353,/Users/alinaqvi/Desktop/github_projects/avida/work/ecology_test_2_fast_run_19/data/detail-142934.spop
ecology_test_2_fast_run_19,ecology_test_2_fast,142934,9640,406,964000,u,move,240022,0.24898547717842323,/Users/alinaqvi/Desktop/github_projects/avida/work/ecology_test_2_fast_run_19/data/detail-142934.spop
ecology_test_2_fast_run_19,ecology_test_2_fast,142934,9640,406,964000,v,rotate-left-one,7742,0.008031120331950208,/Users/alinaqvi/Desktop/github_projects/avida/work/ecology_test_2_fast_run_19/data/detail-142934.spop
ecology_test_2_fast_run_19,ecology_test_2_fast,142934,9640,406,964000,w,rotate-right-one,18723,0.01942219917012448,/Users/alinaqvi/Desktop/github_projects/avida/work/ecology_test_2_fast_run_19/data/detail-142934.spop
ecology_test_2_fast_run_19,ecology_test_2_fast,142934,9640,406,964000,x,sense-resource0,27028,0.02803734439834025,/Users/alinaqvi/Desktop/github_projects/avida/work/ecology_test_2_fast_run_19/data/detail-142934.spop
ecology_test_2_fast_run_19,ecology_test_2_fast,142934,9640,406,964000,y,sense-faced-resource0,36599,0.03796576763485477,/Users/alinaqvi/Desktop/github_projects/avida/work/ecology_test_2_fast_run_19/data/detail-142934.spop
ecology_test_2_fast_run_20,ecology_test_2_fast,141434,3773,340,377300,a,nop-B,20457,0.054219454015372384,/Users/alinaqvi/Desktop/github_projects/avida/work/ecology_test_2_fast_run_20/data/detail-141434.spop
ecology_test_2_fast_run_20,ecology_test_2_fast,141434,3773,340,377300,b,nop-C,39059,0.10352239597137557,/Users/alinaqvi/Desktop/github_projects/avida/work/ecology_test_2_fast_run_20/data/detail-141434.spop
ecology_test_2_fast_run_20,ecology_test_2_fast,141434,3773,340,377300,c,if-n-equ,11817,0.03131990458521071,/Users/alinaqvi/Desktop/github_projects/avida/work/ecology_test_2_fast_run_20/data/detail-141434.spop
ecology_test_2_fast_run_20,ecology_test_2_fast,141434,3773,340,377300,d,if-less,26621,0.07055658627087198,/Users/alinaqvi/Desktop/github_projects/avida/work/ecology_test_2_fast_run_20/data/detail-141434.spop
ecology_test_2_fast_run_20,ecology_test_2_fast,141434,3773,340,377300,e,if-not-0,16503,0.043739729658097005,/Users/alinaqvi/Desktop/github_projects/avida/work/ecology_test_2_fast_run_20/data/detail-141434.spop
ecology_test_2_fast_run_20,ecology_test_2_fast,141434,3773,340,377300,f,if-les-0,15028,0.03983037370792473,/Users/alinaqvi/Desktop/github_projects/avida/work/ecology_test_2_fast_run_20/data/detail-141434.spop
ecology_test_2_fast_run_20,ecology_test_2_fast,141434,3773,340,377300,g,if-grt-0,18927,0.05016432547044792,/Users/alinaqvi/Desktop/github_projects/avida/work/ecology_test_2_fast_run_20/data/detail-141434.spop
ecology_test_2_fast_run_20,ecology_test_2_fast,141434,3773,340,377300,h,if-label,8799,0.02332096474953618,/Users/alinaqvi/Desktop/github_projects/avida/work/ecology_test_2_fast_run_20/data/detail-141434.spop
ecology_test_2_fast_run_20,ecology_test_2_fast,141434,3773,340,377300,i,zero,16192,0.042915451895043734,/Users/alinaqvi/Desktop/github_projects/avida/work/ecology_test_2_fast_run_20/data/detail-141434.spop
ecology_test_2_fast_run_20,ecology_test_2_fast,141434,3773,340,377300,j,inc,17201,0.04558971640604294,/Users/alinaqvi/Desktop/github_projects/avida/work/ecology_test_2_fast_run_20/data/detail-141434.spop
ecology_test_2_fast_run_20,ecology_test_2_fast,141434,3773,340,377300,k,dec,2035,0.005393586005830904,/Users/alinaqvi/Desktop/github_projects/avida/work/ecology_test_2_fast_run_20/data/detail-141434.spop
ecology_test_2_fast_run_20,ecology_test_2_fast,141434,3773,340,377300,l,push,14905,0.03950437317784256,/Users/alinaqvi/Desktop/github_projects/avida/work/ecology_test_2_fast_run_20/data/detail-141434.spop
ecology_test_2_fast_run_20,ecology_test_2_fast,141434,3773,340,377300,m,pop,1755,0.00465147097800159,/Users/alinaqvi/Desktop/github_projects/avida/work/ecology_test_2_fast_run_20/data/detail-141434.spop
ecology_test_2_fast_run_20,ecology_test_2_fast,141434,3773,340,377300,n,swap-stk,6896,0.018277232971110523,/Users/alinaqvi/Desktop/github_projects/avida/work/ecology_test_2_fast_run_20/data/detail-141434.spop
ecology_test_2_fast_run_20,ecology_test_2_fast,141434,3773,340,377300,o,swap,15713,0.04164590511529287,/Users/alinaqvi/Desktop/github_projects/avida/work/ecology_test_2_fast_run_20/data/detail-141434.spop
ecology_test_2_fast_run_20,ecology_test_2_fast,141434,3773,340,377300,p,add,19991,0.05298436257619931,/Users/alinaqvi/Desktop/github_projects/avida/work/ecology_test_2_fast_run_20/data/detail-141434.spop
ecology_test_2_fast_run_20,ecology_test_2_fast,141434,3773,340,377300,q,sub,5524,0.014640869334746886,/Users/alinaqvi/Desktop/github_projects/avida/work/ecology_test_2_fast_run_20/data/detail-141434.spop
ecology_test_2_fast_run_20,ecology_test_2_fast,141434,3773,340,377300,r,nand,17140,0.045428041346408696,/Users/alinaqvi/Desktop/github_projects/avida/work/ecology_test_2_fast_run_20/data/detail-141434.spop
ecology_test_2_fast_run_20,ecology_test_2_fast,141434,3773,340,377300,s,repro,14361,0.03806254969520276,/Users/alinaqvi/Desktop/github_projects/avida/work/ecology_test_2_fast_run_20/data/detail-141434.spop
ecology_test_2_fast_run_20,ecology_test_2_fast,141434,3773,340,377300,t,repro-semel,12225,0.032401272197190564,/Users/alinaqvi/Desktop/github_projects/avida/work/ecology_test_2_fast_run_20/data/detail-141434.spop
ecology_test_2_fast_run_20,ecology_test_2_fast,141434,3773,340,377300,u,move,21911,0.05807315133845746,/Users/alinaqvi/Desktop/github_projects/avida/work/ecology_test_2_fast_run_20/data/detail-141434.spop
ecology_test_2_fast_run_20,ecology_test_2_fast,141434,3773,340,377300,v,rotate-left-one,13195,0.0349721706864564,/Users/alinaqvi/Desktop/github_projects/avida/work/ecology_test_2_fast_run_20/data/detail-141434.spop
ecology_test_2_fast_run_20,ecology_test_2_fast,141434,3773,340,377300,w,rotate-right-one,12423,0.03292605353829844,/Users/alinaqvi/Desktop/github_projects/avida/work/ecology_test_2_fast_run_20/data/detail-141434.spop
ecology_test_2_fast_run_20,ecology_test_2_fast,141434,3773,340,377300,x,sense-resource0,12024,0.03186853962364167,/Users/alinaqvi/Desktop/github_projects/avida/work/ecology_test_2_fast_run_20/data/detail-141434.spop
ecology_test_2_fast_run_20,ecology_test_2_fast,141434,3773,340,377300,y,sense-faced-resource0,16598,0.04399151868539623,/Users/alinaqvi/Desktop/github_projects/avida/work/ecology_test_2_fast_run_20/data/detail-141434.spop
ecology_test_2_medium_run_1,ecology_test_2_medium,95103,3407,361,340700,a,nop-B,27724,0.08137364250073378,/Users/alinaqvi/Desktop/github_projects/avida/work/ecology_test_2_medium_run_1/data/detail-95103.spop
ecology_test_2_medium_run_1,ecology_test_2_medium,95103,3407,361,340700,b,nop-C,37490,0.11003815673613149,/Users/alinaqvi/Desktop/github_projects/avida/work/ecology_test_2_medium_run_1/data/detail-95103.spop
ecology_test_2_medium_run_1,ecology_test_2_medium,95103,3407,361,340700,c,if-n-equ,9769,0.02867331963604344,/Users/alinaqvi/Desktop/github_projects/avida/work/ecology_test_2_medium_run_1/data/detail-95103.spop
ecology_test_2_medium_run_1,ecology_test_2_medium,95103,3407,361,340700,d,if-less,11187,0.03283533900792486,/Users/alinaqvi/Desktop/github_projects/avida/work/ecology_test_2_medium_run_1/data/detail-95103.spop
ecology_test_2_medium_run_1,ecology_test_2_medium,95103,3407,361,340700,e,if-not-0,27119,0.07959788670384503,/Users/alinaqvi/Desktop/github_projects/avida/work/ecology_test_2_medium_run_1/data/detail-95103.spop
ecology_test_2_medium_run_1,ecology_test_2_medium,95103,3407,361,340700,f,if-les-0,11075,0.0325066040504843,/Users/alinaqvi/Desktop/github_projects/avida/work/ecology_test_2_medium_run_1/data/detail-95103.spop
ecology_test_2_medium_run_1,ecology_test_2_medium,95103,3407,361,340700,g,if-grt-0,4564,0.013395949515702964,/Users/alinaqvi/Desktop/github_projects/avida/work/ecology_test_2_medium_run_1/data/detail-95103.spop
ecology_test_2_medium_run_1,ecology_test_2_medium,95103,3407,361,340700,h,if-label,7711,0.022632814793073084,/Users/alinaqvi/Desktop/github_projects/avida/work/ecology_test_2_medium_run_1/data/detail-95103.spop
ecology_test_2_medium_run_1,ecology_test_2_medium,95103,3407,361,340700,i,zero,14187,0.04164073965365424,/Users/alinaqvi/Desktop/github_projects/avida/work/ecology_test_2_medium_run_1/data/detail-95103.spop
ecology_test_2_medium_run_1,ecology_test_2_medium,95103,3407,361,340700,j,inc,14397,0.0422571176988553,/Users/alinaqvi/Desktop/github_projects/avida/work/ecology_test_2_medium_run_1/data/detail-95103.spop
ecology_test_2_medium_run_1,ecology_test_2_medium,95103,3407,361,340700,k,dec,17091,0.05016436747872028,/Users/alinaqvi/Desktop/github_projects/avida/work/ecology_test_2_medium_run_1/data/detail-95103.spop
ecology_test_2_medium_run_1,ecology_test_2_medium,95103,3407,361,340700,l,push,8859,0.026002348106838862,/Users/alinaqvi/Desktop/github_projects/avida/work/ecology_test_2_medium_run_1/data/detail-95103.spop
ecology_test_2_medium_run_1,ecology_test_2_medium,95103,3407,361,340700,m,pop,14847,0.043577927795714705,/Users/alinaqvi/Desktop/github_projects/avida/work/ecology_test_2_medium_run_1/data/detail-95103.spop
ecology_test_2_medium_run_1,ecology_test_2_medium,95103,3407,361,340700,n,swap-stk,12636,0.03708834751981215,/Users/alinaqvi/Desktop/github_projects/avida/work/ecology_test_2_medium_run_1/data/detail-95103.spop
ecology_test_2_medium_run_1,ecology_test_2_medium,95103,3407,361,340700,o,swap,8435,0.02475785148224244,/Users/alinaqvi/Desktop/github_projects/avida/work/ecology_test_2_medium_run_1/data/detail-95103.spop
ecology_test_2_medium_run_1,ecology_test_2_medium,95103,3407,361,340700,p,add,16066,0.04715585559142941,/Users/alinaqvi/Desktop/github_projects/avida/work/ecology_test_2_medium_run_1/data/detail-95103.spop
ecology_test_2_medium_run_1,ecology_test_2_medium,95103,3407,361,340700,q,sub,9794,0.028746697974757852,/Users/alinaqvi/Desktop/github_projects/avida/work/ecology_test_2_medium_run_1/data/detail-95103.spop
ecology_test_2_medium_run_1,ecology_test_2_medium,95103,3407,361,340700,r,nand,8784,0.025782213090695626,/Users/alinaqvi/Desktop/github_projects/avida/work/ecology_test_2_medium_run_1/data/detail-95103.spop
ecology_test_2_medium_run_1,ecology_test_2_medium,95103,3407,361,340700,s,repro,21777,0.06391840328734957,/Users/alinaqvi/Desktop/github_projects/avida/work/ecology_test_2_medium_run_1/data/detail-95103.spop
ecology_test_2_medium_run_1,ecology_test_2_medium,95103,3407,361,340700,t,repro-semel,21275,0.06244496624596419,/Users/alinaqvi/Desktop/github_projects/avida/work/ecology_test_2_medium_run_1/data/detail-95103.spop
ecology_test_2_medium_run_1,ecology_test_2_medium,95103,3407,361,340700,u,move,7910,0.0232169063692398,/Users/alinaqvi/Desktop/github_projects/avida/work/ecology_test_2_medium_run_1/data/detail-95103.spop
ecology_test_2_medium_run_1,ecology_test_2_medium,95103,3407,361,340700,v,rotate-left-one,2364,0.006938655708834752,/Users/alinaqvi/Desktop/github_projects/avida/work/ecology_test_2_medium_run_1/data/detail-95103.spop
ecology_test_2_medium_run_1,ecology_test_2_medium,95103,3407,361,340700,w,rotate-right-one,13054,0.038315233343117115,/Users/alinaqvi/Desktop/github_projects/avida/work/ecology_test_2_medium_run_1/data/detail-95103.spop
ecology_test_2_medium_run_1,ecology_test_2_medium,95103,3407,361,340700,x,sense-resource0,4174,0.012251247431758145,/Users/alinaqvi/Desktop/github_projects/avida/work/ecology_test_2_medium_run_1/data/detail-95103.spop
ecology_test_2_medium_run_1,ecology_test_2_medium,95103,3407,361,340700,y,sense-faced-resource0,8411,0.024687408277076606,/Users/alinaqvi/Desktop/github_projects/avida/work/ecology_test_2_medium_run_1/data/detail-95103.spop
ecology_test_2_medium_run_2,ecology_test_2_medium,136039,8482,578,848200,a,nop-B,54681,0.06446710681443056,/Users/alinaqvi/Desktop/github_projects/avida/work/ecology_test_2_medium_run_2/data/detail-136039.spop
ecology_test_2_medium_run_2,ecology_test_2_medium,136039,8482,578,848200,b,nop-C,130377,0.15371020985616599,/Users/alinaqvi/Desktop/github_projects/avida/work/ecology_test_2_medium_run_2/data/detail-136039.spop
ecology_test_2_medium_run_2,ecology_test_2_medium,136039,8482,578,848200,c,if-n-equ,28212,0.03326102334355105,/Users/alinaqvi/Desktop/github_projects/avida/work/ecology_test_2_medium_run_2/data/detail-136039.spop
ecology_test_2_medium_run_2,ecology_test_2_medium,136039,8482,578,848200,d,if-less,39414,0.04646781419476539,/Users/alinaqvi/Desktop/github_projects/avida/work/ecology_test_2_medium_run_2/data/detail-136039.spop
ecology_test_2_medium_run_2,ecology_test_2_medium,136039,8482,578,848200,e,if-not-0,23970,0.028259844376326337,/Users/alinaqvi/Desktop/github_projects/avida/work/ecology_test_2_medium_run_2/data/detail-136039.spop
ecology_test_2_medium_run_2,ecology_test_2_medium,136039,8482,578,848200,f,if-les-0,44761,0.052771751945295924,/Users/alinaqvi/Desktop/github_projects/avida/work/ecology_test_2_medium_run_2/data/detail-136039.spop
ecology_test_2_medium_run_2,ecology_test_2_medium,136039,8482,578,848200,g,if-grt-0,38878,0.045835887762320206,/Users/alinaqvi/Desktop/github_projects/avida/work/ecology_test_2_medium_run_2/data/detail-136039.spop
ecology_test_2_medium_run_2,ecology_test_2_medium,136039,8482,578,848200,h,if-label,36640,0.04319735911341665,/Users/alinaqvi/Desktop/github_projects/avida/work/ecology_test_2_medium_run_2/data/detail-136039.spop
ecology_test_2_medium_run_2,ecology_test_2_medium,136039,8482,578,848200,i,zero,22271,0.02625677906154209,/Users/alinaqvi/Desktop/github_projects/avida/work/ecology_test_2_medium_run_2/data/detail-136039.spop
ecology_test_2_medium_run_2,ecology_test_2_medium,136039,8482,578,848200,j,inc,9365,0.011041028059419948,/Users/alinaqvi/Desktop/github_projects/avida/work/ecology_test_2_medium_run_2/data/detail-136039.spop
ecology_test_2_medium_run_2,ecology_test_2_medium,136039,8482,578,848200,k,dec,17881,0.021081112945060126,/Users/alinaqvi/Desktop/github_projects/avida/work/ecology_test_2_medium_run_2/data/detail-136039.spop
ecology_test_2_medium_run_2,ecology_test_2_medium,136039,8482,578,848200,l,push,3641,0.004292619665173308,/Users/alinaqvi/Desktop/github_projects/avida/work/ecology_test_2_medium_run_2/data/detail-136039.spop
ecology_test_2_medium_run_2,ecology_test_2_medium,136039,8482,578,848200,m,pop,25321,0.029852629096911106,/Users/alinaqvi/Desktop/github_projects/avida/work/ecology_test_2_medium_run_2/data/detail-136039.spop
ecology_test_2_medium_run_2,ecology_test_2_medium,136039,8482,578,848200,n,swap-stk,17037,0.020086064607403913,/Users/alinaqvi/Desktop/github_projects/avida/work/ecology_test_2_medium_run_2/data/detail-136039.spop
ecology_test_2_medium_run_2,ecology_test_2_medium,136039,8482,578,848200,o,swap,19661,0.02317967460504598,/Users/alinaqvi/Desktop/github_projects/avida/work/ecology_test_2_medium_run_2/data/detail-136039.spop
ecology_test_2_medium_run_2,ecology_test_2_medium,136039,8482,578,848200,p,add,19287,0.02273874086300401,/Users/alinaqvi/Desktop/github_projects/avida/work/ecology_test_2_medium_run_2/data/detail-136039.spop
ecology_test_2_medium_run_2,ecology_test_2_medium,136039,8482,578,848200,q,sub,45411,0.05353808064135817,/Users/alinaqvi/Desktop/github_projects/avida/work/ecology_test_2_medium_run_2/data/detail-136039.spop
ecology_test_2_medium_run_2,ecology_test_2_medium,136039,8482,578,848200,r,nand,15648,0.01844847913228012,/Users/alinaqvi/Desktop/github_projects/avida/work/ecology_test_2_medium_run_2/data/detail-136039.spop
ecology_test_2_medium_run_2,ecology_test_2_medium,136039,8482,578,848200,s,repro,43080,0.05078990804055647,/Users/alinaqvi/Desktop/github_projects/avida/work/ecology_test_2_medium_run_2/data/detail-136039.spop
ecology_test_2_medium_run_2,ecology_test_2_medium,136039,8482,578,848200,t,repro-semel,10387,0.012245932563074746,/Users/alinaqvi/Desktop/github_projects/avida/work/ecology_test_2_medium_run_2/data/detail-136039.spop
ecology_test_2_medium_run_2,ecology_test_2_medium,136039,8482,578,848200,u,move,153735,0.1812485262909691,/Users/alinaqvi/Desktop/github_projects/avida/work/ecology_test_2_medium_run_2/data/detail-136039.spop
ecology_test_2_medium_run_2,ecology_test_2_medium,136039,8482,578,848200,v,rotate-left-one,22921,0.027023107757604338,/Users/alinaqvi/Desktop/github_projects/avida/work/ecology_test_2_medium_run_2/data/detail-136039.spop
ecology_test_2_medium_run_2,ecology_test_2_medium,136039,8482,578,848200,w,rotate-right-one,3518,0.0041476066965338365,/Users/alinaqvi/Desktop/github_projects/avida/work/ecology_test_2_medium_run_2/data/detail-136039.spop
ecology_test_2_medium_run_2,ecology_test_2_medium,136039,8482,578,848200,x,sense-resource0,9167,0.01080759254892714,/Users/alinaqvi/Desktop/github_projects/avida/work/ecology_test_2_medium_run_2/data/detail-136039.spop
ecology_test_2_medium_run_2,ecology_test_2_medium,136039,8482,578,848200,y,sense-faced-resource0,12936,0.015251120018863475,/Users/alinaqvi/Desktop/github_projects/avida/work/ecology_test_2_medium_run_2/data/detail-136039.spop
ecology_test_2_medium_run_3,ecology_test_2_medium,144526,7897,564,789700,a,nop-B,94502,0.11966822844118019,/Users/alinaqvi/Desktop/github_projects/avida/work/ecology_test_2_medium_run_3/data/detail-144526.spop
ecology_test_2_medium_run_3,ecology_test_2_medium,144526,7897,564,789700,b,nop-C,144988,0.18359883500063315,/Users/alinaqvi/Desktop/github_projects/avida/work/ecology_test_2_medium_run_3/data/detail-144526.spop
ecology_test_2_medium_run_3,ecology_test_2_medium,144526,7897,564,789700,c,if-n-equ,19685,0.024927187539571988,/Users/alinaqvi/Desktop/github_projects/avida/work/ecology_test_2_medium_run_3/data/detail-144526.spop
ecology_test_2_medium_run_3,ecology_test_2_medium,144526,7897,564,789700,d,if-less,8979,0.011370140559706218,/Users/alinaqvi/Desktop/github_projects/avida/work/ecology_test_2_medium_run_3/data/detail-144526.spop
ecology_test_2_medium_run_3,ecology_test_2_medium,144526,7897,564,789700,e,if-not-0,13940,0.017652273015069015,/Users/alinaqvi/Desktop/github_projects/avida/work/ecology_test_2_medium_run_3/data/detail-144526.spop
ecology_test_2_medium_run_3,ecology_test_2_medium,144526,7897,564,789700,f,if-les-0,36431,0.046132708623527925,/Users/alinaqvi/Desktop/github_projects/avida/work/ecology_test_2_medium_run_3/data/detail-144526.spop
ecology_test_2_medium_run_3,ecology_test_2_medium,144526,7897,564,789700,g,if-grt-0,36364,0.046047866278333544,/Users/alinaqvi/Desktop/github_projects/avida/work/ecology_test_2_medium_run_3/data/detail-144526.spop
ecology_test_2_medium_run_3,ecology_test_2_medium,144526,7897,564,789700,h,if-label,18802,0.02380904140812967,/Users/alinaqvi/Desktop/github_projects/avida/work/ecology_test_2_medium_run_3/data/detail-144526.spop
ecology_test_2_medium_run_3,ecology_test_2_medium,144526,7897,564,789700,i,zero,4079,0.005165252627580093,/Users/alinaqvi/Desktop/github_projects/avida/work/ecology_test_2_medium_run_3/data/detail-144526.spop
ecology_test_2_medium_run_3,ecology_test_2_medium,144526,7897,564,789700,j,inc,3813,0.004828415854121818,/Users/alinaqvi/Desktop/github_projects/avida/work/ecology_test_2_medium_run_3/data/detail-144526.spop
ecology_test_2_medium_run_3,ecology_test_2_medium,144526,7897,564,789700,k,dec,25832,0.03271115613524123,/Users/alinaqvi/Desktop/github_projects/avida/work/ecology_test_2_medium_run_3/data/detail-144526.spop
ecology_test_2_medium_run_3,ecology_test_2_medium,144526,7897,564,789700,l,push,6548,0.00829175636317589,/Users/alinaqvi/Desktop/github_projects/avida/work/ecology_test_2_medium_run_3/data/detail-144526.spop
ecology_test_2_medium_run_3,ecology_test_2_medium,144526,7897,564,789700,m,pop,10274,0.013010003798910978,/Users/alinaqvi/Desktop/github_projects/avida/work/ecology_test_2_medium_run_3/data/detail-144526.spop
ecology_test_2_medium_run_3,ecology_test_2_medium,144526,7897,564,789700,n,swap-stk,39569,0.05010636950740788,/Users/alinaqvi/Desktop/github_projects/avida/work/ecology_test_2_medium_run_3/data/detail-144526.spop
ecology_test_2_medium_run_3,ecology_test_2_medium,144526,7897,564,789700,o,swap,25389,0.032150183614030645,/Users/alinaqvi/Desktop/github_projects/avida/work/ecology_test_2_medium_run_3/data/detail-144526.spop
ecology_test_2_medium_run_3,ecology_test_2_medium,144526,7897,564,789700,p,add,14985,0.018975560339369382,/Users/alinaqvi/Desktop/github_projects/avida/work/ecology_test_2_medium_run_3/data/detail-144526.spop
ecology_test_2_medium_run_3,ecology_test_2_medium,144526,7897,564,789700,q,sub,6409,0.008115740154489046,/Users/alinaqvi/Desktop/github_projects/avida/work/ecology_test_2_medium_run_3/data/detail-144526.spop
ecology_test_2_medium_run_3,ecology_test_2_medium,144526,7897,564,789700,r,nand,7550,0.009560592630112701,/Users/alinaqvi/Desktop/github_projects/avida/work/ecology_test_2_medium_run_3/data/detail-144526.spop
ecology_test_2_medium_run_3,ecology_test_2_medium,144526,7897,564,789700,s,repro,47853,0.06059642902367988,/Users/alinaqvi/Desktop/github_projects/avida/work/ecology_test_2_medium_run_3/data/detail-144526.spop
ecology_test_2_medium_run_3,ecology_test_2_medium,144526,7897,564,789700,t,repro-semel,13876,0.017571229580853488,/Users/alinaqvi/Desktop/github_projects/avida/work/ecology_test_2_medium_run_3/data/detail-144526.spop
ecology_test_2_medium_run_3,ecology_test_2_medium,144526,7897,564,789700,u,move,153008,0.19375459035076611,/Users/alinaqvi/Desktop/github_projects/avida/work/ecology_test_2_medium_run_3/data/detail-144526.spop
ecology_test_2_medium_run_3,ecology_test_2_medium,144526,7897,564,789700,v,rotate-left-one,23398,0.02962897302773205,/Users/alinaqvi/Desktop/github_projects/avida/work/ecology_test_2_medium_run_3/data/detail-144526.spop
ecology_test_2_medium_run_3,ecology_test_2_medium,144526,7897,564,789700,w,rotate-right-one,8193,0.010374825883246803,/Users/alinaqvi/Desktop/github_projects/avida/work/ecology_test_2_medium_run_3/data/detail-144526.spop
ecology_test_2_medium_run_3,ecology_test_2_medium,144526,7897,564,789700,x,sense-resource0,6610,0.00837026719007218,/Users/alinaqvi/Desktop/github_projects/avida/work/ecology_test_2_medium_run_3/data/detail-144526.spop
ecology_test_2_medium_run_3,ecology_test_2_medium,144526,7897,564,789700,y,sense-faced-resource0,18623,0.023582373053058124,/Users/alinaqvi/Desktop/github_projects/avida/work/ecology_test_2_medium_run_3/data/detail-144526.spop
ecology_test_2_medium_run_4,ecology_test_2_medium,136460,9020,693,902000,a,nop-B,45123,0.05002549889135255,/Users/alinaqvi/Desktop/github_projects/avida/work/ecology_test_2_medium_run_4/data/detail-136460.spop
ecology_test_2_medium_run_4,ecology_test_2_medium,136460,9020,693,902000,b,nop-C,96948,0.10748115299334811,/Users/alinaqvi/Desktop/github_projects/avida/work/ecology_test_2_medium_run_4/data/detail-136460.spop
ecology_test_2_medium_run_4,ecology_test_2_medium,136460,9020,693,902000,c,if-n-equ,49357,0.05471951219512195,/Users/alinaqvi/Desktop/github_projects/avida/work/ecology_test_2_medium_run_4/data/detail-136460.spop
ecology_test_2_medium_run_4,ecology_test_2_medium,136460,9020,693,902000,d,if-less,79793,0.08846230598669623,/Users/alinaqvi/Desktop/github_projects/avida/work/ecology_test_2_medium_run_4/data/detail-136460.spop
ecology_test_2_medium_run_4,ecology_test_2_medium,136460,9020,693,902000,e,if-not-0,22283,0.024703991130820398,/Users/alinaqvi/Desktop/github_projects/avida/work/ecology_test_2_medium_run_4/data/detail-136460.spop
ecology_test_2_medium_run_4,ecology_test_2_medium,136460,9020,693,902000,f,if-les-0,68912,0.07639911308203991,/Users/alinaqvi/Desktop/github_projects/avida/work/ecology_test_2_medium_run_4/data/detail-136460.spop
ecology_test_2_medium_run_4,ecology_test_2_medium,136460,9020,693,902000,g,if-grt-0,52573,0.058284922394678494,/Users/alinaqvi/Desktop/github_projects/avida/work/ecology_test_2_medium_run_4/data/detail-136460.spop
ecology_test_2_medium_run_4,ecology_test_2_medium,136460,9020,693,902000,h,if-label,46966,0.05206873614190687,/Users/alinaqvi/Desktop/github_projects/avida/work/ecology_test_2_medium_run_4/data/detail-136460.spop
ecology_test_2_medium_run_4,ecology_test_2_medium,136460,9020,693,902000,i,zero,16282,0.0180509977827051,/Users/alinaqvi/Desktop/github_projects/avida/work/ecology_test_2_medium_run_4/data/detail-136460.spop
ecology_test_2_medium_run_4,ecology_test_2_medium,136460,9020,693,902000,j,inc,18851,0.02089911308203991,/Users/alinaqvi/Desktop/github_projects/avida/work/ecology_test_2_medium_run_4/data/detail-136460.spop
ecology_test_2_medium_run_4,ecology_test_2_medium,136460,9020,693,902000,k,dec,7675,0.008508869179600887,/Users/alinaqvi/Desktop/github_projects/avida/work/ecology_test_2_medium_run_4/data/detail-136460.spop
ecology_test_2_medium_run_4,ecology_test_2_medium,136460,9020,693,902000,l,push,9015,0.009994456762749446,/Users/alinaqvi/Desktop/github_projects/avida/work/ecology_test_2_medium_run_4/data/detail-136460.spop
ecology_test_2_medium_run_4,ecology_test_2_medium,136460,9020,693,902000,m,pop,23101,0.025610864745011088,/Users/alinaqvi/Desktop/github_projects/avida/work/ecology_test_2_medium_run_4/data/detail-136460.spop
ecology_test_2_medium_run_4,ecology_test_2_medium,136460,9020,693,902000,n,swap-stk,16478,0.018268292682926828,/Users/alinaqvi/Desktop/github_projects/avida/work/ecology_test_2_medium_run_4/data/detail-136460.spop
ecology_test_2_medium_run_4,ecology_test_2_medium,136460,9020,693,902000,o,swap,9299,0.01030931263858093,/Users/alinaqvi/Desktop/github_projects/avida/work/ecology_test_2_medium_run_4/data/detail-136460.spop
ecology_test_2_medium_run_4,ecology_test_2_medium,136460,9020,693,902000,p,add,4301,0.004768292682926829,/Users/alinaqvi/Desktop/github_projects/avida/work/ecology_test_2_medium_run_4/data/detail-136460.spop
ecology_test_2_medium_run_4,ecology_test_2_medium,136460,9020,693,902000,q,sub,26133,0.028972283813747227,/Users/alinaqvi/Desktop/github_projects/avida/work/ecology_test_2_medium_run_4/data/detail-136460.spop
ecology_test_2_medium_run_4,ecology_test_2_medium,136460,9020,693,902000,r,nand,2137,0.002369179600886918,/Users/alinaqvi/Desktop/github_projects/avida/work/ecology_test_2_medium_run_4/data/detail-136460.spop
ecology_test_2_medium_run_4,ecology_test_2_medium,136460,9020,693,902000,s,repro,47534,0.052698447893569846,/Users/alinaqvi/Desktop/github_projects/avida/work/ecology_test_2_medium_run_4/data/detail-136460.spop
ecology_test_2_medium_run_4,ecology_test_2_medium,136460,9020,693,902000,t,repro-semel,1377,0.0015266075388026608,/Users/alinaqvi/Desktop/github_projects/avida/work/ecology_test_2_medium_run_4/data/detail-136460.spop
ecology_test_2_medium_run_4,ecology_test_2_medium,136460,9020,693,902000,u,move,180191,0.19976829268292684,/Users/alinaqvi/Desktop/github_projects/avida/work/ecology_test_2_medium_run_4/data/detail-136460.spop
ecology_test_2_medium_run_4,ecology_test_2_medium,136460,9020,693,902000,v,rotate-left-one,8580,0.00951219512195122,/Users/alinaqvi/Desktop/github_projects/avida/work/ecology_test_2_medium_run_4/data/detail-136460.spop
ecology_test_2_medium_run_4,ecology_test_2_medium,136460,9020,693,902000,w,rotate-right-one,12105,0.013420177383592018,/Users/alinaqvi/Desktop/github_projects/avida/work/ecology_test_2_medium_run_4/data/detail-136460.spop
ecology_test_2_medium_run_4,ecology_test_2_medium,136460,9020,693,902000,x,sense-resource0,28393,0.03147782705099778,/Users/alinaqvi/Desktop/github_projects/avida/work/ecology_test_2_medium_run_4/data/detail-136460.spop
ecology_test_2_medium_run_4,ecology_test_2_medium,136460,9020,693,902000,y,sense-faced-resource0,28593,0.031699556541019955,/Users/alinaqvi/Desktop/github_projects/avida/work/ecology_test_2_medium_run_4/data/detail-136460.spop
ecology_test_2_medium_run_5,ecology_test_2_medium,80666,2653,240,265300,a,nop-B,18934,0.07136826234451564,/Users/alinaqvi/Desktop/github_projects/avida/work/ecology_test_2_medium_run_5/data/detail-80666.spop
ecology_test_2_medium_run_5,ecology_test_2_medium,80666,2653,240,265300,b,nop-C,44550,0.16792310591782889,/Users/alinaqvi/Desktop/github_projects/avida/work/ecology_test_2_medium_run_5/data/detail-80666.spop
ecology_test_2_medium_run_5,ecology_test_2_medium,80666,2653,240,265300,c,if-n-equ,15916,0.05999246136449303,/Users/alinaqvi/Desktop/github_projects/avida/work/ecology_test_2_medium_run_5/data/detail-80666.spop
ecology_test_2_medium_run_5,ecology_test_2_medium,80666,2653,240,265300,d,if-less,22386,0.08437994722955146,/Users/alinaqvi/Desktop/github_projects/avida/work/ecology_test_2_medium_run_5/data/detail-80666.spop
ecology_test_2_medium_run_5,ecology_test_2_medium,80666,2653,240,265300,e,if-not-0,4795,0.01807387862796834,/Users/alinaqvi/Desktop/github_projects/avida/work/ecology_test_2_medium_run_5/data/detail-80666.spop
ecology_test_2_medium_run_5,ecology_test_2_medium,80666,2653,240,265300,f,if-les-0,10897,0.041074255559743686,/Users/alinaqvi/Desktop/github_projects/avida/work/ecology_test_2_medium_run_5/data/detail-80666.spop
ecology_test_2_medium_run_5,ecology_test_2_medium,80666,2653,240,265300,g,if-grt-0,8205,0.03092725216735771,/Users/alinaqvi/Desktop/github_projects/avida/work/ecology_test_2_medium_run_5/data/detail-80666.spop
ecology_test_2_medium_run_5,ecology_test_2_medium,80666,2653,240,265300,h,if-label,14444,0.05444402563136072,/Users/alinaqvi/Desktop/github_projects/avida/work/ecology_test_2_medium_run_5/data/detail-80666.spop
ecology_test_2_medium_run_5,ecology_test_2_medium,80666,2653,240,265300,i,zero,10193,0.03842065586128911,/Users/alinaqvi/Desktop/github_projects/avida/work/ecology_test_2_medium_run_5/data/detail-80666.spop
ecology_test_2_medium_run_5,ecology_test_2_medium,80666,2653,240,265300,j,inc,8537,0.03217866566151527,/Users/alinaqvi/Desktop/github_projects/avida/work/ecology_test_2_medium_run_5/data/detail-80666.spop
ecology_test_2_medium_run_5,ecology_test_2_medium,80666,2653,240,265300,k,dec,7612,0.028692046739540143,/Users/alinaqvi/Desktop/github_projects/avida/work/ecology_test_2_medium_run_5/data/detail-80666.spop
ecology_test_2_medium_run_5,ecology_test_2_medium,80666,2653,240,265300,l,push,2959,0.011153411232566905,/Users/alinaqvi/Desktop/github_projects/avida/work/ecology_test_2_medium_run_5/data/detail-80666.spop
ecology_test_2_medium_run_5,ecology_test_2_medium,80666,2653,240,265300,m,pop,9359,0.03527704485488126,/Users/alinaqvi/Desktop/github_projects/avida/work/ecology_test_2_medium_run_5/data/detail-80666.spop
ecology_test_2_medium_run_5,ecology_test_2_medium,80666,2653,240,265300,n,swap-stk,5413,0.02040331699962307,/Users/alinaqvi/Desktop/github_projects/avida/work/ecology_test_2_medium_run_5/data/detail-80666.spop
ecology_test_2_medium_run_5,ecology_test_2_medium,80666,2653,240,265300,o,swap,7960,0.030003769317753486,/Users/alinaqvi/Desktop/github_projects/avida/work/ecology_test_2_medium_run_5/data/detail-80666.spop
ecology_test_2_medium_run_5,ecology_test_2_medium,80666,2653,240,265300,p,add,7758,0.02924236713154919,/Users/alinaqvi/Desktop/github_projects/avida/work/ecology_test_2_medium_run_5/data/detail-80666.spop
ecology_test_2_medium_run_5,ecology_test_2_medium,80666,2653,240,265300,q,sub,6268,0.02362608367885413,/Users/alinaqvi/Desktop/github_projects/avida/work/ecology_test_2_medium_run_5/data/detail-80666.spop
ecology_test_2_medium_run_5,ecology_test_2_medium,80666,2653,240,265300,r,nand,3293,0.012412363362231437,/Users/alinaqvi/Desktop/github_projects/avida/work/ecology_test_2_medium_run_5/data/detail-80666.spop
ecology_test_2_medium_run_5,ecology_test_2_medium,80666,2653,240,265300,s,repro,6178,0.02328684508104033,/Users/alinaqvi/Desktop/github_projects/avida/work/ecology_test_2_medium_run_5/data/detail-80666.spop
ecology_test_2_medium_run_5,ecology_test_2_medium,80666,2653,240,265300,t,repro-semel,16485,0.062137203166226916,/Users/alinaqvi/Desktop/github_projects/avida/work/ecology_test_2_medium_run_5/data/detail-80666.spop
ecology_test_2_medium_run_5,ecology_test_2_medium,80666,2653,240,265300,u,move,10819,0.04078024877497173,/Users/alinaqvi/Desktop/github_projects/avida/work/ecology_test_2_medium_run_5/data/detail-80666.spop
ecology_test_2_medium_run_5,ecology_test_2_medium,80666,2653,240,265300,v,rotate-left-one,6653,0.025077271013946474,/Users/alinaqvi/Desktop/github_projects/avida/work/ecology_test_2_medium_run_5/data/detail-80666.spop
ecology_test_2_medium_run_5,ecology_test_2_medium,80666,2653,240,265300,w,rotate-right-one,5575,0.0210139464756879,/Users/alinaqvi/Desktop/github_projects/avida/work/ecology_test_2_medium_run_5/data/detail-80666.spop
ecology_test_2_medium_run_5,ecology_test_2_medium,80666,2653,240,265300,x,sense-resource0,6563,0.02473803241613268,/Users/alinaqvi/Desktop/github_projects/avida/work/ecology_test_2_medium_run_5/data/detail-80666.spop
ecology_test_2_medium_run_5,ecology_test_2_medium,80666,2653,240,265300,y,sense-faced-resource0,3548,0.013373539389370524,/Users/alinaqvi/Desktop/github_projects/avida/work/ecology_test_2_medium_run_5/data/detail-80666.spop
ecology_test_2_medium_run_6,ecology_test_2_medium,139672,8033,586,803300,a,nop-B,42661,0.053107182870658534,/Users/alinaqvi/Desktop/github_projects/avida/work/ecology_test_2_medium_run_6/data/detail-139672.spop
ecology_test_2_medium_run_6,ecology_test_2_medium,139672,8033,586,803300,b,nop-C,139470,0.17362131208763848,/Users/alinaqvi/Desktop/github_projects/avida/work/ecology_test_2_medium_run_6/data/detail-139672.spop
ecology_test_2_medium_run_6,ecology_test_2_medium,139672,8033,586,803300,c,if-n-equ,18462,0.022982696377443046,/Users/alinaqvi/Desktop/github_projects/avida/work/ecology_test_2_medium_run_6/data/detail-139672.spop
ecology_test_2_medium_run_6,ecology_test_2_medium,139672,8033,586,803300,d,if-less,29070,0.03618822357774182,/Users/alinaqvi/Desktop/github_projects/avida/work/ecology_test_2_medium_run_6/data/detail-139672.spop
ecology_test_2_medium_run_6,ecology_test_2_medium,139672,8033,586,803300,e,if-not-0,41445,0.05159342711315822,/Users/alinaqvi/Desktop/github_projects/avida/work/ecology_test_2_medium_run_6/data/detail-139672.spop
ecology_test_2_medium_run_6,ecology_test_2_medium,139672,8033,586,803300,f,if-les-0,33437,0.0416245487364621,/Users/alinaqvi/Desktop/github_projects/avida/work/ecology_test_2_medium_run_6/data/detail-139672.spop
ecology_test_2_medium_run_6,ecology_test_2_medium,139672,8033,586,803300,g,if-grt-0,29376,0.0365691522469812,/Users/alinaqvi/Desktop/github_projects/avida/work/ecology_test_2_medium_run_6/data/detail-139672.spop
ecology_test_2_medium_run_6,ecology_test_2_medium,139672,8033,586,803300,h,if-label,53366,0.06643346196937633,/Users/alinaqvi/Desktop/github_projects/avida/work/ecology_test_2_medium_run_6/data/detail-139672.spop
ecology_test_2_medium_run_6,ecology_test_2_medium,139672,8033,586,803300,i,zero,21618,0.02691149010332379,/Users/alinaqvi/Desktop/github_projects/avida/work/ecology_test_2_medium_run_6/data/detail-139672.spop
ecology_test_2_medium_run_6,ecology_test_2_medium,139672,8033,586,803300,j,inc,29623,0.036876633885223456,/Users/alinaqvi/Desktop/github_projects/avida/work/ecology_test_2_medium_run_6/data/detail-139672.spop
ecology_test_2_medium_run_6,ecology_test_2_medium,139672,8033,586,803300,k,dec,14383,0.01790489231918337,/Users/alinaqvi/Desktop/github_projects/avida/work/ecology_test_2_medium_run_6/data/detail-139672.spop
ecology_test_2_medium_run_6,ecology_test_2_medium,139672,8033,586,803300,l,push,17565,0.021866052533300137,/Users/alinaqvi/Desktop/github_projects/avida/work/ecology_test_2_medium_run_6/data/detail-139672.spop
ecology_test_2_medium_run_6,ecology_test_2_medium,139672,8033,586,803300,m,pop,21124,0.02629652682683929,/Users/alinaqvi/Desktop/github_projects/avida/work/ecology_test_2_medium_run_6/data/detail-139672.spop
ecology_test_2_medium_run_6,ecology_test_2_medium,139672,8033,586,803300,n,swap-stk,18418,0.022927922320428232,/Users/alinaqvi/Desktop/github_projects/avida/work/ecology_test_2_medium_run_6/data/detail-139672.spop
ecology_test_2_medium_run_6,ecology_test_2_medium,139672,8033,586,803300,o,swap,25047,0.031180131955682807,/Users/alinaqvi/Desktop/github_projects/avida/work/ecology_test_2_medium_run_6/data/detail-139672.spop
ecology_test_2_medium_run_6,ecology_test_2_medium,139672,8033,586,803300,p,add,496,0.0006174530063488111,/Users/alinaqvi/Desktop/github_projects/avida/work/ecology_test_2_medium_run_6/data/detail-139672.spop
ecology_test_2_medium_run_6,ecology_test_2_medium,139672,8033,586,803300,q,sub,5863,0.007298643097223952,/Users/alinaqvi/Desktop/github_projects/avida/work/ecology_test_2_medium_run_6/data/detail-139672.spop
ecology_test_2_medium_run_6,ecology_test_2_medium,139672,8033,586,803300,r,nand,11566,0.014398107805303125,/Users/alinaqvi/Desktop/github_projects/avida/work/ecology_test_2_medium_run_6/data/detail-139672.spop
ecology_test_2_medium_run_6,ecology_test_2_medium,139672,8033,586,803300,s,repro,35271,0.043907631022034106,/Users/alinaqvi/Desktop/github_projects/avida/work/ecology_test_2_medium_run_6/data/detail-139672.spop
ecology_test_2_medium_run_6,ecology_test_2_medium,139672,8033,586,803300,t,repro-semel,22099,0.02751027013569028,/Users/alinaqvi/Desktop/github_projects/avida/work/ecology_test_2_medium_run_6/data/detail-139672.spop
ecology_test_2_medium_run_6,ecology_test_2_medium,139672,8033,586,803300,u,move,162639,0.20246358770073447,/Users/alinaqvi/Desktop/github_projects/avida/work/ecology_test_2_medium_run_6/data/detail-139672.spop
ecology_test_2_medium_run_6,ecology_test_2_medium,139672,8033,586,803300,v,rotate-left-one,7395,0.0092057761732852,/Users/alinaqvi/Desktop/github_projects/avida/work/ecology_test_2_medium_run_6/data/detail-139672.spop
ecology_test_2_medium_run_6,ecology_test_2_medium,139672,8033,586,803300,w,rotate-right-one,10830,0.013481887215237147,/Users/alinaqvi/Desktop/github_projects/avida/work/ecology_test_2_medium_run_6/data/detail-139672.spop
ecology_test_2_medium_run_6,ecology_test_2_medium,139672,8033,586,803300,x,sense-resource0,8004,0.00996389891696751,/Users/alinaqvi/Desktop/github_projects/avida/work/ecology_test_2_medium_run_6/data/detail-139672.spop
ecology_test_2_medium_run_6,ecology_test_2_medium,139672,8033,586,803300,y,sense-faced-resource0,4072,0.005069090003734595,/Users/alinaqvi/Desktop/github_projects/avida/work/ecology_test_2_medium_run_6/data/detail-139672.spop
ecology_test_2_medium_run_7,ecology_test_2_medium,143849,8091,562,809100,a,nop-B,33845,0.04183042887158571,/Users/alinaqvi/Desktop/github_projects/avida/work/ecology_test_2_medium_run_7/data/detail-143849.spop
ecology_test_2_medium_run_7,ecology_test_2_medium,143849,8091,562,809100,b,nop-C,141432,0.17480163144234334,/Users/alinaqvi/Desktop/github_projects/avida/work/ecology_test_2_medium_run_7/data/detail-143849.spop
ecology_test_2_medium_run_7,ecology_test_2_medium,143849,8091,562,809100,c,if-n-equ,24510,0.030292918057100483,/Users/alinaqvi/Desktop/github_projects/avida/work/ecology_test_2_medium_run_7/data/detail-143849.spop
ecology_test_2_medium_run_7,ecology_test_2_medium,143849,8091,562,809100,d,if-less,21690,0.026807563959955507,/Users/alinaqvi/Desktop/github_projects/avida/work/ecology_test_2_medium_run_7/data/detail-143849.spop
ecology_test_2_medium_run_7,ecology_test_2_medium,143849,8091,562,809100,e,if-not-0,19271,0.02381782227165987,/Users/alinaqvi/Desktop/github_projects/avida/work/ecology_test_2_medium_run_7/data/detail-143849.spop
ecology_test_2_medium_run_7,ecology_test_2_medium,143849,8091,562,809100,f,if-les-0,43452,0.05370411568409344,/Users/alinaqvi/Desktop/github_projects/avida/work/ecology_test_2_medium_run_7/data/detail-143849.spop
ecology_test_2_medium_run_7,ecology_test_2_medium,143849,8091,562,809100,g,if-grt-0,13231,0.01635273760968978,/Users/alinaqvi/Desktop/github_projects/avida/work/ecology_test_2_medium_run_7/data/detail-143849.spop
ecology_test_2_medium_run_7,ecology_test_2_medium,143849,8091,562,809100,h,if-label,36073,0.044584105796564084,/Users/alinaqvi/Desktop/github_projects/avida/work/ecology_test_2_medium_run_7/data/detail-143849.spop
ecology_test_2_medium_run_7,ecology_test_2_medium,143849,8091,562,809100,i,zero,21466,0.026530713138054628,/Users/alinaqvi/Desktop/github_projects/avida/work/ecology_test_2_medium_run_7/data/detail-143849.spop
ecology_test_2_medium_run_7,ecology_test_2_medium,143849,8091,562,809100,j,inc,57916,0.07158076875540724,/Users/alinaqvi/Desktop/github_projects/avida/work/ecology_test_2_medium_run_7/data/detail-143849.spop
ecology_test_2_medium_run_7,ecology_test_2_medium,143849,8091,562,809100,k,dec,17471,0.021593128167099247,/Users/alinaqvi/Desktop/github_projects/avida/work/ecology_test_2_medium_run_7/data/detail-143849.spop
ecology_test_2_medium_run_7,ecology_test_2_medium,143849,8091,562,809100,l,push,24491,0.030269435174885676,/Users/alinaqvi/Desktop/github_projects/avida/work/ecology_test_2_medium_run_7/data/detail-143849.spop
ecology_test_2_medium_run_7,ecology_test_2_medium,143849,8091,562,809100,m,pop,11755,0.014528488443950069,/Users/alinaqvi/Desktop/github_projects/avida/work/ecology_test_2_medium_run_7/data/detail-143849.spop
ecology_test_2_medium_run_7,ecology_test_2_medium,143849,8091,562,809100,n,swap-stk,21412,0.02646397231491781,/Users/alinaqvi/Desktop/github_projects/avida/work/ecology_test_2_medium_run_7/data/detail-143849.spop
ecology_test_2_medium_run_7,ecology_test_2_medium,143849,8091,562,809100,o,swap,16525,0.02042392782103572,/Users/alinaqvi/Desktop/github_projects/avida/work/ecology_test_2_medium_run_7/data/detail-143849.spop
ecology_test_2_medium_run_7,ecology_test_2_medium,143849,8091,562,809100,p,add,11238,0.013889506859473488,/Users/alinaqvi/Desktop/github_projects/avida/work/ecology_test_2_medium_run_7/data/detail-143849.spop
ecology_test_2_medium_run_7,ecology_test_2_medium,143849,8091,562,809100,q,sub,4786,0.005915214435792856,/Users/alinaqvi/Desktop/github_projects/avida/work/ecology_test_2_medium_run_7/data/detail-143849.spop
ecology_test_2_medium_run_7,ecology_test_2_medium,143849,8091,562,809100,r,nand,16515,0.020411568409343717,/Users/alinaqvi/Desktop/github_projects/avida/work/ecology_test_2_medium_run_7/data/detail-143849.spop
ecology_test_2_medium_run_7,ecology_test_2_medium,143849,8091,562,809100,s,repro,59020,0.07294524780620443,/Users/alinaqvi/Desktop/github_projects/avida/work/ecology_test_2_medium_run_7/data/detail-143849.spop
ecology_test_2_medium_run_7,ecology_test_2_medium,143849,8091,562,809100,t,repro-semel,1880,0.0023235693980966504,/Users/alinaqvi/Desktop/github_projects/avida/work/ecology_test_2_medium_run_7/data/detail-143849.spop
ecology_test_2_medium_run_7,ecology_test_2_medium,143849,8091,562,809100,u,move,172167,0.21278828327771598,/Users/alinaqvi/Desktop/github_projects/avida/work/ecology_test_2_medium_run_7/data/detail-143849.spop
ecology_test_2_medium_run_7,ecology_test_2_medium,143849,8091,562,809100,v,rotate-left-one,12916,0.01596341614139167,/Users/alinaqvi/Desktop/github_projects/avida/work/ecology_test_2_medium_run_7/data/detail-143849.spop
ecology_test_2_medium_run_7,ecology_test_2_medium,143849,8091,562,809100,w,rotate-right-one,9722,0.012015820046965765,/Users/alinaqvi/Desktop/github_projects/avida/work/ecology_test_2_medium_run_7/data/detail-143849.spop
ecology_test_2_medium_run_7,ecology_test_2_medium,143849,8091,562,809100,x,sense-resource0,14339,0.017722160425163763,/Users/alinaqvi/Desktop/github_projects/avida/work/ecology_test_2_medium_run_7/data/detail-143849.spop
ecology_test_2_medium_run_7,ecology_test_2_medium,143849,8091,562,809100,y,sense-faced-resource0,1977,0.002443455691509084,/Users/alinaqvi/Desktop/github_projects/avida/work/ecology_test_2_medium_run_7/data/detail-143849.spop
ecology_test_2_medium_run_8,ecology_test_2_medium,6880,4101,431,410100,a,nop-B,5447,0.013282126310655937,/Users/alinaqvi/Desktop/github_projects/avida/work/ecology_test_2_medium_run_8/data/detail-6880.spop
ecology_test_2_medium_run_8,ecology_test_2_medium,6880,4101,431,410100,b,nop-C,277441,0.6765203608875884,/Users/alinaqvi/Desktop/github_projects/avida/work/ecology_test_2_medium_run_8/data/detail-6880.spop
ecology_test_2_medium_run_8,ecology_test_2_medium,6880,4101,431,410100,c,if-n-equ,8812,0.02148744208729578,/Users/alinaqvi/Desktop/github_projects/avida/work/ecology_test_2_medium_run_8/data/detail-6880.spop
ecology_test_2_medium_run_8,ecology_test_2_medium,6880,4101,431,410100,d,if-less,8896,0.021692270178005364,/Users/alinaqvi/Desktop/github_projects/avida/work/ecology_test_2_medium_run_8/data/detail-6880.spop
ecology_test_2_medium_run_8,ecology_test_2_medium,6880,4101,431,410100,e,if-not-0,3789,0.009239209948792978,/Users/alinaqvi/Desktop/github_projects/avida/work/ecology_test_2_medium_run_8/data/detail-6880.spop
ecology_test_2_medium_run_8,ecology_test_2_medium,6880,4101,431,410100,f,if-les-0,700,0.001706900755913192,/Users/alinaqvi/Desktop/github_projects/avida/work/ecology_test_2_medium_run_8/data/detail-6880.spop
ecology_test_2_medium_run_8,ecology_test_2_medium,6880,4101,431,410100,g,if-grt-0,6042,0.01473299195318215,/Users/alinaqvi/Desktop/github_projects/avida/work/ecology_test_2_medium_run_8/data/detail-6880.spop
ecology_test_2_medium_run_8,ecology_test_2_medium,6880,4101,431,410100,h,if-label,9076,0.022131187515240184,/Users/alinaqvi/Desktop/github_projects/avida/work/ecology_test_2_medium_run_8/data/detail-6880.spop
ecology_test_2_medium_run_8,ecology_test_2_medium,6880,4101,431,410100,i,zero,8624,0.021029017312850524,/Users/alinaqvi/Desktop/github_projects/avida/work/ecology_test_2_medium_run_8/data/detail-6880.spop
ecology_test_2_medium_run_8,ecology_test_2_medium,6880,4101,431,410100,j,inc,7908,0.01928310168251646,/Users/alinaqvi/Desktop/github_projects/avida/work/ecology_test_2_medium_run_8/data/detail-6880.spop
ecology_test_2_medium_run_8,ecology_test_2_medium,6880,4101,431,410100,k,dec,5185,0.012643257742014143,/Users/alinaqvi/Desktop/github_projects/avida/work/ecology_test_2_medium_run_8/data/detail-6880.spop
ecology_test_2_medium_run_8,ecology_test_2_medium,6880,4101,431,410100,l,push,12466,0.030397464033162642,/Users/alinaqvi/Desktop/github_projects/avida/work/ecology_test_2_medium_run_8/data/detail-6880.spop
ecology_test_2_medium_run_8,ecology_test_2_medium,6880,4101,431,410100,m,pop,1395,0.003401609363569861,/Users/alinaqvi/Desktop/github_projects/avida/work/ecology_test_2_medium_run_8/data/detail-6880.spop
ecology_test_2_medium_run_8,ecology_test_2_medium,6880,4101,431,410100,n,swap-stk,1072,0.002613996586198488,/Users/alinaqvi/Desktop/github_projects/avida/work/ecology_test_2_medium_run_8/data/detail-6880.spop
ecology_test_2_medium_run_8,ecology_test_2_medium,6880,4101,431,410100,o,swap,1183,0.0028846622774932945,/Users/alinaqvi/Desktop/github_projects/avida/work/ecology_test_2_medium_run_8/data/detail-6880.spop
ecology_test_2_medium_run_8,ecology_test_2_medium,6880,4101,431,410100,p,add,12154,0.02963667398195562,/Users/alinaqvi/Desktop/github_projects/avida/work/ecology_test_2_medium_run_8/data/detail-6880.spop
ecology_test_2_medium_run_8,ecology_test_2_medium,6880,4101,431,410100,q,sub,1384,0.003374786637405511,/Users/alinaqvi/Desktop/github_projects/avida/work/ecology_test_2_medium_run_8/data/detail-6880.spop
ecology_test_2_medium_run_8,ecology_test_2_medium,6880,4101,431,410100,r,nand,4268,0.010407217751767861,/Users/alinaqvi/Desktop/github_projects/avida/work/ecology_test_2_medium_run_8/data/detail-6880.spop
ecology_test_2_medium_run_8,ecology_test_2_medium,6880,4101,431,410100,s,repro,20901,0.05096561814191661,/Users/alinaqvi/Desktop/github_projects/avida/work/ecology_test_2_medium_run_8/data/detail-6880.spop
ecology_test_2_medium_run_8,ecology_test_2_medium,6880,4101,431,410100,t,repro-semel,1179,0.0028749085588880762,/Users/alinaqvi/Desktop/github_projects/avida/work/ecology_test_2_medium_run_8/data/detail-6880.spop
ecology_test_2_medium_run_8,ecology_test_2_medium,6880,4101,431,410100,u,move,518,0.001263106559375762,/Users/alinaqvi/Desktop/github_projects/avida/work/ecology_test_2_medium_run_8/data/detail-6880.spop
ecology_test_2_medium_run_8,ecology_test_2_medium,6880,4101,431,410100,v,rotate-left-one,4622,0.011270421848329675,/Users/alinaqvi/Desktop/github_projects/avida/work/ecology_test_2_medium_run_8/data/detail-6880.spop
ecology_test_2_medium_run_8,ecology_test_2_medium,6880,4101,431,410100,w,rotate-right-one,3636,0.008866130212143379,/Users/alinaqvi/Desktop/github_projects/avida/work/ecology_test_2_medium_run_8/data/detail-6880.spop
ecology_test_2_medium_run_8,ecology_test_2_medium,6880,4101,431,410100,x,sense-resource0,2389,0.005825408436966594,/Users/alinaqvi/Desktop/github_projects/avida/work/ecology_test_2_medium_run_8/data/detail-6880.spop
ecology_test_2_medium_run_8,ecology_test_2_medium,6880,4101,431,410100,y,sense-faced-resource0,1013,0.0024701292367715192,/Users/alinaqvi/Desktop/github_projects/avida/work/ecology_test_2_medium_run_8/data/detail-6880.spop
ecology_test_2_medium_run_9,ecology_test_2_medium,30838,3459,400,345900,a,nop-B,13868,0.04009251228678809,/Users/alinaqvi/Desktop/github_projects/avida/work/ecology_test_2_medium_run_9/data/detail-30838.spop
ecology_test_2_medium_run_9,ecology_test_2_medium,30838,3459,400,345900,b,nop-C,74933,0.21663197455912114,/Users/alinaqvi/Desktop/github_projects/avida/work/ecology_test_2_medium_run_9/data/detail-30838.spop
ecology_test_2_medium_run_9,ecology_test_2_medium,30838,3459,400,345900,c,if-n-equ,13937,0.040291991905174906,/Users/alinaqvi/Desktop/github_projects/avida/work/ecology_test_2_medium_run_9/data/detail-30838.spop
ecology_test_2_medium_run_9,ecology_test_2_medium,30838,3459,400,345900,d,if-less,11765,0.03401272043943336,/Users/alinaqvi/Desktop/github_projects/avida/work/ecology_test_2_medium_run_9/data/detail-30838.spop
ecology_test_2_medium_run_9,ecology_test_2_medium,30838,3459,400,345900,e,if-not-0,12843,0.03712922810060711,/Users/alinaqvi/Desktop/github_projects/avida/work/ecology_test_2_medium_run_9/data/detail-30838.spop
ecology_test_2_medium_run_9,ecology_test_2_medium,30838,3459,400,345900,f,if-les-0,9422,0.027239086441167966,/Users/alinaqvi/Desktop/github_projects/avida/work/ecology_test_2_medium_run_9/data/detail-30838.spop
ecology_test_2_medium_run_9,ecology_test_2_medium,30838,3459,400,345900,g,if-grt-0,8199,0.023703382480485688,/Users/alinaqvi/Desktop/github_projects/avida/work/ecology_test_2_medium_run_9/data/detail-30838.spop
ecology_test_2_medium_run_9,ecology_test_2_medium,30838,3459,400,345900,h,if-label,11532,0.03333911535125759,/Users/alinaqvi/Desktop/github_projects/avida/work/ecology_test_2_medium_run_9/data/detail-30838.spop
ecology_test_2_medium_run_9,ecology_test_2_medium,30838,3459,400,345900,i,zero,7889,0.022807169702226078,/Users/alinaqvi/Desktop/github_projects/avida/work/ecology_test_2_medium_run_9/data/detail-30838.spop
ecology_test_2_medium_run_9,ecology_test_2_medium,30838,3459,400,345900,j,inc,6899,0.019945070829719573,/Users/alinaqvi/Desktop/github_projects/avida/work/ecology_test_2_medium_run_9/data/detail-30838.spop
ecology_test_2_medium_run_9,ecology_test_2_medium,30838,3459,400,345900,k,dec,11621,0.03359641514888696,/Users/alinaqvi/Desktop/github_projects/avida/work/ecology_test_2_medium_run_9/data/detail-30838.spop
ecology_test_2_medium_run_9,ecology_test_2_medium,30838,3459,400,345900,l,push,13402,0.038745302110436544,/Users/alinaqvi/Desktop/github_projects/avida/work/ecology_test_2_medium_run_9/data/detail-30838.spop
ecology_test_2_medium_run_9,ecology_test_2_medium,30838,3459,400,345900,m,pop,15811,0.04570974270020237,/Users/alinaqvi/Desktop/github_projects/avida/work/ecology_test_2_medium_run_9/data/detail-30838.spop
ecology_test_2_medium_run_9,ecology_test_2_medium,30838,3459,400,345900,n,swap-stk,11334,0.03276669557675629,/Users/alinaqvi/Desktop/github_projects/avida/work/ecology_test_2_medium_run_9/data/detail-30838.spop
ecology_test_2_medium_run_9,ecology_test_2_medium,30838,3459,400,345900,o,swap,6155,0.017794160161896503,/Users/alinaqvi/Desktop/github_projects/avida/work/ecology_test_2_medium_run_9/data/detail-30838.spop
ecology_test_2_medium_run_9,ecology_test_2_medium,30838,3459,400,345900,p,add,16580,0.047932928592078636,/Users/alinaqvi/Desktop/github_projects/avida/work/ecology_test_2_medium_run_9/data/detail-30838.spop
ecology_test_2_medium_run_9,ecology_test_2_medium,30838,3459,400,345900,q,sub,19148,0.05535703960682278,/Users/alinaqvi/Desktop/github_projects/avida/work/ecology_test_2_medium_run_9/data/detail-30838.spop
ecology_test_2_medium_run_9,ecology_test_2_medium,30838,3459,400,345900,r,nand,12474,0.03606244579358196,/Users/alinaqvi/Desktop/github_projects/avida/work/ecology_test_2_medium_run_9/data/detail-30838.spop
ecology_test_2_medium_run_9,ecology_test_2_medium,30838,3459,400,345900,s,repro,17881,0.05169413125180688,/Users/alinaqvi/Desktop/github_projects/avida/work/ecology_test_2_medium_run_9/data/detail-30838.spop
ecology_test_2_medium_run_9,ecology_test_2_medium,30838,3459,400,345900,t,repro-semel,11239,0.03249204972535415,/Users/alinaqvi/Desktop/github_projects/avida/work/ecology_test_2_medium_run_9/data/detail-30838.spop
ecology_test_2_medium_run_9,ecology_test_2_medium,30838,3459,400,345900,u,move,10758,0.031101474414570684,/Users/alinaqvi/Desktop/github_projects/avida/work/ecology_test_2_medium_run_9/data/detail-30838.spop
ecology_test_2_medium_run_9,ecology_test_2_medium,30838,3459,400,345900,v,rotate-left-one,14503,0.04192830297773923,/Users/alinaqvi/Desktop/github_projects/avida/work/ecology_test_2_medium_run_9/data/detail-30838.spop
ecology_test_2_medium_run_9,ecology_test_2_medium,30838,3459,400,345900,w,rotate-right-one,3732,0.010789245446660885,/Users/alinaqvi/Desktop/github_projects/avida/work/ecology_test_2_medium_run_9/data/detail-30838.spop
ecology_test_2_medium_run_9,ecology_test_2_medium,30838,3459,400,345900,x,sense-resource0,8211,0.023738074588031222,/Users/alinaqvi/Desktop/github_projects/avida/work/ecology_test_2_medium_run_9/data/detail-30838.spop
ecology_test_2_medium_run_9,ecology_test_2_medium,30838,3459,400,345900,y,sense-faced-resource0,1764,0.005099739809193408,/Users/alinaqvi/Desktop/github_projects/avida/work/ecology_test_2_medium_run_9/data/detail-30838.spop
ecology_test_2_medium_run_10,ecology_test_2_medium,138934,9683,551,968300,a,nop-B,65554,0.0677000929464009,/Users/alinaqvi/Desktop/github_projects/avida/work/ecology_test_2_medium_run_10/data/detail-138934.spop
ecology_test_2_medium_run_10,ecology_test_2_medium,138934,9683,551,968300,b,nop-C,252242,0.2604998450893318,/Users/alinaqvi/Desktop/github_projects/avida/work/ecology_test_2_medium_run_10/data/detail-138934.spop
ecology_test_2_medium_run_10,ecology_test_2_medium,138934,9683,551,968300,c,if-n-equ,11822,0.012209026128266033,/Users/alinaqvi/Desktop/github_projects/avida/work/ecology_test_2_medium_run_10/data/detail-138934.spop
ecology_test_2_medium_run_10,ecology_test_2_medium,138934,9683,551,968300,d,if-less,13556,0.013999793452442425,/Users/alinaqvi/Desktop/github_projects/avida/work/ecology_test_2_medium_run_10/data/detail-138934.spop
ecology_test_2_medium_run_10,ecology_test_2_medium,138934,9683,551,968300,e,if-not-0,43658,0.04508726634307549,/Users/alinaqvi/Desktop/github_projects/avida/work/ecology_test_2_medium_run_10/data/detail-138934.spop
ecology_test_2_medium_run_10,ecology_test_2_medium,138934,9683,551,968300,f,if-les-0,33497,0.03459361768047093,/Users/alinaqvi/Desktop/github_projects/avida/work/ecology_test_2_medium_run_10/data/detail-138934.spop
ecology_test_2_medium_run_10,ecology_test_2_medium,138934,9683,551,968300,g,if-grt-0,1569,0.001620365589176908,/Users/alinaqvi/Desktop/github_projects/avida/work/ecology_test_2_medium_run_10/data/detail-138934.spop
ecology_test_2_medium_run_10,ecology_test_2_medium,138934,9683,551,968300,h,if-label,52656,0.054379840958380665,/Users/alinaqvi/Desktop/github_projects/avida/work/ecology_test_2_medium_run_10/data/detail-138934.spop
ecology_test_2_medium_run_10,ecology_test_2_medium,138934,9683,551,968300,i,zero,2815,0.0029071568728699783,/Users/alinaqvi/Desktop/github_projects/avida/work/ecology_test_2_medium_run_10/data/detail-138934.spop
ecology_test_2_medium_run_10,ecology_test_2_medium,138934,9683,551,968300,j,inc,33651,0.03475265929980378,/Users/alinaqvi/Desktop/github_projects/avida/work/ecology_test_2_medium_run_10/data/detail-138934.spop
ecology_test_2_medium_run_10,ecology_test_2_medium,138934,9683,551,968300,k,dec,36854,0.038060518434369514,/Users/alinaqvi/Desktop/github_projects/avida/work/ecology_test_2_medium_run_10/data/detail-138934.spop
ecology_test_2_medium_run_10,ecology_test_2_medium,138934,9683,551,968300,l,push,11570,0.011948776205721367,/Users/alinaqvi/Desktop/github_projects/avida/work/ecology_test_2_medium_run_10/data/detail-138934.spop
ecology_test_2_medium_run_10,ecology_test_2_medium,138934,9683,551,968300,m,pop,34651,0.03578539708767944,/Users/alinaqvi/Desktop/github_projects/avida/work/ecology_test_2_medium_run_10/data/detail-138934.spop
ecology_test_2_medium_run_10,ecology_test_2_medium,138934,9683,551,968300,n,swap-stk,13063,0.013490653723019726,/Users/alinaqvi/Desktop/github_projects/avida/work/ecology_test_2_medium_run_10/data/detail-138934.spop
ecology_test_2_medium_run_10,ecology_test_2_medium,138934,9683,551,968300,o,swap,15170,0.015666632242073736,/Users/alinaqvi/Desktop/github_projects/avida/work/ecology_test_2_medium_run_10/data/detail-138934.spop
ecology_test_2_medium_run_10,ecology_test_2_medium,138934,9683,551,968300,p,add,11035,0.01139626148920789,/Users/alinaqvi/Desktop/github_projects/avida/work/ecology_test_2_medium_run_10/data/detail-138934.spop
ecology_test_2_medium_run_10,ecology_test_2_medium,138934,9683,551,968300,q,sub,20117,0.02077558607869462,/Users/alinaqvi/Desktop/github_projects/avida/work/ecology_test_2_medium_run_10/data/detail-138934.spop
ecology_test_2_medium_run_10,ecology_test_2_medium,138934,9683,551,968300,r,nand,28467,0.029398946607456365,/Users/alinaqvi/Desktop/github_projects/avida/work/ecology_test_2_medium_run_10/data/detail-138934.spop
ecology_test_2_medium_run_10,ecology_test_2_medium,138934,9683,551,968300,s,repro,29513,0.030479190333574307,/Users/alinaqvi/Desktop/github_projects/avida/work/ecology_test_2_medium_run_10/data/detail-138934.spop
ecology_test_2_medium_run_10,ecology_test_2_medium,138934,9683,551,968300,t,repro-semel,3340,0.0034493442115046988,/Users/alinaqvi/Desktop/github_projects/avida/work/ecology_test_2_medium_run_10/data/detail-138934.spop
ecology_test_2_medium_run_10,ecology_test_2_medium,138934,9683,551,968300,u,move,173423,0.1791004853867603,/Users/alinaqvi/Desktop/github_projects/avida/work/ecology_test_2_medium_run_10/data/detail-138934.spop
ecology_test_2_medium_run_10,ecology_test_2_medium,138934,9683,551,968300,v,rotate-left-one,9694,0.010011360115666633,/Users/alinaqvi/Desktop/github_projects/avida/work/ecology_test_2_medium_run_10/data/detail-138934.spop
ecology_test_2_medium_run_10,ecology_test_2_medium,138934,9683,551,968300,w,rotate-right-one,22182,0.022908189610657853,/Users/alinaqvi/Desktop/github_projects/avida/work/ecology_test_2_medium_run_10/data/detail-138934.spop
ecology_test_2_medium_run_10,ecology_test_2_medium,138934,9683,551,968300,x,sense-resource0,18518,0.01912423835588144,/Users/alinaqvi/Desktop/github_projects/avida/work/ecology_test_2_medium_run_10/data/detail-138934.spop
ecology_test_2_medium_run_10,ecology_test_2_medium,138934,9683,551,968300,y,sense-faced-resource0,29683,0.03065475575751317,/Users/alinaqvi/Desktop/github_projects/avida/work/ecology_test_2_medium_run_10/data/detail-138934.spop
ecology_test_2_medium_run_11,ecology_test_2_medium,10628,2625,306,262500,a,nop-B,2271,0.008651428571428572,/Users/alinaqvi/Desktop/github_projects/avida/work/ecology_test_2_medium_run_11/data/detail-10628.spop
ecology_test_2_medium_run_11,ecology_test_2_medium,10628,2625,306,262500,b,nop-C,136315,0.5192952380952381,/Users/alinaqvi/Desktop/github_projects/avida/work/ecology_test_2_medium_run_11/data/detail-10628.spop
ecology_test_2_medium_run_11,ecology_test_2_medium,10628,2625,306,262500,c,if-n-equ,6090,0.0232,/Users/alinaqvi/Desktop/github_projects/avida/work/ecology_test_2_medium_run_11/data/detail-10628.spop
ecology_test_2_medium_run_11,ecology_test_2_medium,10628,2625,306,262500,d,if-less,4780,0.01820952380952381,/Users/alinaqvi/Desktop/github_projects/avida/work/ecology_test_2_medium_run_11/data/detail-10628.spop
ecology_test_2_medium_run_11,ecology_test_2_medium,10628,2625,306,262500,e,if-not-0,6886,0.02623238095238095,/Users/alinaqvi/Desktop/github_projects/avida/work/ecology_test_2_medium_run_11/data/detail-10628.spop
ecology_test_2_medium_run_11,ecology_test_2_medium,10628,2625,306,262500,f,if-les-0,920,0.0035047619047619046,/Users/alinaqvi/Desktop/github_projects/avida/work/ecology_test_2_medium_run_11/data/detail-10628.spop
ecology_test_2_medium_run_11,ecology_test_2_medium,10628,2625,306,262500,g,if-grt-0,5240,0.01996190476190476,/Users/alinaqvi/Desktop/github_projects/avida/work/ecology_test_2_medium_run_11/data/detail-10628.spop
ecology_test_2_medium_run_11,ecology_test_2_medium,10628,2625,306,262500,h,if-label,9085,0.03460952380952381,/Users/alinaqvi/Desktop/github_projects/avida/work/ecology_test_2_medium_run_11/data/detail-10628.spop
ecology_test_2_medium_run_11,ecology_test_2_medium,10628,2625,306,262500,i,zero,2357,0.00897904761904762,/Users/alinaqvi/Desktop/github_projects/avida/work/ecology_test_2_medium_run_11/data/detail-10628.spop
ecology_test_2_medium_run_11,ecology_test_2_medium,10628,2625,306,262500,j,inc,4140,0.01577142857142857,/Users/alinaqvi/Desktop/github_projects/avida/work/ecology_test_2_medium_run_11/data/detail-10628.spop
ecology_test_2_medium_run_11,ecology_test_2_medium,10628,2625,306,262500,k,dec,7231,0.027546666666666667,/Users/alinaqvi/Desktop/github_projects/avida/work/ecology_test_2_medium_run_11/data/detail-10628.spop
ecology_test_2_medium_run_11,ecology_test_2_medium,10628,2625,306,262500,l,push,5491,0.02091809523809524,/Users/alinaqvi/Desktop/github_projects/avida/work/ecology_test_2_medium_run_11/data/detail-10628.spop
ecology_test_2_medium_run_11,ecology_test_2_medium,10628,2625,306,262500,m,pop,10953,0.04172571428571428,/Users/alinaqvi/Desktop/github_projects/avida/work/ecology_test_2_medium_run_11/data/detail-10628.spop
ecology_test_2_medium_run_11,ecology_test_2_medium,10628,2625,306,262500,n,swap-stk,862,0.003283809523809524,/Users/alinaqvi/Desktop/github_projects/avida/work/ecology_test_2_medium_run_11/data/detail-10628.spop
ecology_test_2_medium_run_11,ecology_test_2_medium,10628,2625,306,262500,o,swap,445,0.0016952380952380951,/Users/alinaqvi/Desktop/github_projects/avida/work/ecology_test_2_medium_run_11/data/detail-10628.spop
ecology_test_2_medium_run_11,ecology_test_2_medium,10628,2625,306,262500,p,add,9214,0.03510095238095238,/Users/alinaqvi/Desktop/github_projects/avida/work/ecology_test_2_medium_run_11/data/detail-10628.spop
ecology_test_2_medium_run_11,ecology_test_2_medium,10628,2625,306,262500,q,sub,4477,0.017055238095238096,/Users/alinaqvi/Desktop/github_projects/avida/work/ecology_test_2_medium_run_11/data/detail-10628.spop
ecology_test_2_medium_run_11,ecology_test_2_medium,10628,2625,306,262500,r,nand,3848,0.014659047619047618,/Users/alinaqvi/Desktop/github_projects/avida/work/ecology_test_2_medium_run_11/data/detail-10628.spop
ecology_test_2_medium_run_11,ecology_test_2_medium,10628,2625,306,262500,s,repro,8367,0.031874285714285716,/Users/alinaqvi/Desktop/github_projects/avida/work/ecology_test_2_medium_run_11/data/detail-10628.spop
ecology_test_2_medium_run_11,ecology_test_2_medium,10628,2625,306,262500,t,repro-semel,5478,0.020868571428571427,/Users/alinaqvi/Desktop/github_projects/avida/work/ecology_test_2_medium_run_11/data/detail-10628.spop
ecology_test_2_medium_run_11,ecology_test_2_medium,10628,2625,306,262500,u,move,11046,0.04208,/Users/alinaqvi/Desktop/github_projects/avida/work/ecology_test_2_medium_run_11/data/detail-10628.spop
ecology_test_2_medium_run_11,ecology_test_2_medium,10628,2625,306,262500,v,rotate-left-one,2313,0.00881142857142857,/Users/alinaqvi/Desktop/github_projects/avida/work/ecology_test_2_medium_run_11/data/detail-10628.spop
ecology_test_2_medium_run_11,ecology_test_2_medium,10628,2625,306,262500,w,rotate-right-one,3227,0.012293333333333333,/Users/alinaqvi/Desktop/github_projects/avida/work/ecology_test_2_medium_run_11/data/detail-10628.spop
ecology_test_2_medium_run_11,ecology_test_2_medium,10628,2625,306,262500,x,sense-resource0,5474,0.020853333333333335,/Users/alinaqvi/Desktop/github_projects/avida/work/ecology_test_2_medium_run_11/data/detail-10628.spop
ecology_test_2_medium_run_11,ecology_test_2_medium,10628,2625,306,262500,y,sense-faced-resource0,5990,0.02281904761904762,/Users/alinaqvi/Desktop/github_projects/avida/work/ecology_test_2_medium_run_11/data/detail-10628.spop
ecology_test_2_medium_run_12,ecology_test_2_medium,101586,1831,241,183100,a,nop-B,15009,0.08197160021845985,/Users/alinaqvi/Desktop/github_projects/avida/work/ecology_test_2_medium_run_12/data/detail-101586.spop
ecology_test_2_medium_run_12,ecology_test_2_medium,101586,1831,241,183100,b,nop-C,20844,0.1138394320043692,/Users/alinaqvi/Desktop/github_projects/avida/work/ecology_test_2_medium_run_12/data/detail-101586.spop
ecology_test_2_medium_run_12,ecology_test_2_medium,101586,1831,241,183100,c,if-n-equ,3204,0.017498634625887494,/Users/alinaqvi/Desktop/github_projects/avida/work/ecology_test_2_medium_run_12/data/detail-101586.spop
ecology_test_2_medium_run_12,ecology_test_2_medium,101586,1831,241,183100,d,if-less,8411,0.04593664664117968,/Users/alinaqvi/Desktop/github_projects/avida/work/ecology_test_2_medium_run_12/data/detail-101586.spop
ecology_test_2_medium_run_12,ecology_test_2_medium,101586,1831,241,183100,e,if-not-0,7536,0.041157837247405786,/Users/alinaqvi/Desktop/github_projects/avida/work/ecology_test_2_medium_run_12/data/detail-101586.spop
ecology_test_2_medium_run_12,ecology_test_2_medium,101586,1831,241,183100,f,if-les-0,5237,0.028601856908793008,/Users/alinaqvi/Desktop/github_projects/avida/work/ecology_test_2_medium_run_12/data/detail-101586.spop
ecology_test_2_medium_run_12,ecology_test_2_medium,101586,1831,241,183100,g,if-grt-0,11716,0.06398689240851993,/Users/alinaqvi/Desktop/github_projects/avida/work/ecology_test_2_medium_run_12/data/detail-101586.spop
ecology_test_2_medium_run_12,ecology_test_2_medium,101586,1831,241,183100,h,if-label,7550,0.04123429819770617,/Users/alinaqvi/Desktop/github_projects/avida/work/ecology_test_2_medium_run_12/data/detail-101586.spop
ecology_test_2_medium_run_12,ecology_test_2_medium,101586,1831,241,183100,i,zero,5000,0.027307482250136537,/Users/alinaqvi/Desktop/github_projects/avida/work/ecology_test_2_medium_run_12/data/detail-101586.spop
ecology_test_2_medium_run_12,ecology_test_2_medium,101586,1831,241,183100,j,inc,8640,0.04718732932823594,/Users/alinaqvi/Desktop/github_projects/avida/work/ecology_test_2_medium_run_12/data/detail-101586.spop
ecology_test_2_medium_run_12,ecology_test_2_medium,101586,1831,241,183100,k,dec,3688,0.02014199890770071,/Users/alinaqvi/Desktop/github_projects/avida/work/ecology_test_2_medium_run_12/data/detail-101586.spop
ecology_test_2_medium_run_12,ecology_test_2_medium,101586,1831,241,183100,l,push,4184,0.022850901146914255,/Users/alinaqvi/Desktop/github_projects/avida/work/ecology_test_2_medium_run_12/data/detail-101586.spop
ecology_test_2_medium_run_12,ecology_test_2_medium,101586,1831,241,183100,m,pop,8152,0.04452211906062261,/Users/alinaqvi/Desktop/github_projects/avida/work/ecology_test_2_medium_run_12/data/detail-101586.spop
ecology_test_2_medium_run_12,ecology_test_2_medium,101586,1831,241,183100,n,swap-stk,6691,0.036542872747132714,/Users/alinaqvi/Desktop/github_projects/avida/work/ecology_test_2_medium_run_12/data/detail-101586.spop
ecology_test_2_medium_run_12,ecology_test_2_medium,101586,1831,241,183100,o,swap,6238,0.034068814855270343,/Users/alinaqvi/Desktop/github_projects/avida/work/ecology_test_2_medium_run_12/data/detail-101586.spop
ecology_test_2_medium_run_12,ecology_test_2_medium,101586,1831,241,183100,p,add,5605,0.03061168760240306,/Users/alinaqvi/Desktop/github_projects/avida/work/ecology_test_2_medium_run_12/data/detail-101586.spop
ecology_test_2_medium_run_12,ecology_test_2_medium,101586,1831,241,183100,q,sub,7943,0.0433806663025669,/Users/alinaqvi/Desktop/github_projects/avida/work/ecology_test_2_medium_run_12/data/detail-101586.spop
ecology_test_2_medium_run_12,ecology_test_2_medium,101586,1831,241,183100,r,nand,5128,0.028006553795740033,/Users/alinaqvi/Desktop/github_projects/avida/work/ecology_test_2_medium_run_12/data/detail-101586.spop
ecology_test_2_medium_run_12,ecology_test_2_medium,101586,1831,241,183100,s,repro,9175,0.05010922992900055,/Users/alinaqvi/Desktop/github_projects/avida/work/ecology_test_2_medium_run_12/data/detail-101586.spop
ecology_test_2_medium_run_12,ecology_test_2_medium,101586,1831,241,183100,t,repro-semel,7993,0.04365374112506827,/Users/alinaqvi/Desktop/github_projects/avida/work/ecology_test_2_medium_run_12/data/detail-101586.spop
ecology_test_2_medium_run_12,ecology_test_2_medium,101586,1831,241,183100,u,move,3334,0.018208629164391043,/Users/alinaqvi/Desktop/github_projects/avida/work/ecology_test_2_medium_run_12/data/detail-101586.spop
ecology_test_2_medium_run_12,ecology_test_2_medium,101586,1831,241,183100,v,rotate-left-one,9666,0.05279082468596395,/Users/alinaqvi/Desktop/github_projects/avida/work/ecology_test_2_medium_run_12/data/detail-101586.spop
ecology_test_2_medium_run_12,ecology_test_2_medium,101586,1831,241,183100,w,rotate-right-one,5439,0.029705079191698524,/Users/alinaqvi/Desktop/github_projects/avida/work/ecology_test_2_medium_run_12/data/detail-101586.spop
ecology_test_2_medium_run_12,ecology_test_2_medium,101586,1831,241,183100,x,sense-resource0,1955,0.010677225559803386,/Users/alinaqvi/Desktop/github_projects/avida/work/ecology_test_2_medium_run_12/data/detail-101586.spop
ecology_test_2_medium_run_12,ecology_test_2_medium,101586,1831,241,183100,y,sense-faced-resource0,4762,0.026007646095030038,/Users/alinaqvi/Desktop/github_projects/avida/work/ecology_test_2_medium_run_12/data/detail-101586.spop
ecology_test_2_medium_run_13,ecology_test_2_medium,11372,4639,463,463900,a,nop-B,15070,0.032485449450312565,/Users/alinaqvi/Desktop/github_projects/avida/work/ecology_test_2_medium_run_13/data/detail-11372.spop
ecology_test_2_medium_run_13,ecology_test_2_medium,11372,4639,463,463900,b,nop-C,232816,0.5018667816339728,/Users/alinaqvi/Desktop/github_projects/avida/work/ecology_test_2_medium_run_13/data/detail-11372.spop
ecology_test_2_medium_run_13,ecology_test_2_medium,11372,4639,463,463900,c,if-n-equ,5365,0.011564992455270533,/Users/alinaqvi/Desktop/github_projects/avida/work/ecology_test_2_medium_run_13/data/detail-11372.spop
ecology_test_2_medium_run_13,ecology_test_2_medium,11372,4639,463,463900,d,if-less,4033,0.008693683983617159,/Users/alinaqvi/Desktop/github_projects/avida/work/ecology_test_2_medium_run_13/data/detail-11372.spop
ecology_test_2_medium_run_13,ecology_test_2_medium,11372,4639,463,463900,e,if-not-0,16985,0.03661349428756198,/Users/alinaqvi/Desktop/github_projects/avida/work/ecology_test_2_medium_run_13/data/detail-11372.spop
ecology_test_2_medium_run_13,ecology_test_2_medium,11372,4639,463,463900,f,if-les-0,12852,0.02770424660487174,/Users/alinaqvi/Desktop/github_projects/avida/work/ecology_test_2_medium_run_13/data/detail-11372.spop
ecology_test_2_medium_run_13,ecology_test_2_medium,11372,4639,463,463900,g,if-grt-0,11370,0.02450959258460875,/Users/alinaqvi/Desktop/github_projects/avida/work/ecology_test_2_medium_run_13/data/detail-11372.spop
ecology_test_2_medium_run_13,ecology_test_2_medium,11372,4639,463,463900,h,if-label,6874,0.01481784867428325,/Users/alinaqvi/Desktop/github_projects/avida/work/ecology_test_2_medium_run_13/data/detail-11372.spop
ecology_test_2_medium_run_13,ecology_test_2_medium,11372,4639,463,463900,i,zero,11772,0.02537615865488252,/Users/alinaqvi/Desktop/github_projects/avida/work/ecology_test_2_medium_run_13/data/detail-11372.spop
ecology_test_2_medium_run_13,ecology_test_2_medium,11372,4639,463,463900,j,inc,13666,0.02945893511532658,/Users/alinaqvi/Desktop/github_projects/avida/work/ecology_test_2_medium_run_13/data/detail-11372.spop
ecology_test_2_medium_run_13,ecology_test_2_medium,11372,4639,463,463900,k,dec,5621,0.012116835524897607,/Users/alinaqvi/Desktop/github_projects/avida/work/ecology_test_2_medium_run_13/data/detail-11372.spop
ecology_test_2_medium_run_13,ecology_test_2_medium,11372,4639,463,463900,l,push,6380,0.013752964000862254,/Users/alinaqvi/Desktop/github_projects/avida/work/ecology_test_2_medium_run_13/data/detail-11372.spop
ecology_test_2_medium_run_13,ecology_test_2_medium,11372,4639,463,463900,m,pop,3405,0.007339943953438241,/Users/alinaqvi/Desktop/github_projects/avida/work/ecology_test_2_medium_run_13/data/detail-11372.spop
ecology_test_2_medium_run_13,ecology_test_2_medium,11372,4639,463,463900,n,swap-stk,5049,0.010883811166199612,/Users/alinaqvi/Desktop/github_projects/avida/work/ecology_test_2_medium_run_13/data/detail-11372.spop
ecology_test_2_medium_run_13,ecology_test_2_medium,11372,4639,463,463900,o,swap,8753,0.018868290579866352,/Users/alinaqvi/Desktop/github_projects/avida/work/ecology_test_2_medium_run_13/data/detail-11372.spop
ecology_test_2_medium_run_13,ecology_test_2_medium,11372,4639,463,463900,p,add,8829,0.01903211899116189,/Users/alinaqvi/Desktop/github_projects/avida/work/ecology_test_2_medium_run_13/data/detail-11372.spop
ecology_test_2_medium_run_13,ecology_test_2_medium,11372,4639,463,463900,q,sub,6049,0.013039448156930374,/Users/alinaqvi/Desktop/github_projects/avida/work/ecology_test_2_medium_run_13/data/detail-11372.spop
ecology_test_2_medium_run_13,ecology_test_2_medium,11372,4639,463,463900,r,nand,10224,0.0220392325932313,/Users/alinaqvi/Desktop/github_projects/avida/work/ecology_test_2_medium_run_13/data/detail-11372.spop
ecology_test_2_medium_run_13,ecology_test_2_medium,11372,4639,463,463900,s,repro,16535,0.035643457641733135,/Users/alinaqvi/Desktop/github_projects/avida/work/ecology_test_2_medium_run_13/data/detail-11372.spop
ecology_test_2_medium_run_13,ecology_test_2_medium,11372,4639,463,463900,t,repro-semel,13615,0.02934899762879931,/Users/alinaqvi/Desktop/github_projects/avida/work/ecology_test_2_medium_run_13/data/detail-11372.spop
ecology_test_2_medium_run_13,ecology_test_2_medium,11372,4639,463,463900,u,move,11589,0.024981677085578788,/Users/alinaqvi/Desktop/github_projects/avida/work/ecology_test_2_medium_run_13/data/detail-11372.spop
ecology_test_2_medium_run_13,ecology_test_2_medium,11372,4639,463,463900,v,rotate-left-one,14479,0.031211467988790688,/Users/alinaqvi/Desktop/github_projects/avida/work/ecology_test_2_medium_run_13/data/detail-11372.spop
ecology_test_2_medium_run_13,ecology_test_2_medium,11372,4639,463,463900,w,rotate-right-one,5076,0.010942013364949342,/Users/alinaqvi/Desktop/github_projects/avida/work/ecology_test_2_medium_run_13/data/detail-11372.spop
ecology_test_2_medium_run_13,ecology_test_2_medium,11372,4639,463,463900,x,sense-resource0,13599,0.029314507436947617,/Users/alinaqvi/Desktop/github_projects/avida/work/ecology_test_2_medium_run_13/data/detail-11372.spop
ecology_test_2_medium_run_13,ecology_test_2_medium,11372,4639,463,463900,y,sense-faced-resource0,3894,0.008394050441905583,/Users/alinaqvi/Desktop/github_projects/avida/work/ecology_test_2_medium_run_13/data/detail-11372.spop
ecology_test_2_medium_run_14,ecology_test_2_medium,137450,10449,442,1044900,a,nop-B,74093,0.07090917791176189,/Users/alinaqvi/Desktop/github_projects/avida/work/ecology_test_2_medium_run_14/data/detail-137450.spop
ecology_test_2_medium_run_14,ecology_test_2_medium,137450,10449,442,1044900,b,nop-C,116554,0.11154560244999522,/Users/alinaqvi/Desktop/github_projects/avida/work/ecology_test_2_medium_run_14/data/detail-137450.spop
ecology_test_2_medium_run_14,ecology_test_2_medium,137450,10449,442,1044900,c,if-n-equ,32205,0.03082113120872811,/Users/alinaqvi/Desktop/github_projects/avida/work/ecology_test_2_medium_run_14/data/detail-137450.spop
ecology_test_2_medium_run_14,ecology_test_2_medium,137450,10449,442,1044900,d,if-less,28013,0.026809264044406162,/Users/alinaqvi/Desktop/github_projects/avida/work/ecology_test_2_medium_run_14/data/detail-137450.spop
ecology_test_2_medium_run_14,ecology_test_2_medium,137450,10449,442,1044900,e,if-not-0,22648,0.021674801416403485,/Users/alinaqvi/Desktop/github_projects/avida/work/ecology_test_2_medium_run_14/data/detail-137450.spop
ecology_test_2_medium_run_14,ecology_test_2_medium,137450,10449,442,1044900,f,if-les-0,60987,0.058366350846971005,/Users/alinaqvi/Desktop/github_projects/avida/work/ecology_test_2_medium_run_14/data/detail-137450.spop
ecology_test_2_medium_run_14,ecology_test_2_medium,137450,10449,442,1044900,g,if-grt-0,21879,0.020938845822566752,/Users/alinaqvi/Desktop/github_projects/avida/work/ecology_test_2_medium_run_14/data/detail-137450.spop
ecology_test_2_medium_run_14,ecology_test_2_medium,137450,10449,442,1044900,h,if-label,40424,0.03868695568953967,/Users/alinaqvi/Desktop/github_projects/avida/work/ecology_test_2_medium_run_14/data/detail-137450.spop
ecology_test_2_medium_run_14,ecology_test_2_medium,137450,10449,442,1044900,i,zero,27172,0.02600440233515169,/Users/alinaqvi/Desktop/github_projects/avida/work/ecology_test_2_medium_run_14/data/detail-137450.spop
ecology_test_2_medium_run_14,ecology_test_2_medium,137450,10449,442,1044900,j,inc,31526,0.030171308259163556,/Users/alinaqvi/Desktop/github_projects/avida/work/ecology_test_2_medium_run_14/data/detail-137450.spop
ecology_test_2_medium_run_14,ecology_test_2_medium,137450,10449,442,1044900,k,dec,23601,0.022586850416307782,/Users/alinaqvi/Desktop/github_projects/avida/work/ecology_test_2_medium_run_14/data/detail-137450.spop
ecology_test_2_medium_run_14,ecology_test_2_medium,137450,10449,442,1044900,l,push,31182,0.029842090152167672,/Users/alinaqvi/Desktop/github_projects/avida/work/ecology_test_2_medium_run_14/data/detail-137450.spop
ecology_test_2_medium_run_14,ecology_test_2_medium,137450,10449,442,1044900,m,pop,10780,0.01031677672504546,/Users/alinaqvi/Desktop/github_projects/avida/work/ecology_test_2_medium_run_14/data/detail-137450.spop
ecology_test_2_medium_run_14,ecology_test_2_medium,137450,10449,442,1044900,n,swap-stk,31688,0.030326347018853478,/Users/alinaqvi/Desktop/github_projects/avida/work/ecology_test_2_medium_run_14/data/detail-137450.spop
ecology_test_2_medium_run_14,ecology_test_2_medium,137450,10449,442,1044900,o,swap,42356,0.04053593645324911,/Users/alinaqvi/Desktop/github_projects/avida/work/ecology_test_2_medium_run_14/data/detail-137450.spop
ecology_test_2_medium_run_14,ecology_test_2_medium,137450,10449,442,1044900,p,add,41488,0.039705234950712986,/Users/alinaqvi/Desktop/github_projects/avida/work/ecology_test_2_medium_run_14/data/detail-137450.spop
ecology_test_2_medium_run_14,ecology_test_2_medium,137450,10449,442,1044900,q,sub,36038,0.03448942482534214,/Users/alinaqvi/Desktop/github_projects/avida/work/ecology_test_2_medium_run_14/data/detail-137450.spop
ecology_test_2_medium_run_14,ecology_test_2_medium,137450,10449,442,1044900,r,nand,20659,0.019771269977988323,/Users/alinaqvi/Desktop/github_projects/avida/work/ecology_test_2_medium_run_14/data/detail-137450.spop
ecology_test_2_medium_run_14,ecology_test_2_medium,137450,10449,442,1044900,s,repro,53763,0.05145277060005742,/Users/alinaqvi/Desktop/github_projects/avida/work/ecology_test_2_medium_run_14/data/detail-137450.spop
ecology_test_2_medium_run_14,ecology_test_2_medium,137450,10449,442,1044900,t,repro-semel,21864,0.020924490381854722,/Users/alinaqvi/Desktop/github_projects/avida/work/ecology_test_2_medium_run_14/data/detail-137450.spop
ecology_test_2_medium_run_14,ecology_test_2_medium,137450,10449,442,1044900,u,move,213029,0.20387501196286725,/Users/alinaqvi/Desktop/github_projects/avida/work/ecology_test_2_medium_run_14/data/detail-137450.spop
ecology_test_2_medium_run_14,ecology_test_2_medium,137450,10449,442,1044900,v,rotate-left-one,21895,0.020954158292659585,/Users/alinaqvi/Desktop/github_projects/avida/work/ecology_test_2_medium_run_14/data/detail-137450.spop
ecology_test_2_medium_run_14,ecology_test_2_medium,137450,10449,442,1044900,w,rotate-right-one,19855,0.019001818355823524,/Users/alinaqvi/Desktop/github_projects/avida/work/ecology_test_2_medium_run_14/data/detail-137450.spop
ecology_test_2_medium_run_14,ecology_test_2_medium,137450,10449,442,1044900,x,sense-resource0,10419,0.00997128911857594,/Users/alinaqvi/Desktop/github_projects/avida/work/ecology_test_2_medium_run_14/data/detail-137450.spop
ecology_test_2_medium_run_14,ecology_test_2_medium,137450,10449,442,1044900,y,sense-faced-resource0,10782,0.010318690783807063,/Users/alinaqvi/Desktop/github_projects/avida/work/ecology_test_2_medium_run_14/data/detail-137450.spop
ecology_test_2_medium_run_15,ecology_test_2_medium,3446,2256,312,225600,a,nop-B,854,0.0037854609929078016,/Users/alinaqvi/Desktop/github_projects/avida/work/ecology_test_2_medium_run_15/data/detail-3446.spop
ecology_test_2_medium_run_15,ecology_test_2_medium,3446,2256,312,225600,b,nop-C,174423,0.7731515957446808,/Users/alinaqvi/Desktop/github_projects/avida/work/ecology_test_2_medium_run_15/data/detail-3446.spop
ecology_test_2_medium_run_15,ecology_test_2_medium,3446,2256,312,225600,c,if-n-equ,743,0.0032934397163120565,/Users/alinaqvi/Desktop/github_projects/avida/work/ecology_test_2_medium_run_15/data/detail-3446.spop
ecology_test_2_medium_run_15,ecology_test_2_medium,3446,2256,312,225600,d,if-less,2185,0.009685283687943263,/Users/alinaqvi/Desktop/github_projects/avida/work/ecology_test_2_medium_run_15/data/detail-3446.spop
ecology_test_2_medium_run_15,ecology_test_2_medium,3446,2256,312,225600,e,if-not-0,256,0.0011347517730496454,/Users/alinaqvi/Desktop/github_projects/avida/work/ecology_test_2_medium_run_15/data/detail-3446.spop
ecology_test_2_medium_run_15,ecology_test_2_medium,3446,2256,312,225600,f,if-les-0,182,0.0008067375886524823,/Users/alinaqvi/Desktop/github_projects/avida/work/ecology_test_2_medium_run_15/data/detail-3446.spop
ecology_test_2_medium_run_15,ecology_test_2_medium,3446,2256,312,225600,g,if-grt-0,3604,0.01597517730496454,/Users/alinaqvi/Desktop/github_projects/avida/work/ecology_test_2_medium_run_15/data/detail-3446.spop
ecology_test_2_medium_run_15,ecology_test_2_medium,3446,2256,312,225600,h,if-label,2246,0.009955673758865248,/Users/alinaqvi/Desktop/github_projects/avida/work/ecology_test_2_medium_run_15/data/detail-3446.spop
ecology_test_2_medium_run_15,ecology_test_2_medium,3446,2256,312,225600,i,zero,182,0.0008067375886524823,/Users/alinaqvi/Desktop/github_projects/avida/work/ecology_test_2_medium_run_15/data/detail-3446.spop
ecology_test_2_medium_run_15,ecology_test_2_medium,3446,2256,312,225600,j,inc,2334,0.010345744680851063,/Users/alinaqvi/Desktop/github_projects/avida/work/ecology_test_2_medium_run_15/data/detail-3446.spop
ecology_test_2_medium_run_15,ecology_test_2_medium,3446,2256,312,225600,k,dec,2126,0.009423758865248226,/Users/alinaqvi/Desktop/github_projects/avida/work/ecology_test_2_medium_run_15/data/detail-3446.spop
ecology_test_2_medium_run_15,ecology_test_2_medium,3446,2256,312,225600,l,push,2340,0.010372340425531914,/Users/alinaqvi/Desktop/github_projects/avida/work/ecology_test_2_medium_run_15/data/detail-3446.spop
ecology_test_2_medium_run_15,ecology_test_2_medium,3446,2256,312,225600,m,pop,4460,0.01976950354609929,/Users/alinaqvi/Desktop/github_projects/avida/work/ecology_test_2_medium_run_15/data/detail-3446.spop
ecology_test_2_medium_run_15,ecology_test_2_medium,3446,2256,312,225600,n,swap-stk,2526,0.011196808510638298,/Users/alinaqvi/Desktop/github_projects/avida/work/ecology_test_2_medium_run_15/data/detail-3446.spop
ecology_test_2_medium_run_15,ecology_test_2_medium,3446,2256,312,225600,o,swap,451,0.001999113475177305,/Users/alinaqvi/Desktop/github_projects/avida/work/ecology_test_2_medium_run_15/data/detail-3446.spop
ecology_test_2_medium_run_15,ecology_test_2_medium,3446,2256,312,225600,p,add,985,0.00436613475177305,/Users/alinaqvi/Desktop/github_projects/avida/work/ecology_test_2_medium_run_15/data/detail-3446.spop
ecology_test_2_medium_run_15,ecology_test_2_medium,3446,2256,312,225600,q,sub,330,0.0014627659574468085,/Users/alinaqvi/Desktop/github_projects/avida/work/ecology_test_2_medium_run_15/data/detail-3446.spop
ecology_test_2_medium_run_15,ecology_test_2_medium,3446,2256,312,225600,r,nand,2337,0.01035904255319149,/Users/alinaqvi/Desktop/github_projects/avida/work/ecology_test_2_medium_run_15/data/detail-3446.spop
ecology_test_2_medium_run_15,ecology_test_2_medium,3446,2256,312,225600,s,repro,13846,0.06137411347517731,/Users/alinaqvi/Desktop/github_projects/avida/work/ecology_test_2_medium_run_15/data/detail-3446.spop
ecology_test_2_medium_run_15,ecology_test_2_medium,3446,2256,312,225600,t,repro-semel,4629,0.020518617021276594,/Users/alinaqvi/Desktop/github_projects/avida/work/ecology_test_2_medium_run_15/data/detail-3446.spop
ecology_test_2_medium_run_15,ecology_test_2_medium,3446,2256,312,225600,u,move,2732,0.012109929078014184,/Users/alinaqvi/Desktop/github_projects/avida/work/ecology_test_2_medium_run_15/data/detail-3446.spop
ecology_test_2_medium_run_15,ecology_test_2_medium,3446,2256,312,225600,v,rotate-left-one,106,0.0004698581560283688,/Users/alinaqvi/Desktop/github_projects/avida/work/ecology_test_2_medium_run_15/data/detail-3446.spop
ecology_test_2_medium_run_15,ecology_test_2_medium,3446,2256,312,225600,w,rotate-right-one,758,0.0033599290780141843,/Users/alinaqvi/Desktop/github_projects/avida/work/ecology_test_2_medium_run_15/data/detail-3446.spop
ecology_test_2_medium_run_15,ecology_test_2_medium,3446,2256,312,225600,x,sense-resource0,450,0.0019946808510638296,/Users/alinaqvi/Desktop/github_projects/avida/work/ecology_test_2_medium_run_15/data/detail-3446.spop
ecology_test_2_medium_run_15,ecology_test_2_medium,3446,2256,312,225600,y,sense-faced-resource0,515,0.002282801418439716,/Users/alinaqvi/Desktop/github_projects/avida/work/ecology_test_2_medium_run_15/data/detail-3446.spop
ecology_test_2_medium_run_16,ecology_test_2_medium,0,182,2,18200,a,nop-B,0,0.0,/Users/alinaqvi/Desktop/github_projects/avida/work/ecology_test_2_medium_run_16/data/detail-0.spop
ecology_test_2_medium_run_16,ecology_test_2_medium,0,182,2,18200,b,nop-C,17718,0.9735164835164836,/Users/alinaqvi/Desktop/github_projects/avida/work/ecology_test_2_medium_run_16/data/detail-0.spop
ecology_test_2_medium_run_16,ecology_test_2_medium,0,182,2,18200,c,if-n-equ,0,0.0,/Users/alinaqvi/Desktop/github_projects/avida/work/ecology_test_2_medium_run_16/data/detail-0.spop
ecology_test_2_medium_run_16,ecology_test_2_medium,0,182,2,18200,d,if-less,0,0.0,/Users/alinaqvi/Desktop/github_projects/avida/work/ecology_test_2_medium_run_16/data/detail-0.spop
ecology_test_2_medium_run_16,ecology_test_2_medium,0,182,2,18200,e,if-not-0,0,0.0,/Users/alinaqvi/Desktop/github_projects/avida/work/ecology_test_2_medium_run_16/data/detail-0.spop
ecology_test_2_medium_run_16,ecology_test_2_medium,0,182,2,18200,f,if-les-0,0,0.0,/Users/alinaqvi/Desktop/github_projects/avida/work/ecology_test_2_medium_run_16/data/detail-0.spop
ecology_test_2_medium_run_16,ecology_test_2_medium,0,182,2,18200,g,if-grt-0,0,0.0,/Users/alinaqvi/Desktop/github_projects/avida/work/ecology_test_2_medium_run_16/data/detail-0.spop
ecology_test_2_medium_run_16,ecology_test_2_medium,0,182,2,18200,h,if-label,0,0.0,/Users/alinaqvi/Desktop/github_projects/avida/work/ecology_test_2_medium_run_16/data/detail-0.spop
ecology_test_2_medium_run_16,ecology_test_2_medium,0,182,2,18200,i,zero,0,0.0,/Users/alinaqvi/Desktop/github_projects/avida/work/ecology_test_2_medium_run_16/data/detail-0.spop
ecology_test_2_medium_run_16,ecology_test_2_medium,0,182,2,18200,j,inc,0,0.0,/Users/alinaqvi/Desktop/github_projects/avida/work/ecology_test_2_medium_run_16/data/detail-0.spop
ecology_test_2_medium_run_16,ecology_test_2_medium,0,182,2,18200,k,dec,0,0.0,/Users/alinaqvi/Desktop/github_projects/avida/work/ecology_test_2_medium_run_16/data/detail-0.spop
ecology_test_2_medium_run_16,ecology_test_2_medium,0,182,2,18200,l,push,0,0.0,/Users/alinaqvi/Desktop/github_projects/avida/work/ecology_test_2_medium_run_16/data/detail-0.spop
ecology_test_2_medium_run_16,ecology_test_2_medium,0,182,2,18200,m,pop,0,0.0,/Users/alinaqvi/Desktop/github_projects/avida/work/ecology_test_2_medium_run_16/data/detail-0.spop
ecology_test_2_medium_run_16,ecology_test_2_medium,0,182,2,18200,n,swap-stk,0,0.0,/Users/alinaqvi/Desktop/github_projects/avida/work/ecology_test_2_medium_run_16/data/detail-0.spop
ecology_test_2_medium_run_16,ecology_test_2_medium,0,182,2,18200,o,swap,0,0.0,/Users/alinaqvi/Desktop/github_projects/avida/work/ecology_test_2_medium_run_16/data/detail-0.spop
ecology_test_2_medium_run_16,ecology_test_2_medium,0,182,2,18200,p,add,0,0.0,/Users/alinaqvi/Desktop/github_projects/avida/work/ecology_test_2_medium_run_16/data/detail-0.spop
ecology_test_2_medium_run_16,ecology_test_2_medium,0,182,2,18200,q,sub,0,0.0,/Users/alinaqvi/Desktop/github_projects/avida/work/ecology_test_2_medium_run_16/data/detail-0.spop
ecology_test_2_medium_run_16,ecology_test_2_medium,0,182,2,18200,r,nand,0,0.0,/Users/alinaqvi/Desktop/github_projects/avida/work/ecology_test_2_medium_run_16/data/detail-0.spop
ecology_test_2_medium_run_16,ecology_test_2_medium,0,182,2,18200,s,repro,400,0.02197802197802198,/Users/alinaqvi/Desktop/github_projects/avida/work/ecology_test_2_medium_run_16/data/detail-0.spop
ecology_test_2_medium_run_16,ecology_test_2_medium,0,182,2,18200,t,repro-semel,82,0.004505494505494505,/Users/alinaqvi/Desktop/github_projects/avida/work/ecology_test_2_medium_run_16/data/detail-0.spop
ecology_test_2_medium_run_16,ecology_test_2_medium,0,182,2,18200,u,move,0,0.0,/Users/alinaqvi/Desktop/github_projects/avida/work/ecology_test_2_medium_run_16/data/detail-0.spop
ecology_test_2_medium_run_16,ecology_test_2_medium,0,182,2,18200,v,rotate-left-one,0,0.0,/Users/alinaqvi/Desktop/github_projects/avida/work/ecology_test_2_medium_run_16/data/detail-0.spop
ecology_test_2_medium_run_16,ecology_test_2_medium,0,182,2,18200,w,rotate-right-one,0,0.0,/Users/alinaqvi/Desktop/github_projects/avida/work/ecology_test_2_medium_run_16/data/detail-0.spop
ecology_test_2_medium_run_16,ecology_test_2_medium,0,182,2,18200,x,sense-resource0,0,0.0,/Users/alinaqvi/Desktop/github_projects/avida/work/ecology_test_2_medium_run_16/data/detail-0.spop
ecology_test_2_medium_run_16,ecology_test_2_medium,0,182,2,18200,y,sense-faced-resource0,0,0.0,/Users/alinaqvi/Desktop/github_projects/avida/work/ecology_test_2_medium_run_16/data/detail-0.spop
ecology_test_2_medium_run_17,ecology_test_2_medium,4065,1962,205,196200,a,nop-B,1299,0.006620795107033639,/Users/alinaqvi/Desktop/github_projects/avida/work/ecology_test_2_medium_run_17/data/detail-4065.spop
ecology_test_2_medium_run_17,ecology_test_2_medium,4065,1962,205,196200,b,nop-C,151988,0.7746585117227319,/Users/alinaqvi/Desktop/github_projects/avida/work/ecology_test_2_medium_run_17/data/detail-4065.spop
ecology_test_2_medium_run_17,ecology_test_2_medium,4065,1962,205,196200,c,if-n-equ,1100,0.0056065239551478085,/Users/alinaqvi/Desktop/github_projects/avida/work/ecology_test_2_medium_run_17/data/detail-4065.spop
ecology_test_2_medium_run_17,ecology_test_2_medium,4065,1962,205,196200,d,if-less,284,0.0014475025484199796,/Users/alinaqvi/Desktop/github_projects/avida/work/ecology_test_2_medium_run_17/data/detail-4065.spop
ecology_test_2_medium_run_17,ecology_test_2_medium,4065,1962,205,196200,e,if-not-0,265,0.0013506625891946992,/Users/alinaqvi/Desktop/github_projects/avida/work/ecology_test_2_medium_run_17/data/detail-4065.spop
ecology_test_2_medium_run_17,ecology_test_2_medium,4065,1962,205,196200,f,if-les-0,545,0.002777777777777778,/Users/alinaqvi/Desktop/github_projects/avida/work/ecology_test_2_medium_run_17/data/detail-4065.spop
ecology_test_2_medium_run_17,ecology_test_2_medium,4065,1962,205,196200,g,if-grt-0,2036,0.01037716615698267,/Users/alinaqvi/Desktop/github_projects/avida/work/ecology_test_2_medium_run_17/data/detail-4065.spop
ecology_test_2_medium_run_17,ecology_test_2_medium,4065,1962,205,196200,h,if-label,2421,0.012339449541284403,/Users/alinaqvi/Desktop/github_projects/avida/work/ecology_test_2_medium_run_17/data/detail-4065.spop
ecology_test_2_medium_run_17,ecology_test_2_medium,4065,1962,205,196200,i,zero,1446,0.007370030581039755,/Users/alinaqvi/Desktop/github_projects/avida/work/ecology_test_2_medium_run_17/data/detail-4065.spop
ecology_test_2_medium_run_17,ecology_test_2_medium,4065,1962,205,196200,j,inc,3084,0.015718654434250766,/Users/alinaqvi/Desktop/github_projects/avida/work/ecology_test_2_medium_run_17/data/detail-4065.spop
ecology_test_2_medium_run_17,ecology_test_2_medium,4065,1962,205,196200,k,dec,2539,0.012940876656472988,/Users/alinaqvi/Desktop/github_projects/avida/work/ecology_test_2_medium_run_17/data/detail-4065.spop
ecology_test_2_medium_run_17,ecology_test_2_medium,4065,1962,205,196200,l,push,1398,0.0071253822629969415,/Users/alinaqvi/Desktop/github_projects/avida/work/ecology_test_2_medium_run_17/data/detail-4065.spop
ecology_test_2_medium_run_17,ecology_test_2_medium,4065,1962,205,196200,m,pop,1168,0.005953109072375127,/Users/alinaqvi/Desktop/github_projects/avida/work/ecology_test_2_medium_run_17/data/detail-4065.spop
ecology_test_2_medium_run_17,ecology_test_2_medium,4065,1962,205,196200,n,swap-stk,1163,0.005927624872579001,/Users/alinaqvi/Desktop/github_projects/avida/work/ecology_test_2_medium_run_17/data/detail-4065.spop
ecology_test_2_medium_run_17,ecology_test_2_medium,4065,1962,205,196200,o,swap,1404,0.007155963302752293,/Users/alinaqvi/Desktop/github_projects/avida/work/ecology_test_2_medium_run_17/data/detail-4065.spop
ecology_test_2_medium_run_17,ecology_test_2_medium,4065,1962,205,196200,p,add,452,0.0023037716615698267,/Users/alinaqvi/Desktop/github_projects/avida/work/ecology_test_2_medium_run_17/data/detail-4065.spop
ecology_test_2_medium_run_17,ecology_test_2_medium,4065,1962,205,196200,q,sub,2455,0.012512742099898062,/Users/alinaqvi/Desktop/github_projects/avida/work/ecology_test_2_medium_run_17/data/detail-4065.spop
ecology_test_2_medium_run_17,ecology_test_2_medium,4065,1962,205,196200,r,nand,3400,0.017329255861365953,/Users/alinaqvi/Desktop/github_projects/avida/work/ecology_test_2_medium_run_17/data/detail-4065.spop
ecology_test_2_medium_run_17,ecology_test_2_medium,4065,1962,205,196200,s,repro,7294,0.037176350662589196,/Users/alinaqvi/Desktop/github_projects/avida/work/ecology_test_2_medium_run_17/data/detail-4065.spop
ecology_test_2_medium_run_17,ecology_test_2_medium,4065,1962,205,196200,t,repro-semel,2607,0.013287461773700306,/Users/alinaqvi/Desktop/github_projects/avida/work/ecology_test_2_medium_run_17/data/detail-4065.spop
ecology_test_2_medium_run_17,ecology_test_2_medium,4065,1962,205,196200,u,move,1776,0.009051987767584098,/Users/alinaqvi/Desktop/github_projects/avida/work/ecology_test_2_medium_run_17/data/detail-4065.spop
ecology_test_2_medium_run_17,ecology_test_2_medium,4065,1962,205,196200,v,rotate-left-one,709,0.003613659531090724,/Users/alinaqvi/Desktop/github_projects/avida/work/ecology_test_2_medium_run_17/data/detail-4065.spop
ecology_test_2_medium_run_17,ecology_test_2_medium,4065,1962,205,196200,w,rotate-right-one,3395,0.017303771661569826,/Users/alinaqvi/Desktop/github_projects/avida/work/ecology_test_2_medium_run_17/data/detail-4065.spop
ecology_test_2_medium_run_17,ecology_test_2_medium,4065,1962,205,196200,x,sense-resource0,370,0.0018858307849133537,/Users/alinaqvi/Desktop/github_projects/avida/work/ecology_test_2_medium_run_17/data/detail-4065.spop
ecology_test_2_medium_run_17,ecology_test_2_medium,4065,1962,205,196200,y,sense-faced-resource0,1602,0.0081651376146789,/Users/alinaqvi/Desktop/github_projects/avida/work/ecology_test_2_medium_run_17/data/detail-4065.spop
ecology_test_2_medium_run_18,ecology_test_2_medium,0,166,2,16600,a,nop-B,0,0.0,/Users/alinaqvi/Desktop/github_projects/avida/work/ecology_test_2_medium_run_18/data/detail-0.spop
ecology_test_2_medium_run_18,ecology_test_2_medium,0,166,2,16600,b,nop-C,16134,0.9719277108433735,/Users/alinaqvi/Desktop/github_projects/avida/work/ecology_test_2_medium_run_18/data/detail-0.spop
ecology_test_2_medium_run_18,ecology_test_2_medium,0,166,2,16600,c,if-n-equ,0,0.0,/Users/alinaqvi/Desktop/github_projects/avida/work/ecology_test_2_medium_run_18/data/detail-0.spop
ecology_test_2_medium_run_18,ecology_test_2_medium,0,166,2,16600,d,if-less,0,0.0,/Users/alinaqvi/Desktop/github_projects/avida/work/ecology_test_2_medium_run_18/data/detail-0.spop
ecology_test_2_medium_run_18,ecology_test_2_medium,0,166,2,16600,e,if-not-0,0,0.0,/Users/alinaqvi/Desktop/github_projects/avida/work/ecology_test_2_medium_run_18/data/detail-0.spop
ecology_test_2_medium_run_18,ecology_test_2_medium,0,166,2,16600,f,if-les-0,0,0.0,/Users/alinaqvi/Desktop/github_projects/avida/work/ecology_test_2_medium_run_18/data/detail-0.spop
ecology_test_2_medium_run_18,ecology_test_2_medium,0,166,2,16600,g,if-grt-0,0,0.0,/Users/alinaqvi/Desktop/github_projects/avida/work/ecology_test_2_medium_run_18/data/detail-0.spop
ecology_test_2_medium_run_18,ecology_test_2_medium,0,166,2,16600,h,if-label,0,0.0,/Users/alinaqvi/Desktop/github_projects/avida/work/ecology_test_2_medium_run_18/data/detail-0.spop
ecology_test_2_medium_run_18,ecology_test_2_medium,0,166,2,16600,i,zero,0,0.0,/Users/alinaqvi/Desktop/github_projects/avida/work/ecology_test_2_medium_run_18/data/detail-0.spop
ecology_test_2_medium_run_18,ecology_test_2_medium,0,166,2,16600,j,inc,0,0.0,/Users/alinaqvi/Desktop/github_projects/avida/work/ecology_test_2_medium_run_18/data/detail-0.spop
ecology_test_2_medium_run_18,ecology_test_2_medium,0,166,2,16600,k,dec,0,0.0,/Users/alinaqvi/Desktop/github_projects/avida/work/ecology_test_2_medium_run_18/data/detail-0.spop
ecology_test_2_medium_run_18,ecology_test_2_medium,0,166,2,16600,l,push,0,0.0,/Users/alinaqvi/Desktop/github_projects/avida/work/ecology_test_2_medium_run_18/data/detail-0.spop
ecology_test_2_medium_run_18,ecology_test_2_medium,0,166,2,16600,m,pop,0,0.0,/Users/alinaqvi/Desktop/github_projects/avida/work/ecology_test_2_medium_run_18/data/detail-0.spop
ecology_test_2_medium_run_18,ecology_test_2_medium,0,166,2,16600,n,swap-stk,0,0.0,/Users/alinaqvi/Desktop/github_projects/avida/work/ecology_test_2_medium_run_18/data/detail-0.spop
ecology_test_2_medium_run_18,ecology_test_2_medium,0,166,2,16600,o,swap,0,0.0,/Users/alinaqvi/Desktop/github_projects/avida/work/ecology_test_2_medium_run_18/data/detail-0.spop
ecology_test_2_medium_run_18,ecology_test_2_medium,0,166,2,16600,p,add,0,0.0,/Users/alinaqvi/Desktop/github_projects/avida/work/ecology_test_2_medium_run_18/data/detail-0.spop
ecology_test_2_medium_run_18,ecology_test_2_medium,0,166,2,16600,q,sub,0,0.0,/Users/alinaqvi/Desktop/github_projects/avida/work/ecology_test_2_medium_run_18/data/detail-0.spop
ecology_test_2_medium_run_18,ecology_test_2_medium,0,166,2,16600,r,nand,0,0.0,/Users/alinaqvi/Desktop/github_projects/avida/work/ecology_test_2_medium_run_18/data/detail-0.spop
ecology_test_2_medium_run_18,ecology_test_2_medium,0,166,2,16600,s,repro,400,0.024096385542168676,/Users/alinaqvi/Desktop/github_projects/avida/work/ecology_test_2_medium_run_18/data/detail-0.spop
ecology_test_2_medium_run_18,ecology_test_2_medium,0,166,2,16600,t,repro-semel,66,0.003975903614457831,/Users/alinaqvi/Desktop/github_projects/avida/work/ecology_test_2_medium_run_18/data/detail-0.spop
ecology_test_2_medium_run_18,ecology_test_2_medium,0,166,2,16600,u,move,0,0.0,/Users/alinaqvi/Desktop/github_projects/avida/work/ecology_test_2_medium_run_18/data/detail-0.spop
ecology_test_2_medium_run_18,ecology_test_2_medium,0,166,2,16600,v,rotate-left-one,0,0.0,/Users/alinaqvi/Desktop/github_projects/avida/work/ecology_test_2_medium_run_18/data/detail-0.spop
ecology_test_2_medium_run_18,ecology_test_2_medium,0,166,2,16600,w,rotate-right-one,0,0.0,/Users/alinaqvi/Desktop/github_projects/avida/work/ecology_test_2_medium_run_18/data/detail-0.spop
ecology_test_2_medium_run_18,ecology_test_2_medium,0,166,2,16600,x,sense-resource0,0,0.0,/Users/alinaqvi/Desktop/github_projects/avida/work/ecology_test_2_medium_run_18/data/detail-0.spop
ecology_test_2_medium_run_18,ecology_test_2_medium,0,166,2,16600,y,sense-faced-resource0,0,0.0,/Users/alinaqvi/Desktop/github_projects/avida/work/ecology_test_2_medium_run_18/data/detail-0.spop
ecology_test_2_medium_run_19,ecology_test_2_medium,106649,4195,379,419500,a,nop-B,22992,0.054808104886769966,/Users/alinaqvi/Desktop/github_projects/avida/work/ecology_test_2_medium_run_19/data/detail-106649.spop
ecology_test_2_medium_run_19,ecology_test_2_medium,106649,4195,379,419500,b,nop-C,90184,0.21497973778307508,/Users/alinaqvi/Desktop/github_projects/avida/work/ecology_test_2_medium_run_19/data/detail-106649.spop
ecology_test_2_medium_run_19,ecology_test_2_medium,106649,4195,379,419500,c,if-n-equ,12591,0.03001430274135876,/Users/alinaqvi/Desktop/github_projects/avida/work/ecology_test_2_medium_run_19/data/detail-106649.spop
ecology_test_2_medium_run_19,ecology_test_2_medium,106649,4195,379,419500,d,if-less,30824,0.07347794994040524,/Users/alinaqvi/Desktop/github_projects/avida/work/ecology_test_2_medium_run_19/data/detail-106649.spop
ecology_test_2_medium_run_19,ecology_test_2_medium,106649,4195,379,419500,e,if-not-0,14241,0.03394755661501788,/Users/alinaqvi/Desktop/github_projects/avida/work/ecology_test_2_medium_run_19/data/detail-106649.spop
ecology_test_2_medium_run_19,ecology_test_2_medium,106649,4195,379,419500,f,if-les-0,22287,0.05312753277711561,/Users/alinaqvi/Desktop/github_projects/avida/work/ecology_test_2_medium_run_19/data/detail-106649.spop
ecology_test_2_medium_run_19,ecology_test_2_medium,106649,4195,379,419500,g,if-grt-0,13592,0.03240047675804529,/Users/alinaqvi/Desktop/github_projects/avida/work/ecology_test_2_medium_run_19/data/detail-106649.spop
ecology_test_2_medium_run_19,ecology_test_2_medium,106649,4195,379,419500,h,if-label,16892,0.04026698450536353,/Users/alinaqvi/Desktop/github_projects/avida/work/ecology_test_2_medium_run_19/data/detail-106649.spop
ecology_test_2_medium_run_19,ecology_test_2_medium,106649,4195,379,419500,i,zero,1701,0.004054827175208582,/Users/alinaqvi/Desktop/github_projects/avida/work/ecology_test_2_medium_run_19/data/detail-106649.spop
ecology_test_2_medium_run_19,ecology_test_2_medium,106649,4195,379,419500,j,inc,18354,0.043752085816448155,/Users/alinaqvi/Desktop/github_projects/avida/work/ecology_test_2_medium_run_19/data/detail-106649.spop
ecology_test_2_medium_run_19,ecology_test_2_medium,106649,4195,379,419500,k,dec,13038,0.031079856972586414,/Users/alinaqvi/Desktop/github_projects/avida/work/ecology_test_2_medium_run_19/data/detail-106649.spop
ecology_test_2_medium_run_19,ecology_test_2_medium,106649,4195,379,419500,l,push,6605,0.01574493444576877,/Users/alinaqvi/Desktop/github_projects/avida/work/ecology_test_2_medium_run_19/data/detail-106649.spop
ecology_test_2_medium_run_19,ecology_test_2_medium,106649,4195,379,419500,m,pop,10247,0.02442669845053635,/Users/alinaqvi/Desktop/github_projects/avida/work/ecology_test_2_medium_run_19/data/detail-106649.spop
ecology_test_2_medium_run_19,ecology_test_2_medium,106649,4195,379,419500,n,swap-stk,13977,0.03331823599523242,/Users/alinaqvi/Desktop/github_projects/avida/work/ecology_test_2_medium_run_19/data/detail-106649.spop
ecology_test_2_medium_run_19,ecology_test_2_medium,106649,4195,379,419500,o,swap,9452,0.022531585220500597,/Users/alinaqvi/Desktop/github_projects/avida/work/ecology_test_2_medium_run_19/data/detail-106649.spop
ecology_test_2_medium_run_19,ecology_test_2_medium,106649,4195,379,419500,p,add,10659,0.025408820023837903,/Users/alinaqvi/Desktop/github_projects/avida/work/ecology_test_2_medium_run_19/data/detail-106649.spop
ecology_test_2_medium_run_19,ecology_test_2_medium,106649,4195,379,419500,q,sub,16733,0.03988796185935638,/Users/alinaqvi/Desktop/github_projects/avida/work/ecology_test_2_medium_run_19/data/detail-106649.spop
ecology_test_2_medium_run_19,ecology_test_2_medium,106649,4195,379,419500,r,nand,10970,0.026150178784266984,/Users/alinaqvi/Desktop/github_projects/avida/work/ecology_test_2_medium_run_19/data/detail-106649.spop
ecology_test_2_medium_run_19,ecology_test_2_medium,106649,4195,379,419500,s,repro,17209,0.04102264600715137,/Users/alinaqvi/Desktop/github_projects/avida/work/ecology_test_2_medium_run_19/data/detail-106649.spop
ecology_test_2_medium_run_19,ecology_test_2_medium,106649,4195,379,419500,t,repro-semel,12091,0.028822407628128724,/Users/alinaqvi/Desktop/github_projects/avida/work/ecology_test_2_medium_run_19/data/detail-106649.spop
ecology_test_2_medium_run_19,ecology_test_2_medium,106649,4195,379,419500,u,move,10455,0.024922526817640046,/Users/alinaqvi/Desktop/github_projects/avida/work/ecology_test_2_medium_run_19/data/detail-106649.spop
ecology_test_2_medium_run_19,ecology_test_2_medium,106649,4195,379,419500,v,rotate-left-one,5027,0.01198331346841478,/Users/alinaqvi/Desktop/github_projects/avida/work/ecology_test_2_medium_run_19/data/detail-106649.spop
ecology_test_2_medium_run_19,ecology_test_2_medium,106649,4195,379,419500,w,rotate-right-one,9045,0.021561382598331347,/Users/alinaqvi/Desktop/github_projects/avida/work/ecology_test_2_medium_run_19/data/detail-106649.spop
ecology_test_2_medium_run_19,ecology_test_2_medium,106649,4195,379,419500,x,sense-resource0,5845,0.013933253873659119,/Users/alinaqvi/Desktop/github_projects/avida/work/ecology_test_2_medium_run_19/data/detail-106649.spop
ecology_test_2_medium_run_19,ecology_test_2_medium,106649,4195,379,419500,y,sense-faced-resource0,24489,0.05837663885578069,/Users/alinaqvi/Desktop/github_projects/avida/work/ecology_test_2_medium_run_19/data/detail-106649.spop
ecology_test_2_medium_run_20,ecology_test_2_medium,72276,3930,449,393000,a,nop-B,30149,0.07671501272264632,/Users/alinaqvi/Desktop/github_projects/avida/work/ecology_test_2_medium_run_20/data/detail-72276.spop
ecology_test_2_medium_run_20,ecology_test_2_medium,72276,3930,449,393000,b,nop-C,42337,0.10772773536895675,/Users/alinaqvi/Desktop/github_projects/avida/work/ecology_test_2_medium_run_20/data/detail-72276.spop
ecology_test_2_medium_run_20,ecology_test_2_medium,72276,3930,449,393000,c,if-n-equ,15568,0.03961323155216285,/Users/alinaqvi/Desktop/github_projects/avida/work/ecology_test_2_medium_run_20/data/detail-72276.spop
ecology_test_2_medium_run_20,ecology_test_2_medium,72276,3930,449,393000,d,if-less,14852,0.03779134860050891,/Users/alinaqvi/Desktop/github_projects/avida/work/ecology_test_2_medium_run_20/data/detail-72276.spop
ecology_test_2_medium_run_20,ecology_test_2_medium,72276,3930,449,393000,e,if-not-0,725,0.0018447837150127227,/Users/alinaqvi/Desktop/github_projects/avida/work/ecology_test_2_medium_run_20/data/detail-72276.spop
ecology_test_2_medium_run_20,ecology_test_2_medium,72276,3930,449,393000,f,if-les-0,11986,0.030498727735368956,/Users/alinaqvi/Desktop/github_projects/avida/work/ecology_test_2_medium_run_20/data/detail-72276.spop
ecology_test_2_medium_run_20,ecology_test_2_medium,72276,3930,449,393000,g,if-grt-0,11087,0.02821119592875318,/Users/alinaqvi/Desktop/github_projects/avida/work/ecology_test_2_medium_run_20/data/detail-72276.spop
ecology_test_2_medium_run_20,ecology_test_2_medium,72276,3930,449,393000,h,if-label,10872,0.02766412213740458,/Users/alinaqvi/Desktop/github_projects/avida/work/ecology_test_2_medium_run_20/data/detail-72276.spop
ecology_test_2_medium_run_20,ecology_test_2_medium,72276,3930,449,393000,i,zero,13300,0.03384223918575063,/Users/alinaqvi/Desktop/github_projects/avida/work/ecology_test_2_medium_run_20/data/detail-72276.spop
ecology_test_2_medium_run_20,ecology_test_2_medium,72276,3930,449,393000,j,inc,28170,0.0716793893129771,/Users/alinaqvi/Desktop/github_projects/avida/work/ecology_test_2_medium_run_20/data/detail-72276.spop
ecology_test_2_medium_run_20,ecology_test_2_medium,72276,3930,449,393000,k,dec,13531,0.03443002544529262,/Users/alinaqvi/Desktop/github_projects/avida/work/ecology_test_2_medium_run_20/data/detail-72276.spop
ecology_test_2_medium_run_20,ecology_test_2_medium,72276,3930,449,393000,l,push,17770,0.04521628498727735,/Users/alinaqvi/Desktop/github_projects/avida/work/ecology_test_2_medium_run_20/data/detail-72276.spop
ecology_test_2_medium_run_20,ecology_test_2_medium,72276,3930,449,393000,m,pop,10272,0.026137404580152672,/Users/alinaqvi/Desktop/github_projects/avida/work/ecology_test_2_medium_run_20/data/detail-72276.spop
ecology_test_2_medium_run_20,ecology_test_2_medium,72276,3930,449,393000,n,swap-stk,18121,0.04610941475826972,/Users/alinaqvi/Desktop/github_projects/avida/work/ecology_test_2_medium_run_20/data/detail-72276.spop
ecology_test_2_medium_run_20,ecology_test_2_medium,72276,3930,449,393000,o,swap,8903,0.022653944020356233,/Users/alinaqvi/Desktop/github_projects/avida/work/ecology_test_2_medium_run_20/data/detail-72276.spop
ecology_test_2_medium_run_20,ecology_test_2_medium,72276,3930,449,393000,p,add,12545,0.031921119592875316,/Users/alinaqvi/Desktop/github_projects/avida/work/ecology_test_2_medium_run_20/data/detail-72276.spop
ecology_test_2_medium_run_20,ecology_test_2_medium,72276,3930,449,393000,q,sub,3498,0.008900763358778626,/Users/alinaqvi/Desktop/github_projects/avida/work/ecology_test_2_medium_run_20/data/detail-72276.spop
ecology_test_2_medium_run_20,ecology_test_2_medium,72276,3930,449,393000,r,nand,25527,0.06495419847328245,/Users/alinaqvi/Desktop/github_projects/avida/work/ecology_test_2_medium_run_20/data/detail-72276.spop
ecology_test_2_medium_run_20,ecology_test_2_medium,72276,3930,449,393000,s,repro,24056,0.06121119592875318,/Users/alinaqvi/Desktop/github_projects/avida/work/ecology_test_2_medium_run_20/data/detail-72276.spop
ecology_test_2_medium_run_20,ecology_test_2_medium,72276,3930,449,393000,t,repro-semel,27692,0.07046310432569974,/Users/alinaqvi/Desktop/github_projects/avida/work/ecology_test_2_medium_run_20/data/detail-72276.spop
ecology_test_2_medium_run_20,ecology_test_2_medium,72276,3930,449,393000,u,move,16088,0.04093638676844784,/Users/alinaqvi/Desktop/github_projects/avida/work/ecology_test_2_medium_run_20/data/detail-72276.spop
ecology_test_2_medium_run_20,ecology_test_2_medium,72276,3930,449,393000,v,rotate-left-one,8784,0.02235114503816794,/Users/alinaqvi/Desktop/github_projects/avida/work/ecology_test_2_medium_run_20/data/detail-72276.spop
ecology_test_2_medium_run_20,ecology_test_2_medium,72276,3930,449,393000,w,rotate-right-one,3859,0.009819338422391858,/Users/alinaqvi/Desktop/github_projects/avida/work/ecology_test_2_medium_run_20/data/detail-72276.spop
ecology_test_2_medium_run_20,ecology_test_2_medium,72276,3930,449,393000,x,sense-resource0,6181,0.015727735368956743,/Users/alinaqvi/Desktop/github_projects/avida/work/ecology_test_2_medium_run_20/data/detail-72276.spop
ecology_test_2_medium_run_20,ecology_test_2_medium,72276,3930,449,393000,y,sense-faced-resource0,17127,0.043580152671755724,/Users/alinaqvi/Desktop/github_projects/avida/work/ecology_test_2_medium_run_20/data/detail-72276.spop
ecology_test_2_slow_run_1,ecology_test_2_slow,88791,6508,697,650800,a,nop-B,44531,0.06842501536570375,/Users/alinaqvi/Desktop/github_projects/avida/work/ecology_test_2_slow_run_1/data/detail-88791.spop
ecology_test_2_slow_run_1,ecology_test_2_slow,88791,6508,697,650800,b,nop-C,64897,0.09971880762138906,/Users/alinaqvi/Desktop/github_projects/avida/work/ecology_test_2_slow_run_1/data/detail-88791.spop
ecology_test_2_slow_run_1,ecology_test_2_slow,88791,6508,697,650800,c,if-n-equ,22118,0.033985863552550705,/Users/alinaqvi/Desktop/github_projects/avida/work/ecology_test_2_slow_run_1/data/detail-88791.spop
ecology_test_2_slow_run_1,ecology_test_2_slow,88791,6508,697,650800,d,if-less,32280,0.049600491702519976,/Users/alinaqvi/Desktop/github_projects/avida/work/ecology_test_2_slow_run_1/data/detail-88791.spop
ecology_test_2_slow_run_1,ecology_test_2_slow,88791,6508,697,650800,e,if-not-0,20293,0.03118162261831592,/Users/alinaqvi/Desktop/github_projects/avida/work/ecology_test_2_slow_run_1/data/detail-88791.spop
ecology_test_2_slow_run_1,ecology_test_2_slow,88791,6508,697,650800,f,if-les-0,24606,0.037808850645359555,/Users/alinaqvi/Desktop/github_projects/avida/work/ecology_test_2_slow_run_1/data/detail-88791.spop
ecology_test_2_slow_run_1,ecology_test_2_slow,88791,6508,697,650800,g,if-grt-0,22384,0.03439459127228027,/Users/alinaqvi/Desktop/github_projects/avida/work/ecology_test_2_slow_run_1/data/detail-88791.spop
ecology_test_2_slow_run_1,ecology_test_2_slow,88791,6508,697,650800,h,if-label,17912,0.027523048555623847,/Users/alinaqvi/Desktop/github_projects/avida/work/ecology_test_2_slow_run_1/data/detail-88791.spop
ecology_test_2_slow_run_1,ecology_test_2_slow,88791,6508,697,650800,i,zero,44024,0.0676459741856177,/Users/alinaqvi/Desktop/github_projects/avida/work/ecology_test_2_slow_run_1/data/detail-88791.spop
ecology_test_2_slow_run_1,ecology_test_2_slow,88791,6508,697,650800,j,inc,9171,0.014091886908420406,/Users/alinaqvi/Desktop/github_projects/avida/work/ecology_test_2_slow_run_1/data/detail-88791.spop
ecology_test_2_slow_run_1,ecology_test_2_slow,88791,6508,697,650800,k,dec,16730,0.02570682237246466,/Users/alinaqvi/Desktop/github_projects/avida/work/ecology_test_2_slow_run_1/data/detail-88791.spop
ecology_test_2_slow_run_1,ecology_test_2_slow,88791,6508,697,650800,l,push,13896,0.02135218192993239,/Users/alinaqvi/Desktop/github_projects/avida/work/ecology_test_2_slow_run_1/data/detail-88791.spop
ecology_test_2_slow_run_1,ecology_test_2_slow,88791,6508,697,650800,m,pop,33381,0.05129225568531039,/Users/alinaqvi/Desktop/github_projects/avida/work/ecology_test_2_slow_run_1/data/detail-88791.spop
ecology_test_2_slow_run_1,ecology_test_2_slow,88791,6508,697,650800,n,swap-stk,28704,0.04410571604179472,/Users/alinaqvi/Desktop/github_projects/avida/work/ecology_test_2_slow_run_1/data/detail-88791.spop
ecology_test_2_slow_run_1,ecology_test_2_slow,88791,6508,697,650800,o,swap,30801,0.04732790411800861,/Users/alinaqvi/Desktop/github_projects/avida/work/ecology_test_2_slow_run_1/data/detail-88791.spop
ecology_test_2_slow_run_1,ecology_test_2_slow,88791,6508,697,650800,p,add,22457,0.03450676090964966,/Users/alinaqvi/Desktop/github_projects/avida/work/ecology_test_2_slow_run_1/data/detail-88791.spop
ecology_test_2_slow_run_1,ecology_test_2_slow,88791,6508,697,650800,q,sub,26728,0.041069452980946525,/Users/alinaqvi/Desktop/github_projects/avida/work/ecology_test_2_slow_run_1/data/detail-88791.spop
ecology_test_2_slow_run_1,ecology_test_2_slow,88791,6508,697,650800,r,nand,23049,0.035416410571604176,/Users/alinaqvi/Desktop/github_projects/avida/work/ecology_test_2_slow_run_1/data/detail-88791.spop
ecology_test_2_slow_run_1,ecology_test_2_slow,88791,6508,697,650800,s,repro,31598,0.04855255070682237,/Users/alinaqvi/Desktop/github_projects/avida/work/ecology_test_2_slow_run_1/data/detail-88791.spop
ecology_test_2_slow_run_1,ecology_test_2_slow,88791,6508,697,650800,t,repro-semel,37980,0.058358942839582054,/Users/alinaqvi/Desktop/github_projects/avida/work/ecology_test_2_slow_run_1/data/detail-88791.spop
ecology_test_2_slow_run_1,ecology_test_2_slow,88791,6508,697,650800,u,move,10344,0.015894283958205285,/Users/alinaqvi/Desktop/github_projects/avida/work/ecology_test_2_slow_run_1/data/detail-88791.spop
ecology_test_2_slow_run_1,ecology_test_2_slow,88791,6508,697,650800,v,rotate-left-one,6653,0.01022280270436386,/Users/alinaqvi/Desktop/github_projects/avida/work/ecology_test_2_slow_run_1/data/detail-88791.spop
ecology_test_2_slow_run_1,ecology_test_2_slow,88791,6508,697,650800,w,rotate-right-one,23819,0.03659956976029502,/Users/alinaqvi/Desktop/github_projects/avida/work/ecology_test_2_slow_run_1/data/detail-88791.spop
ecology_test_2_slow_run_1,ecology_test_2_slow,88791,6508,697,650800,x,sense-resource0,15819,0.02430700676090965,/Users/alinaqvi/Desktop/github_projects/avida/work/ecology_test_2_slow_run_1/data/detail-88791.spop
ecology_test_2_slow_run_1,ecology_test_2_slow,88791,6508,697,650800,y,sense-faced-resource0,26625,0.04091118623232944,/Users/alinaqvi/Desktop/github_projects/avida/work/ecology_test_2_slow_run_1/data/detail-88791.spop
ecology_test_2_slow_run_2,ecology_test_2_slow,153053,7612,528,761200,a,nop-B,48626,0.06388071466106149,/Users/alinaqvi/Desktop/github_projects/avida/work/ecology_test_2_slow_run_2/data/detail-153053.spop
ecology_test_2_slow_run_2,ecology_test_2_slow,153053,7612,528,761200,b,nop-C,113815,0.14952049395691014,/Users/alinaqvi/Desktop/github_projects/avida/work/ecology_test_2_slow_run_2/data/detail-153053.spop
ecology_test_2_slow_run_2,ecology_test_2_slow,153053,7612,528,761200,c,if-n-equ,14180,0.018628481345244353,/Users/alinaqvi/Desktop/github_projects/avida/work/ecology_test_2_slow_run_2/data/detail-153053.spop
ecology_test_2_slow_run_2,ecology_test_2_slow,153053,7612,528,761200,d,if-less,11518,0.015131371518654756,/Users/alinaqvi/Desktop/github_projects/avida/work/ecology_test_2_slow_run_2/data/detail-153053.spop
ecology_test_2_slow_run_2,ecology_test_2_slow,153053,7612,528,761200,e,if-not-0,17979,0.023619285338938516,/Users/alinaqvi/Desktop/github_projects/avida/work/ecology_test_2_slow_run_2/data/detail-153053.spop
ecology_test_2_slow_run_2,ecology_test_2_slow,153053,7612,528,761200,f,if-les-0,44098,0.057932212296374144,/Users/alinaqvi/Desktop/github_projects/avida/work/ecology_test_2_slow_run_2/data/detail-153053.spop
ecology_test_2_slow_run_2,ecology_test_2_slow,153053,7612,528,761200,g,if-grt-0,10327,0.013566736731476617,/Users/alinaqvi/Desktop/github_projects/avida/work/ecology_test_2_slow_run_2/data/detail-153053.spop
ecology_test_2_slow_run_2,ecology_test_2_slow,153053,7612,528,761200,h,if-label,34892,0.04583815028901734,/Users/alinaqvi/Desktop/github_projects/avida/work/ecology_test_2_slow_run_2/data/detail-153053.spop
ecology_test_2_slow_run_2,ecology_test_2_slow,153053,7612,528,761200,i,zero,27631,0.03629926431949553,/Users/alinaqvi/Desktop/github_projects/avida/work/ecology_test_2_slow_run_2/data/detail-153053.spop
ecology_test_2_slow_run_2,ecology_test_2_slow,153053,7612,528,761200,j,inc,32187,0.0422845507094062,/Users/alinaqvi/Desktop/github_projects/avida/work/ecology_test_2_slow_run_2/data/detail-153053.spop
ecology_test_2_slow_run_2,ecology_test_2_slow,153053,7612,528,761200,k,dec,20980,0.027561744613767734,/Users/alinaqvi/Desktop/github_projects/avida/work/ecology_test_2_slow_run_2/data/detail-153053.spop
ecology_test_2_slow_run_2,ecology_test_2_slow,153053,7612,528,761200,l,push,14883,0.019552023121387284,/Users/alinaqvi/Desktop/github_projects/avida/work/ecology_test_2_slow_run_2/data/detail-153053.spop
ecology_test_2_slow_run_2,ecology_test_2_slow,153053,7612,528,761200,m,pop,25103,0.03297819232790331,/Users/alinaqvi/Desktop/github_projects/avida/work/ecology_test_2_slow_run_2/data/detail-153053.spop
ecology_test_2_slow_run_2,ecology_test_2_slow,153053,7612,528,761200,n,swap-stk,8324,0.01093536521282186,/Users/alinaqvi/Desktop/github_projects/avida/work/ecology_test_2_slow_run_2/data/detail-153053.spop
ecology_test_2_slow_run_2,ecology_test_2_slow,153053,7612,528,761200,o,swap,35446,0.04656594850236469,/Users/alinaqvi/Desktop/github_projects/avida/work/ecology_test_2_slow_run_2/data/detail-153053.spop
ecology_test_2_slow_run_2,ecology_test_2_slow,153053,7612,528,761200,p,add,23699,0.031133736205990543,/Users/alinaqvi/Desktop/github_projects/avida/work/ecology_test_2_slow_run_2/data/detail-153053.spop
ecology_test_2_slow_run_2,ecology_test_2_slow,153053,7612,528,761200,q,sub,23987,0.03151208617971624,/Users/alinaqvi/Desktop/github_projects/avida/work/ecology_test_2_slow_run_2/data/detail-153053.spop
ecology_test_2_slow_run_2,ecology_test_2_slow,153053,7612,528,761200,r,nand,18044,0.02370467682606411,/Users/alinaqvi/Desktop/github_projects/avida/work/ecology_test_2_slow_run_2/data/detail-153053.spop
ecology_test_2_slow_run_2,ecology_test_2_slow,153053,7612,528,761200,s,repro,41613,0.054667630057803465,/Users/alinaqvi/Desktop/github_projects/avida/work/ecology_test_2_slow_run_2/data/detail-153053.spop
ecology_test_2_slow_run_2,ecology_test_2_slow,153053,7612,528,761200,t,repro-semel,15245,0.0200275880189175,/Users/alinaqvi/Desktop/github_projects/avida/work/ecology_test_2_slow_run_2/data/detail-153053.spop
ecology_test_2_slow_run_2,ecology_test_2_slow,153053,7612,528,761200,u,move,144252,0.1895060430898581,/Users/alinaqvi/Desktop/github_projects/avida/work/ecology_test_2_slow_run_2/data/detail-153053.spop
ecology_test_2_slow_run_2,ecology_test_2_slow,153053,7612,528,761200,v,rotate-left-one,9867,0.01296242774566474,/Users/alinaqvi/Desktop/github_projects/avida/work/ecology_test_2_slow_run_2/data/detail-153053.spop
ecology_test_2_slow_run_2,ecology_test_2_slow,153053,7612,528,761200,w,rotate-right-one,569,0.0007475039411455597,/Users/alinaqvi/Desktop/github_projects/avida/work/ecology_test_2_slow_run_2/data/detail-153053.spop
ecology_test_2_slow_run_2,ecology_test_2_slow,153053,7612,528,761200,x,sense-resource0,8653,0.011367577509196007,/Users/alinaqvi/Desktop/github_projects/avida/work/ecology_test_2_slow_run_2/data/detail-153053.spop
ecology_test_2_slow_run_2,ecology_test_2_slow,153053,7612,528,761200,y,sense-faced-resource0,15282,0.020076195480819757,/Users/alinaqvi/Desktop/github_projects/avida/work/ecology_test_2_slow_run_2/data/detail-153053.spop
ecology_test_2_slow_run_3,ecology_test_2_slow,154439,7907,570,790700,a,nop-B,35203,0.04452131023144049,/Users/alinaqvi/Desktop/github_projects/avida/work/ecology_test_2_slow_run_3/data/detail-154439.spop
ecology_test_2_slow_run_3,ecology_test_2_slow,154439,7907,570,790700,b,nop-C,220073,0.27832679903882634,/Users/alinaqvi/Desktop/github_projects/avida/work/ecology_test_2_slow_run_3/data/detail-154439.spop
ecology_test_2_slow_run_3,ecology_test_2_slow,154439,7907,570,790700,c,if-n-equ,3821,0.004832426963450108,/Users/alinaqvi/Desktop/github_projects/avida/work/ecology_test_2_slow_run_3/data/detail-154439.spop
ecology_test_2_slow_run_3,ecology_test_2_slow,154439,7907,570,790700,d,if-less,41251,0.05217022891109144,/Users/alinaqvi/Desktop/github_projects/avida/work/ecology_test_2_slow_run_3/data/detail-154439.spop
ecology_test_2_slow_run_3,ecology_test_2_slow,154439,7907,570,790700,e,if-not-0,14450,0.01827494625015809,/Users/alinaqvi/Desktop/github_projects/avida/work/ecology_test_2_slow_run_3/data/detail-154439.spop
ecology_test_2_slow_run_3,ecology_test_2_slow,154439,7907,570,790700,f,if-les-0,24362,0.03081067408625269,/Users/alinaqvi/Desktop/github_projects/avida/work/ecology_test_2_slow_run_3/data/detail-154439.spop
ecology_test_2_slow_run_3,ecology_test_2_slow,154439,7907,570,790700,g,if-grt-0,28467,0.03600227646389275,/Users/alinaqvi/Desktop/github_projects/avida/work/ecology_test_2_slow_run_3/data/detail-154439.spop
ecology_test_2_slow_run_3,ecology_test_2_slow,154439,7907,570,790700,h,if-label,52707,0.06665865688630328,/Users/alinaqvi/Desktop/github_projects/avida/work/ecology_test_2_slow_run_3/data/detail-154439.spop
ecology_test_2_slow_run_3,ecology_test_2_slow,154439,7907,570,790700,i,zero,15207,0.019232325787277096,/Users/alinaqvi/Desktop/github_projects/avida/work/ecology_test_2_slow_run_3/data/detail-154439.spop
ecology_test_2_slow_run_3,ecology_test_2_slow,154439,7907,570,790700,j,inc,18061,0.02284178575945365,/Users/alinaqvi/Desktop/github_projects/avida/work/ecology_test_2_slow_run_3/data/detail-154439.spop
ecology_test_2_slow_run_3,ecology_test_2_slow,154439,7907,570,790700,k,dec,17716,0.02240546351334261,/Users/alinaqvi/Desktop/github_projects/avida/work/ecology_test_2_slow_run_3/data/detail-154439.spop
ecology_test_2_slow_run_3,ecology_test_2_slow,154439,7907,570,790700,l,push,8838,0.01117743771341849,/Users/alinaqvi/Desktop/github_projects/avida/work/ecology_test_2_slow_run_3/data/detail-154439.spop
ecology_test_2_slow_run_3,ecology_test_2_slow,154439,7907,570,790700,m,pop,48042,0.06075882129758442,/Users/alinaqvi/Desktop/github_projects/avida/work/ecology_test_2_slow_run_3/data/detail-154439.spop
ecology_test_2_slow_run_3,ecology_test_2_slow,154439,7907,570,790700,n,swap-stk,25451,0.032187934741368406,/Users/alinaqvi/Desktop/github_projects/avida/work/ecology_test_2_slow_run_3/data/detail-154439.spop
ecology_test_2_slow_run_3,ecology_test_2_slow,154439,7907,570,790700,o,swap,1343,0.0016984950044264576,/Users/alinaqvi/Desktop/github_projects/avida/work/ecology_test_2_slow_run_3/data/detail-154439.spop
ecology_test_2_slow_run_3,ecology_test_2_slow,154439,7907,570,790700,p,add,8039,0.010166940685468572,/Users/alinaqvi/Desktop/github_projects/avida/work/ecology_test_2_slow_run_3/data/detail-154439.spop
ecology_test_2_slow_run_3,ecology_test_2_slow,154439,7907,570,790700,q,sub,24155,0.030548880738586064,/Users/alinaqvi/Desktop/github_projects/avida/work/ecology_test_2_slow_run_3/data/detail-154439.spop
ecology_test_2_slow_run_3,ecology_test_2_slow,154439,7907,570,790700,r,nand,10547,0.013338813709371443,/Users/alinaqvi/Desktop/github_projects/avida/work/ecology_test_2_slow_run_3/data/detail-154439.spop
ecology_test_2_slow_run_3,ecology_test_2_slow,154439,7907,570,790700,s,repro,25700,0.03250284557986594,/Users/alinaqvi/Desktop/github_projects/avida/work/ecology_test_2_slow_run_3/data/detail-154439.spop
ecology_test_2_slow_run_3,ecology_test_2_slow,154439,7907,570,790700,t,repro-semel,10647,0.013465283925635512,/Users/alinaqvi/Desktop/github_projects/avida/work/ecology_test_2_slow_run_3/data/detail-154439.spop
ecology_test_2_slow_run_3,ecology_test_2_slow,154439,7907,570,790700,u,move,123195,0.1558049829265208,/Users/alinaqvi/Desktop/github_projects/avida/work/ecology_test_2_slow_run_3/data/detail-154439.spop
ecology_test_2_slow_run_3,ecology_test_2_slow,154439,7907,570,790700,v,rotate-left-one,7954,0.010059441001644112,/Users/alinaqvi/Desktop/github_projects/avida/work/ecology_test_2_slow_run_3/data/detail-154439.spop
ecology_test_2_slow_run_3,ecology_test_2_slow,154439,7907,570,790700,w,rotate-right-one,6980,0.008827621095232073,/Users/alinaqvi/Desktop/github_projects/avida/work/ecology_test_2_slow_run_3/data/detail-154439.spop
ecology_test_2_slow_run_3,ecology_test_2_slow,154439,7907,570,790700,x,sense-resource0,9735,0.012311875553307197,/Users/alinaqvi/Desktop/github_projects/avida/work/ecology_test_2_slow_run_3/data/detail-154439.spop
ecology_test_2_slow_run_3,ecology_test_2_slow,154439,7907,570,790700,y,sense-faced-resource0,8756,0.011073732136081952,/Users/alinaqvi/Desktop/github_projects/avida/work/ecology_test_2_slow_run_3/data/detail-154439.spop
ecology_test_2_slow_run_4,ecology_test_2_slow,94174,4714,460,471400,a,nop-B,15291,0.032437420449724225,/Users/alinaqvi/Desktop/github_projects/avida/work/ecology_test_2_slow_run_4/data/detail-94174.spop
ecology_test_2_slow_run_4,ecology_test_2_slow,94174,4714,460,471400,b,nop-C,64187,0.1361624946966483,/Users/alinaqvi/Desktop/github_projects/avida/work/ecology_test_2_slow_run_4/data/detail-94174.spop
ecology_test_2_slow_run_4,ecology_test_2_slow,94174,4714,460,471400,c,if-n-equ,9166,0.01944420873992363,/Users/alinaqvi/Desktop/github_projects/avida/work/ecology_test_2_slow_run_4/data/detail-94174.spop
ecology_test_2_slow_run_4,ecology_test_2_slow,94174,4714,460,471400,d,if-less,2602,0.005519728468392024,/Users/alinaqvi/Desktop/github_projects/avida/work/ecology_test_2_slow_run_4/data/detail-94174.spop
ecology_test_2_slow_run_4,ecology_test_2_slow,94174,4714,460,471400,e,if-not-0,15520,0.03292320746711922,/Users/alinaqvi/Desktop/github_projects/avida/work/ecology_test_2_slow_run_4/data/detail-94174.spop
ecology_test_2_slow_run_4,ecology_test_2_slow,94174,4714,460,471400,f,if-les-0,14917,0.031644039032668644,/Users/alinaqvi/Desktop/github_projects/avida/work/ecology_test_2_slow_run_4/data/detail-94174.spop
ecology_test_2_slow_run_4,ecology_test_2_slow,94174,4714,460,471400,g,if-grt-0,22545,0.04782562579550276,/Users/alinaqvi/Desktop/github_projects/avida/work/ecology_test_2_slow_run_4/data/detail-94174.spop
ecology_test_2_slow_run_4,ecology_test_2_slow,94174,4714,460,471400,h,if-label,21342,0.045273652948663555,/Users/alinaqvi/Desktop/github_projects/avida/work/ecology_test_2_slow_run_4/data/detail-94174.spop
ecology_test_2_slow_run_4,ecology_test_2_slow,94174,4714,460,471400,i,zero,8964,0.019015697921086126,/Users/alinaqvi/Desktop/github_projects/avida/work/ecology_test_2_slow_run_4/data/detail-94174.spop
ecology_test_2_slow_run_4,ecology_test_2_slow,94174,4714,460,471400,j,inc,15020,0.03186253712346203,/Users/alinaqvi/Desktop/github_projects/avida/work/ecology_test_2_slow_run_4/data/detail-94174.spop
ecology_test_2_slow_run_4,ecology_test_2_slow,94174,4714,460,471400,k,dec,33199,0.07042638947815019,/Users/alinaqvi/Desktop/github_projects/avida/work/ecology_test_2_slow_run_4/data/detail-94174.spop
ecology_test_2_slow_run_4,ecology_test_2_slow,94174,4714,460,471400,l,push,22292,0.04728892660161222,/Users/alinaqvi/Desktop/github_projects/avida/work/ecology_test_2_slow_run_4/data/detail-94174.spop
ecology_test_2_slow_run_4,ecology_test_2_slow,94174,4714,460,471400,m,pop,11524,0.024446330080610947,/Users/alinaqvi/Desktop/github_projects/avida/work/ecology_test_2_slow_run_4/data/detail-94174.spop
ecology_test_2_slow_run_4,ecology_test_2_slow,94174,4714,460,471400,n,swap-stk,20026,0.04248196860415783,/Users/alinaqvi/Desktop/github_projects/avida/work/ecology_test_2_slow_run_4/data/detail-94174.spop
ecology_test_2_slow_run_4,ecology_test_2_slow,94174,4714,460,471400,o,swap,22918,0.048616885871871025,/Users/alinaqvi/Desktop/github_projects/avida/work/ecology_test_2_slow_run_4/data/detail-94174.spop
ecology_test_2_slow_run_4,ecology_test_2_slow,94174,4714,460,471400,p,add,17255,0.03660373355960967,/Users/alinaqvi/Desktop/github_projects/avida/work/ecology_test_2_slow_run_4/data/detail-94174.spop
ecology_test_2_slow_run_4,ecology_test_2_slow,94174,4714,460,471400,q,sub,16663,0.03534789987271956,/Users/alinaqvi/Desktop/github_projects/avida/work/ecology_test_2_slow_run_4/data/detail-94174.spop
ecology_test_2_slow_run_4,ecology_test_2_slow,94174,4714,460,471400,r,nand,12646,0.026826474331777685,/Users/alinaqvi/Desktop/github_projects/avida/work/ecology_test_2_slow_run_4/data/detail-94174.spop
ecology_test_2_slow_run_4,ecology_test_2_slow,94174,4714,460,471400,s,repro,19200,0.040729741196436145,/Users/alinaqvi/Desktop/github_projects/avida/work/ecology_test_2_slow_run_4/data/detail-94174.spop
ecology_test_2_slow_run_4,ecology_test_2_slow,94174,4714,460,471400,t,repro-semel,39105,0.08295502757742894,/Users/alinaqvi/Desktop/github_projects/avida/work/ecology_test_2_slow_run_4/data/detail-94174.spop
ecology_test_2_slow_run_4,ecology_test_2_slow,94174,4714,460,471400,u,move,21478,0.04556215528213831,/Users/alinaqvi/Desktop/github_projects/avida/work/ecology_test_2_slow_run_4/data/detail-94174.spop
ecology_test_2_slow_run_4,ecology_test_2_slow,94174,4714,460,471400,v,rotate-left-one,15262,0.03237590156979211,/Users/alinaqvi/Desktop/github_projects/avida/work/ecology_test_2_slow_run_4/data/detail-94174.spop
ecology_test_2_slow_run_4,ecology_test_2_slow,94174,4714,460,471400,w,rotate-right-one,9084,0.019270258803563853,/Users/alinaqvi/Desktop/github_projects/avida/work/ecology_test_2_slow_run_4/data/detail-94174.spop
ecology_test_2_slow_run_4,ecology_test_2_slow,94174,4714,460,471400,x,sense-resource0,11355,0.024087823504454816,/Users/alinaqvi/Desktop/github_projects/avida/work/ecology_test_2_slow_run_4/data/detail-94174.spop
ecology_test_2_slow_run_4,ecology_test_2_slow,94174,4714,460,471400,y,sense-faced-resource0,9839,0.02087187102248621,/Users/alinaqvi/Desktop/github_projects/avida/work/ecology_test_2_slow_run_4/data/detail-94174.spop
ecology_test_2_slow_run_5,ecology_test_2_slow,140036,11452,677,1145200,a,nop-B,65948,0.0575864477820468,/Users/alinaqvi/Desktop/github_projects/avida/work/ecology_test_2_slow_run_5/data/detail-140036.spop
ecology_test_2_slow_run_5,ecology_test_2_slow,140036,11452,677,1145200,b,nop-C,360764,0.3150227034579113,/Users/alinaqvi/Desktop/github_projects/avida/work/ecology_test_2_slow_run_5/data/detail-140036.spop
ecology_test_2_slow_run_5,ecology_test_2_slow,140036,11452,677,1145200,c,if-n-equ,14686,0.0128239608801956,/Users/alinaqvi/Desktop/github_projects/avida/work/ecology_test_2_slow_run_5/data/detail-140036.spop
ecology_test_2_slow_run_5,ecology_test_2_slow,140036,11452,677,1145200,d,if-less,13125,0.011460880195599023,/Users/alinaqvi/Desktop/github_projects/avida/work/ecology_test_2_slow_run_5/data/detail-140036.spop
ecology_test_2_slow_run_5,ecology_test_2_slow,140036,11452,677,1145200,e,if-not-0,40768,0.03559902200488998,/Users/alinaqvi/Desktop/github_projects/avida/work/ecology_test_2_slow_run_5/data/detail-140036.spop
ecology_test_2_slow_run_5,ecology_test_2_slow,140036,11452,677,1145200,f,if-les-0,34258,0.02991442542787286,/Users/alinaqvi/Desktop/github_projects/avida/work/ecology_test_2_slow_run_5/data/detail-140036.spop
ecology_test_2_slow_run_5,ecology_test_2_slow,140036,11452,677,1145200,g,if-grt-0,21759,0.019000174641983933,/Users/alinaqvi/Desktop/github_projects/avida/work/ecology_test_2_slow_run_5/data/detail-140036.spop
ecology_test_2_slow_run_5,ecology_test_2_slow,140036,11452,677,1145200,h,if-label,37087,0.03238473629060426,/Users/alinaqvi/Desktop/github_projects/avida/work/ecology_test_2_slow_run_5/data/detail-140036.spop
ecology_test_2_slow_run_5,ecology_test_2_slow,140036,11452,677,1145200,i,zero,30391,0.026537722668529516,/Users/alinaqvi/Desktop/github_projects/avida/work/ecology_test_2_slow_run_5/data/detail-140036.spop
ecology_test_2_slow_run_5,ecology_test_2_slow,140036,11452,677,1145200,j,inc,29914,0.026121201536849457,/Users/alinaqvi/Desktop/github_projects/avida/work/ecology_test_2_slow_run_5/data/detail-140036.spop
ecology_test_2_slow_run_5,ecology_test_2_slow,140036,11452,677,1145200,k,dec,24801,0.021656479217603913,/Users/alinaqvi/Desktop/github_projects/avida/work/ecology_test_2_slow_run_5/data/detail-140036.spop
ecology_test_2_slow_run_5,ecology_test_2_slow,140036,11452,677,1145200,l,push,23058,0.02013447432762836,/Users/alinaqvi/Desktop/github_projects/avida/work/ecology_test_2_slow_run_5/data/detail-140036.spop
ecology_test_2_slow_run_5,ecology_test_2_slow,140036,11452,677,1145200,m,pop,26701,0.023315578064966817,/Users/alinaqvi/Desktop/github_projects/avida/work/ecology_test_2_slow_run_5/data/detail-140036.spop
ecology_test_2_slow_run_5,ecology_test_2_slow,140036,11452,677,1145200,n,swap-stk,2445,0.0021349982535801607,/Users/alinaqvi/Desktop/github_projects/avida/work/ecology_test_2_slow_run_5/data/detail-140036.spop
ecology_test_2_slow_run_5,ecology_test_2_slow,140036,11452,677,1145200,o,swap,31683,0.02766590988473629,/Users/alinaqvi/Desktop/github_projects/avida/work/ecology_test_2_slow_run_5/data/detail-140036.spop
ecology_test_2_slow_run_5,ecology_test_2_slow,140036,11452,677,1145200,p,add,17612,0.015378973105134475,/Users/alinaqvi/Desktop/github_projects/avida/work/ecology_test_2_slow_run_5/data/detail-140036.spop
ecology_test_2_slow_run_5,ecology_test_2_slow,140036,11452,677,1145200,q,sub,33037,0.028848236115962277,/Users/alinaqvi/Desktop/github_projects/avida/work/ecology_test_2_slow_run_5/data/detail-140036.spop
ecology_test_2_slow_run_5,ecology_test_2_slow,140036,11452,677,1145200,r,nand,16828,0.01469437652811736,/Users/alinaqvi/Desktop/github_projects/avida/work/ecology_test_2_slow_run_5/data/detail-140036.spop
ecology_test_2_slow_run_5,ecology_test_2_slow,140036,11452,677,1145200,s,repro,60345,0.05269385260216556,/Users/alinaqvi/Desktop/github_projects/avida/work/ecology_test_2_slow_run_5/data/detail-140036.spop
ecology_test_2_slow_run_5,ecology_test_2_slow,140036,11452,677,1145200,t,repro-semel,22184,0.019371288857841427,/Users/alinaqvi/Desktop/github_projects/avida/work/ecology_test_2_slow_run_5/data/detail-140036.spop
ecology_test_2_slow_run_5,ecology_test_2_slow,140036,11452,677,1145200,u,move,196640,0.17170799860286412,/Users/alinaqvi/Desktop/github_projects/avida/work/ecology_test_2_slow_run_5/data/detail-140036.spop
ecology_test_2_slow_run_5,ecology_test_2_slow,140036,11452,677,1145200,v,rotate-left-one,20236,0.017670275934334612,/Users/alinaqvi/Desktop/github_projects/avida/work/ecology_test_2_slow_run_5/data/detail-140036.spop
ecology_test_2_slow_run_5,ecology_test_2_slow,140036,11452,677,1145200,w,rotate-right-one,3154,0.002754104086622424,/Users/alinaqvi/Desktop/github_projects/avida/work/ecology_test_2_slow_run_5/data/detail-140036.spop
ecology_test_2_slow_run_5,ecology_test_2_slow,140036,11452,677,1145200,x,sense-resource0,2911,0.002541914076143905,/Users/alinaqvi/Desktop/github_projects/avida/work/ecology_test_2_slow_run_5/data/detail-140036.spop
ecology_test_2_slow_run_5,ecology_test_2_slow,140036,11452,677,1145200,y,sense-faced-resource0,14865,0.012980265455815578,/Users/alinaqvi/Desktop/github_projects/avida/work/ecology_test_2_slow_run_5/data/detail-140036.spop
ecology_test_2_slow_run_6,ecology_test_2_slow,112961,6533,471,653300,a,nop-B,41409,0.06338435634471147,/Users/alinaqvi/Desktop/github_projects/avida/work/ecology_test_2_slow_run_6/data/detail-112961.spop
ecology_test_2_slow_run_6,ecology_test_2_slow,112961,6533,471,653300,b,nop-C,123082,0.1884004285932956,/Users/alinaqvi/Desktop/github_projects/avida/work/ecology_test_2_slow_run_6/data/detail-112961.spop
ecology_test_2_slow_run_6,ecology_test_2_slow,112961,6533,471,653300,c,if-n-equ,22729,0.03479106076840655,/Users/alinaqvi/Desktop/github_projects/avida/work/ecology_test_2_slow_run_6/data/detail-112961.spop
ecology_test_2_slow_run_6,ecology_test_2_slow,112961,6533,471,653300,d,if-less,20099,0.030765345170671973,/Users/alinaqvi/Desktop/github_projects/avida/work/ecology_test_2_slow_run_6/data/detail-112961.spop
ecology_test_2_slow_run_6,ecology_test_2_slow,112961,6533,471,653300,e,if-not-0,25502,0.03903566508495331,/Users/alinaqvi/Desktop/github_projects/avida/work/ecology_test_2_slow_run_6/data/detail-112961.spop
ecology_test_2_slow_run_6,ecology_test_2_slow,112961,6533,471,653300,f,if-les-0,43583,0.0667120771467932,/Users/alinaqvi/Desktop/github_projects/avida/work/ecology_test_2_slow_run_6/data/detail-112961.spop
ecology_test_2_slow_run_6,ecology_test_2_slow,112961,6533,471,653300,g,if-grt-0,17129,0.026219194856880453,/Users/alinaqvi/Desktop/github_projects/avida/work/ecology_test_2_slow_run_6/data/detail-112961.spop
ecology_test_2_slow_run_6,ecology_test_2_slow,112961,6533,471,653300,h,if-label,33577,0.05139598959130568,/Users/alinaqvi/Desktop/github_projects/avida/work/ecology_test_2_slow_run_6/data/detail-112961.spop
ecology_test_2_slow_run_6,ecology_test_2_slow,112961,6533,471,653300,i,zero,20578,0.031498545844175725,/Users/alinaqvi/Desktop/github_projects/avida/work/ecology_test_2_slow_run_6/data/detail-112961.spop
ecology_test_2_slow_run_6,ecology_test_2_slow,112961,6533,471,653300,j,inc,3893,0.005958977498851982,/Users/alinaqvi/Desktop/github_projects/avida/work/ecology_test_2_slow_run_6/data/detail-112961.spop
ecology_test_2_slow_run_6,ecology_test_2_slow,112961,6533,471,653300,k,dec,14574,0.02230828103474667,/Users/alinaqvi/Desktop/github_projects/avida/work/ecology_test_2_slow_run_6/data/detail-112961.spop
ecology_test_2_slow_run_6,ecology_test_2_slow,112961,6533,471,653300,l,push,13552,0.02074391550589316,/Users/alinaqvi/Desktop/github_projects/avida/work/ecology_test_2_slow_run_6/data/detail-112961.spop
ecology_test_2_slow_run_6,ecology_test_2_slow,112961,6533,471,653300,m,pop,15866,0.024285932955763048,/Users/alinaqvi/Desktop/github_projects/avida/work/ecology_test_2_slow_run_6/data/detail-112961.spop
ecology_test_2_slow_run_6,ecology_test_2_slow,112961,6533,471,653300,n,swap-stk,17449,0.026709015766110514,/Users/alinaqvi/Desktop/github_projects/avida/work/ecology_test_2_slow_run_6/data/detail-112961.spop
ecology_test_2_slow_run_6,ecology_test_2_slow,112961,6533,471,653300,o,swap,19721,0.03018674422164396,/Users/alinaqvi/Desktop/github_projects/avida/work/ecology_test_2_slow_run_6/data/detail-112961.spop
ecology_test_2_slow_run_6,ecology_test_2_slow,112961,6533,471,653300,p,add,20349,0.03114801775600796,/Users/alinaqvi/Desktop/github_projects/avida/work/ecology_test_2_slow_run_6/data/detail-112961.spop
ecology_test_2_slow_run_6,ecology_test_2_slow,112961,6533,471,653300,q,sub,24240,0.03710393387417726,/Users/alinaqvi/Desktop/github_projects/avida/work/ecology_test_2_slow_run_6/data/detail-112961.spop
ecology_test_2_slow_run_6,ecology_test_2_slow,112961,6533,471,653300,r,nand,16177,0.024761977651921015,/Users/alinaqvi/Desktop/github_projects/avida/work/ecology_test_2_slow_run_6/data/detail-112961.spop
ecology_test_2_slow_run_6,ecology_test_2_slow,112961,6533,471,653300,s,repro,29689,0.04544466554416041,/Users/alinaqvi/Desktop/github_projects/avida/work/ecology_test_2_slow_run_6/data/detail-112961.spop
ecology_test_2_slow_run_6,ecology_test_2_slow,112961,6533,471,653300,t,repro-semel,11307,0.017307515689576,/Users/alinaqvi/Desktop/github_projects/avida/work/ecology_test_2_slow_run_6/data/detail-112961.spop
ecology_test_2_slow_run_6,ecology_test_2_slow,112961,6533,471,653300,u,move,70756,0.10830552579213225,/Users/alinaqvi/Desktop/github_projects/avida/work/ecology_test_2_slow_run_6/data/detail-112961.spop
ecology_test_2_slow_run_6,ecology_test_2_slow,112961,6533,471,653300,v,rotate-left-one,15741,0.024094596663095057,/Users/alinaqvi/Desktop/github_projects/avida/work/ecology_test_2_slow_run_6/data/detail-112961.spop
ecology_test_2_slow_run_6,ecology_test_2_slow,112961,6533,471,653300,w,rotate-right-one,8773,0.01342874636461044,/Users/alinaqvi/Desktop/github_projects/avida/work/ecology_test_2_slow_run_6/data/detail-112961.spop
ecology_test_2_slow_run_6,ecology_test_2_slow,112961,6533,471,653300,x,sense-resource0,15177,0.02323128731057707,/Users/alinaqvi/Desktop/github_projects/avida/work/ecology_test_2_slow_run_6/data/detail-112961.spop
ecology_test_2_slow_run_6,ecology_test_2_slow,112961,6533,471,653300,y,sense-faced-resource0,8348,0.012778202969539262,/Users/alinaqvi/Desktop/github_projects/avida/work/ecology_test_2_slow_run_6/data/detail-112961.spop
ecology_test_2_slow_run_7,ecology_test_2_slow,84666,3553,413,355300,a,nop-B,9486,0.026698564593301437,/Users/alinaqvi/Desktop/github_projects/avida/work/ecology_test_2_slow_run_7/data/detail-84666.spop
ecology_test_2_slow_run_7,ecology_test_2_slow,84666,3553,413,355300,b,nop-C,68226,0.19202364199268224,/Users/alinaqvi/Desktop/github_projects/avida/work/ecology_test_2_slow_run_7/data/detail-84666.spop
ecology_test_2_slow_run_7,ecology_test_2_slow,84666,3553,413,355300,c,if-n-equ,12144,0.03417956656346749,/Users/alinaqvi/Desktop/github_projects/avida/work/ecology_test_2_slow_run_7/data/detail-84666.spop
ecology_test_2_slow_run_7,ecology_test_2_slow,84666,3553,413,355300,d,if-less,8024,0.02258373205741627,/Users/alinaqvi/Desktop/github_projects/avida/work/ecology_test_2_slow_run_7/data/detail-84666.spop
ecology_test_2_slow_run_7,ecology_test_2_slow,84666,3553,413,355300,e,if-not-0,13831,0.0389276667604841,/Users/alinaqvi/Desktop/github_projects/avida/work/ecology_test_2_slow_run_7/data/detail-84666.spop
ecology_test_2_slow_run_7,ecology_test_2_slow,84666,3553,413,355300,f,if-les-0,27301,0.07683929074021953,/Users/alinaqvi/Desktop/github_projects/avida/work/ecology_test_2_slow_run_7/data/detail-84666.spop
ecology_test_2_slow_run_7,ecology_test_2_slow,84666,3553,413,355300,g,if-grt-0,17409,0.04899802983394315,/Users/alinaqvi/Desktop/github_projects/avida/work/ecology_test_2_slow_run_7/data/detail-84666.spop
ecology_test_2_slow_run_7,ecology_test_2_slow,84666,3553,413,355300,h,if-label,18010,0.05068955811989868,/Users/alinaqvi/Desktop/github_projects/avida/work/ecology_test_2_slow_run_7/data/detail-84666.spop
ecology_test_2_slow_run_7,ecology_test_2_slow,84666,3553,413,355300,i,zero,13377,0.03764987334646777,/Users/alinaqvi/Desktop/github_projects/avida/work/ecology_test_2_slow_run_7/data/detail-84666.spop
ecology_test_2_slow_run_7,ecology_test_2_slow,84666,3553,413,355300,j,inc,11366,0.0319898677174219,/Users/alinaqvi/Desktop/github_projects/avida/work/ecology_test_2_slow_run_7/data/detail-84666.spop
ecology_test_2_slow_run_7,ecology_test_2_slow,84666,3553,413,355300,k,dec,6516,0.018339431466366452,/Users/alinaqvi/Desktop/github_projects/avida/work/ecology_test_2_slow_run_7/data/detail-84666.spop
ecology_test_2_slow_run_7,ecology_test_2_slow,84666,3553,413,355300,l,push,13012,0.036622572473965664,/Users/alinaqvi/Desktop/github_projects/avida/work/ecology_test_2_slow_run_7/data/detail-84666.spop
ecology_test_2_slow_run_7,ecology_test_2_slow,84666,3553,413,355300,m,pop,8640,0.024317478187447228,/Users/alinaqvi/Desktop/github_projects/avida/work/ecology_test_2_slow_run_7/data/detail-84666.spop
ecology_test_2_slow_run_7,ecology_test_2_slow,84666,3553,413,355300,n,swap-stk,13575,0.03820714888826344,/Users/alinaqvi/Desktop/github_projects/avida/work/ecology_test_2_slow_run_7/data/detail-84666.spop
ecology_test_2_slow_run_7,ecology_test_2_slow,84666,3553,413,355300,o,swap,20458,0.05757951027300873,/Users/alinaqvi/Desktop/github_projects/avida/work/ecology_test_2_slow_run_7/data/detail-84666.spop
ecology_test_2_slow_run_7,ecology_test_2_slow,84666,3553,413,355300,p,add,4270,0.012018012946805516,/Users/alinaqvi/Desktop/github_projects/avida/work/ecology_test_2_slow_run_7/data/detail-84666.spop
ecology_test_2_slow_run_7,ecology_test_2_slow,84666,3553,413,355300,q,sub,3911,0.011007599211933576,/Users/alinaqvi/Desktop/github_projects/avida/work/ecology_test_2_slow_run_7/data/detail-84666.spop
ecology_test_2_slow_run_7,ecology_test_2_slow,84666,3553,413,355300,r,nand,5898,0.016600056290458767,/Users/alinaqvi/Desktop/github_projects/avida/work/ecology_test_2_slow_run_7/data/detail-84666.spop
ecology_test_2_slow_run_7,ecology_test_2_slow,84666,3553,413,355300,s,repro,16433,0.046251055446101884,/Users/alinaqvi/Desktop/github_projects/avida/work/ecology_test_2_slow_run_7/data/detail-84666.spop
ecology_test_2_slow_run_7,ecology_test_2_slow,84666,3553,413,355300,t,repro-semel,9884,0.02781874472276949,/Users/alinaqvi/Desktop/github_projects/avida/work/ecology_test_2_slow_run_7/data/detail-84666.spop
ecology_test_2_slow_run_7,ecology_test_2_slow,84666,3553,413,355300,u,move,10873,0.030602307908809457,/Users/alinaqvi/Desktop/github_projects/avida/work/ecology_test_2_slow_run_7/data/detail-84666.spop
ecology_test_2_slow_run_7,ecology_test_2_slow,84666,3553,413,355300,v,rotate-left-one,3527,0.009926822403602589,/Users/alinaqvi/Desktop/github_projects/avida/work/ecology_test_2_slow_run_7/data/detail-84666.spop
ecology_test_2_slow_run_7,ecology_test_2_slow,84666,3553,413,355300,w,rotate-right-one,11741,0.03304531381930763,/Users/alinaqvi/Desktop/github_projects/avida/work/ecology_test_2_slow_run_7/data/detail-84666.spop
ecology_test_2_slow_run_7,ecology_test_2_slow,84666,3553,413,355300,x,sense-resource0,13473,0.03792006754855052,/Users/alinaqvi/Desktop/github_projects/avida/work/ecology_test_2_slow_run_7/data/detail-84666.spop
ecology_test_2_slow_run_7,ecology_test_2_slow,84666,3553,413,355300,y,sense-faced-resource0,13915,0.039164086687306504,/Users/alinaqvi/Desktop/github_projects/avida/work/ecology_test_2_slow_run_7/data/detail-84666.spop
ecology_test_2_slow_run_8,ecology_test_2_slow,147890,7568,615,756800,a,nop-B,56777,0.07502246300211417,/Users/alinaqvi/Desktop/github_projects/avida/work/ecology_test_2_slow_run_8/data/detail-147890.spop
ecology_test_2_slow_run_8,ecology_test_2_slow,147890,7568,615,756800,b,nop-C,210259,0.27782637420718814,/Users/alinaqvi/Desktop/github_projects/avida/work/ecology_test_2_slow_run_8/data/detail-147890.spop
ecology_test_2_slow_run_8,ecology_test_2_slow,147890,7568,615,756800,c,if-n-equ,22790,0.030113636363636363,/Users/alinaqvi/Desktop/github_projects/avida/work/ecology_test_2_slow_run_8/data/detail-147890.spop
ecology_test_2_slow_run_8,ecology_test_2_slow,147890,7568,615,756800,d,if-less,22832,0.030169133192389005,/Users/alinaqvi/Desktop/github_projects/avida/work/ecology_test_2_slow_run_8/data/detail-147890.spop
ecology_test_2_slow_run_8,ecology_test_2_slow,147890,7568,615,756800,e,if-not-0,22343,0.02952299154334038,/Users/alinaqvi/Desktop/github_projects/avida/work/ecology_test_2_slow_run_8/data/detail-147890.spop
ecology_test_2_slow_run_8,ecology_test_2_slow,147890,7568,615,756800,f,if-les-0,20814,0.027502642706131078,/Users/alinaqvi/Desktop/github_projects/avida/work/ecology_test_2_slow_run_8/data/detail-147890.spop
ecology_test_2_slow_run_8,ecology_test_2_slow,147890,7568,615,756800,g,if-grt-0,18538,0.024495243128964058,/Users/alinaqvi/Desktop/github_projects/avida/work/ecology_test_2_slow_run_8/data/detail-147890.spop
ecology_test_2_slow_run_8,ecology_test_2_slow,147890,7568,615,756800,h,if-label,55226,0.07297304439746301,/Users/alinaqvi/Desktop/github_projects/avida/work/ecology_test_2_slow_run_8/data/detail-147890.spop
ecology_test_2_slow_run_8,ecology_test_2_slow,147890,7568,615,756800,i,zero,16416,0.021691331923890063,/Users/alinaqvi/Desktop/github_projects/avida/work/ecology_test_2_slow_run_8/data/detail-147890.spop
ecology_test_2_slow_run_8,ecology_test_2_slow,147890,7568,615,756800,j,inc,7643,0.010099101479915433,/Users/alinaqvi/Desktop/github_projects/avida/work/ecology_test_2_slow_run_8/data/detail-147890.spop
ecology_test_2_slow_run_8,ecology_test_2_slow,147890,7568,615,756800,k,dec,26961,0.035625,/Users/alinaqvi/Desktop/github_projects/avida/work/ecology_test_2_slow_run_8/data/detail-147890.spop
ecology_test_2_slow_run_8,ecology_test_2_slow,147890,7568,615,756800,l,push,21984,0.02904862579281184,/Users/alinaqvi/Desktop/github_projects/avida/work/ecology_test_2_slow_run_8/data/detail-147890.spop
ecology_test_2_slow_run_8,ecology_test_2_slow,147890,7568,615,756800,m,pop,7762,0.010256342494714587,/Users/alinaqvi/Desktop/github_projects/avida/work/ecology_test_2_slow_run_8/data/detail-147890.spop
ecology_test_2_slow_run_8,ecology_test_2_slow,147890,7568,615,756800,n,swap-stk,3336,0.004408033826638478,/Users/alinaqvi/Desktop/github_projects/avida/work/ecology_test_2_slow_run_8/data/detail-147890.spop
ecology_test_2_slow_run_8,ecology_test_2_slow,147890,7568,615,756800,o,swap,9754,0.012888477801268498,/Users/alinaqvi/Desktop/github_projects/avida/work/ecology_test_2_slow_run_8/data/detail-147890.spop
ecology_test_2_slow_run_8,ecology_test_2_slow,147890,7568,615,756800,p,add,31849,0.04208377378435518,/Users/alinaqvi/Desktop/github_projects/avida/work/ecology_test_2_slow_run_8/data/detail-147890.spop
ecology_test_2_slow_run_8,ecology_test_2_slow,147890,7568,615,756800,q,sub,15728,0.020782241014799155,/Users/alinaqvi/Desktop/github_projects/avida/work/ecology_test_2_slow_run_8/data/detail-147890.spop
ecology_test_2_slow_run_8,ecology_test_2_slow,147890,7568,615,756800,r,nand,7059,0.009327431289640592,/Users/alinaqvi/Desktop/github_projects/avida/work/ecology_test_2_slow_run_8/data/detail-147890.spop
ecology_test_2_slow_run_8,ecology_test_2_slow,147890,7568,615,756800,s,repro,30505,0.04030787526427061,/Users/alinaqvi/Desktop/github_projects/avida/work/ecology_test_2_slow_run_8/data/detail-147890.spop
ecology_test_2_slow_run_8,ecology_test_2_slow,147890,7568,615,756800,t,repro-semel,4000,0.005285412262156448,/Users/alinaqvi/Desktop/github_projects/avida/work/ecology_test_2_slow_run_8/data/detail-147890.spop
ecology_test_2_slow_run_8,ecology_test_2_slow,147890,7568,615,756800,u,move,111091,0.1467904334038055,/Users/alinaqvi/Desktop/github_projects/avida/work/ecology_test_2_slow_run_8/data/detail-147890.spop
ecology_test_2_slow_run_8,ecology_test_2_slow,147890,7568,615,756800,v,rotate-left-one,14457,0.019102801268498944,/Users/alinaqvi/Desktop/github_projects/avida/work/ecology_test_2_slow_run_8/data/detail-147890.spop
ecology_test_2_slow_run_8,ecology_test_2_slow,147890,7568,615,756800,w,rotate-right-one,6784,0.008964059196617337,/Users/alinaqvi/Desktop/github_projects/avida/work/ecology_test_2_slow_run_8/data/detail-147890.spop
ecology_test_2_slow_run_8,ecology_test_2_slow,147890,7568,615,756800,x,sense-resource0,10825,0.014303646934460889,/Users/alinaqvi/Desktop/github_projects/avida/work/ecology_test_2_slow_run_8/data/detail-147890.spop
ecology_test_2_slow_run_8,ecology_test_2_slow,147890,7568,615,756800,y,sense-faced-resource0,1067,0.0014098837209302326,/Users/alinaqvi/Desktop/github_projects/avida/work/ecology_test_2_slow_run_8/data/detail-147890.spop
ecology_test_2_slow_run_9,ecology_test_2_slow,145312,10423,566,1042300,a,nop-B,48034,0.04608462055070517,/Users/alinaqvi/Desktop/github_projects/avida/work/ecology_test_2_slow_run_9/data/detail-145312.spop
ecology_test_2_slow_run_9,ecology_test_2_slow,145312,10423,566,1042300,b,nop-C,331887,0.31841792190348267,/Users/alinaqvi/Desktop/github_projects/avida/work/ecology_test_2_slow_run_9/data/detail-145312.spop
ecology_test_2_slow_run_9,ecology_test_2_slow,145312,10423,566,1042300,c,if-n-equ,7097,0.006808980140074835,/Users/alinaqvi/Desktop/github_projects/avida/work/ecology_test_2_slow_run_9/data/detail-145312.spop
ecology_test_2_slow_run_9,ecology_test_2_slow,145312,10423,566,1042300,d,if-less,24462,0.02346925069557709,/Users/alinaqvi/Desktop/github_projects/avida/work/ecology_test_2_slow_run_9/data/detail-145312.spop
ecology_test_2_slow_run_9,ecology_test_2_slow,145312,10423,566,1042300,e,if-not-0,19025,0.018252902235440852,/Users/alinaqvi/Desktop/github_projects/avida/work/ecology_test_2_slow_run_9/data/detail-145312.spop
ecology_test_2_slow_run_9,ecology_test_2_slow,145312,10423,566,1042300,f,if-les-0,79623,0.07639163388659695,/Users/alinaqvi/Desktop/github_projects/avida/work/ecology_test_2_slow_run_9/data/detail-145312.spop
ecology_test_2_slow_run_9,ecology_test_2_slow,145312,10423,566,1042300,g,if-grt-0,12692,0.012176916434807637,/Users/alinaqvi/Desktop/github_projects/avida/work/ecology_test_2_slow_run_9/data/detail-145312.spop
ecology_test_2_slow_run_9,ecology_test_2_slow,145312,10423,566,1042300,h,if-label,57921,0.055570373213086444,/Users/alinaqvi/Desktop/github_projects/avida/work/ecology_test_2_slow_run_9/data/detail-145312.spop
ecology_test_2_slow_run_9,ecology_test_2_slow,145312,10423,566,1042300,i,zero,53177,0.05101890050849084,/Users/alinaqvi/Desktop/github_projects/avida/work/ecology_test_2_slow_run_9/data/detail-145312.spop
ecology_test_2_slow_run_9,ecology_test_2_slow,145312,10423,566,1042300,j,inc,13068,0.012537657104480475,/Users/alinaqvi/Desktop/github_projects/avida/work/ecology_test_2_slow_run_9/data/detail-145312.spop
ecology_test_2_slow_run_9,ecology_test_2_slow,145312,10423,566,1042300,k,dec,2361,0.002265182768876523,/Users/alinaqvi/Desktop/github_projects/avida/work/ecology_test_2_slow_run_9/data/detail-145312.spop
ecology_test_2_slow_run_9,ecology_test_2_slow,145312,10423,566,1042300,l,push,23417,0.0224666602705555,/Users/alinaqvi/Desktop/github_projects/avida/work/ecology_test_2_slow_run_9/data/detail-145312.spop
ecology_test_2_slow_run_9,ecology_test_2_slow,145312,10423,566,1042300,m,pop,9879,0.009478077328983977,/Users/alinaqvi/Desktop/github_projects/avida/work/ecology_test_2_slow_run_9/data/detail-145312.spop
ecology_test_2_slow_run_9,ecology_test_2_slow,145312,10423,566,1042300,n,swap-stk,19078,0.01830375131919793,/Users/alinaqvi/Desktop/github_projects/avida/work/ecology_test_2_slow_run_9/data/detail-145312.spop
ecology_test_2_slow_run_9,ecology_test_2_slow,145312,10423,566,1042300,o,swap,12042,0.011553295596277463,/Users/alinaqvi/Desktop/github_projects/avida/work/ecology_test_2_slow_run_9/data/detail-145312.spop
ecology_test_2_slow_run_9,ecology_test_2_slow,145312,10423,566,1042300,p,add,20962,0.020111292334260768,/Users/alinaqvi/Desktop/github_projects/avida/work/ecology_test_2_slow_run_9/data/detail-145312.spop
ecology_test_2_slow_run_9,ecology_test_2_slow,145312,10423,566,1042300,q,sub,31392,0.030118008250983402,/Users/alinaqvi/Desktop/github_projects/avida/work/ecology_test_2_slow_run_9/data/detail-145312.spop
ecology_test_2_slow_run_9,ecology_test_2_slow,145312,10423,566,1042300,r,nand,15474,0.01484601362371678,/Users/alinaqvi/Desktop/github_projects/avida/work/ecology_test_2_slow_run_9/data/detail-145312.spop
ecology_test_2_slow_run_9,ecology_test_2_slow,145312,10423,566,1042300,s,repro,44192,0.042398541686654516,/Users/alinaqvi/Desktop/github_projects/avida/work/ecology_test_2_slow_run_9/data/detail-145312.spop
ecology_test_2_slow_run_9,ecology_test_2_slow,145312,10423,566,1042300,t,repro-semel,10780,0.010342511752854265,/Users/alinaqvi/Desktop/github_projects/avida/work/ecology_test_2_slow_run_9/data/detail-145312.spop
ecology_test_2_slow_run_9,ecology_test_2_slow,145312,10423,566,1042300,u,move,162952,0.15633886596949054,/Users/alinaqvi/Desktop/github_projects/avida/work/ecology_test_2_slow_run_9/data/detail-145312.spop
ecology_test_2_slow_run_9,ecology_test_2_slow,145312,10423,566,1042300,v,rotate-left-one,22721,0.021798906264990887,/Users/alinaqvi/Desktop/github_projects/avida/work/ecology_test_2_slow_run_9/data/detail-145312.spop
ecology_test_2_slow_run_9,ecology_test_2_slow,145312,10423,566,1042300,w,rotate-right-one,10763,0.010326201669385015,/Users/alinaqvi/Desktop/github_projects/avida/work/ecology_test_2_slow_run_9/data/detail-145312.spop
ecology_test_2_slow_run_9,ecology_test_2_slow,145312,10423,566,1042300,x,sense-resource0,1120,0.0010745466756212224,/Users/alinaqvi/Desktop/github_projects/avida/work/ecology_test_2_slow_run_9/data/detail-145312.spop
ecology_test_2_slow_run_9,ecology_test_2_slow,145312,10423,566,1042300,y,sense-faced-resource0,8181,0.007848987815408232,/Users/alinaqvi/Desktop/github_projects/avida/work/ecology_test_2_slow_run_9/data/detail-145312.spop
ecology_test_2_slow_run_10,ecology_test_2_slow,114614,6066,507,606600,a,nop-B,35001,0.05770029673590504,/Users/alinaqvi/Desktop/github_projects/avida/work/ecology_test_2_slow_run_10/data/detail-114614.spop
ecology_test_2_slow_run_10,ecology_test_2_slow,114614,6066,507,606600,b,nop-C,137204,0.22618529508737223,/Users/alinaqvi/Desktop/github_projects/avida/work/ecology_test_2_slow_run_10/data/detail-114614.spop
ecology_test_2_slow_run_10,ecology_test_2_slow,114614,6066,507,606600,c,if-n-equ,15181,0.025026376524892844,/Users/alinaqvi/Desktop/github_projects/avida/work/ecology_test_2_slow_run_10/data/detail-114614.spop
ecology_test_2_slow_run_10,ecology_test_2_slow,114614,6066,507,606600,d,if-less,30040,0.049521925486317175,/Users/alinaqvi/Desktop/github_projects/avida/work/ecology_test_2_slow_run_10/data/detail-114614.spop
ecology_test_2_slow_run_10,ecology_test_2_slow,114614,6066,507,606600,e,if-not-0,21775,0.03589680184635674,/Users/alinaqvi/Desktop/github_projects/avida/work/ecology_test_2_slow_run_10/data/detail-114614.spop
ecology_test_2_slow_run_10,ecology_test_2_slow,114614,6066,507,606600,f,if-les-0,36508,0.06018463567424992,/Users/alinaqvi/Desktop/github_projects/avida/work/ecology_test_2_slow_run_10/data/detail-114614.spop
ecology_test_2_slow_run_10,ecology_test_2_slow,114614,6066,507,606600,g,if-grt-0,1449,0.0023887240356083085,/Users/alinaqvi/Desktop/github_projects/avida/work/ecology_test_2_slow_run_10/data/detail-114614.spop
ecology_test_2_slow_run_10,ecology_test_2_slow,114614,6066,507,606600,h,if-label,26255,0.04328222881635344,/Users/alinaqvi/Desktop/github_projects/avida/work/ecology_test_2_slow_run_10/data/detail-114614.spop
ecology_test_2_slow_run_10,ecology_test_2_slow,114614,6066,507,606600,i,zero,19173,0.031607319485657766,/Users/alinaqvi/Desktop/github_projects/avida/work/ecology_test_2_slow_run_10/data/detail-114614.spop
ecology_test_2_slow_run_10,ecology_test_2_slow,114614,6066,507,606600,j,inc,17087,0.02816848005275305,/Users/alinaqvi/Desktop/github_projects/avida/work/ecology_test_2_slow_run_10/data/detail-114614.spop
ecology_test_2_slow_run_10,ecology_test_2_slow,114614,6066,507,606600,k,dec,11932,0.019670293438839432,/Users/alinaqvi/Desktop/github_projects/avida/work/ecology_test_2_slow_run_10/data/detail-114614.spop
ecology_test_2_slow_run_10,ecology_test_2_slow,114614,6066,507,606600,l,push,2681,0.004419716452357402,/Users/alinaqvi/Desktop/github_projects/avida/work/ecology_test_2_slow_run_10/data/detail-114614.spop
ecology_test_2_slow_run_10,ecology_test_2_slow,114614,6066,507,606600,m,pop,17771,0.029296076491922188,/Users/alinaqvi/Desktop/github_projects/avida/work/ecology_test_2_slow_run_10/data/detail-114614.spop
ecology_test_2_slow_run_10,ecology_test_2_slow,114614,6066,507,606600,n,swap-stk,9317,0.015359380151665018,/Users/alinaqvi/Desktop/github_projects/avida/work/ecology_test_2_slow_run_10/data/detail-114614.spop
ecology_test_2_slow_run_10,ecology_test_2_slow,114614,6066,507,606600,o,swap,12102,0.019950544015825914,/Users/alinaqvi/Desktop/github_projects/avida/work/ecology_test_2_slow_run_10/data/detail-114614.spop
ecology_test_2_slow_run_10,ecology_test_2_slow,114614,6066,507,606600,p,add,11240,0.018529508737223872,/Users/alinaqvi/Desktop/github_projects/avida/work/ecology_test_2_slow_run_10/data/detail-114614.spop
ecology_test_2_slow_run_10,ecology_test_2_slow,114614,6066,507,606600,q,sub,20888,0.03443455324760963,/Users/alinaqvi/Desktop/github_projects/avida/work/ecology_test_2_slow_run_10/data/detail-114614.spop
ecology_test_2_slow_run_10,ecology_test_2_slow,114614,6066,507,606600,r,nand,18797,0.030987471150675898,/Users/alinaqvi/Desktop/github_projects/avida/work/ecology_test_2_slow_run_10/data/detail-114614.spop
ecology_test_2_slow_run_10,ecology_test_2_slow,114614,6066,507,606600,s,repro,37908,0.062492581602373885,/Users/alinaqvi/Desktop/github_projects/avida/work/ecology_test_2_slow_run_10/data/detail-114614.spop
ecology_test_2_slow_run_10,ecology_test_2_slow,114614,6066,507,606600,t,repro-semel,15112,0.02491262776129245,/Users/alinaqvi/Desktop/github_projects/avida/work/ecology_test_2_slow_run_10/data/detail-114614.spop
ecology_test_2_slow_run_10,ecology_test_2_slow,114614,6066,507,606600,u,move,62086,0.10235080778107485,/Users/alinaqvi/Desktop/github_projects/avida/work/ecology_test_2_slow_run_10/data/detail-114614.spop
ecology_test_2_slow_run_10,ecology_test_2_slow,114614,6066,507,606600,v,rotate-left-one,4799,0.007911308935047807,/Users/alinaqvi/Desktop/github_projects/avida/work/ecology_test_2_slow_run_10/data/detail-114614.spop
ecology_test_2_slow_run_10,ecology_test_2_slow,114614,6066,507,606600,w,rotate-right-one,13508,0.0222683811407847,/Users/alinaqvi/Desktop/github_projects/avida/work/ecology_test_2_slow_run_10/data/detail-114614.spop
ecology_test_2_slow_run_10,ecology_test_2_slow,114614,6066,507,606600,x,sense-resource0,9489,0.015642927794263104,/Users/alinaqvi/Desktop/github_projects/avida/work/ecology_test_2_slow_run_10/data/detail-114614.spop
ecology_test_2_slow_run_10,ecology_test_2_slow,114614,6066,507,606600,y,sense-faced-resource0,19297,0.031811737553577316,/Users/alinaqvi/Desktop/github_projects/avida/work/ecology_test_2_slow_run_10/data/detail-114614.spop
ecology_test_2_slow_run_11,ecology_test_2_slow,152599,9798,773,979800,a,nop-B,71451,0.07292406613594611,/Users/alinaqvi/Desktop/github_projects/avida/work/ecology_test_2_slow_run_11/data/detail-152599.spop
ecology_test_2_slow_run_11,ecology_test_2_slow,152599,9798,773,979800,b,nop-C,228146,0.2328495611349255,/Users/alinaqvi/Desktop/github_projects/avida/work/ecology_test_2_slow_run_11/data/detail-152599.spop
ecology_test_2_slow_run_11,ecology_test_2_slow,152599,9798,773,979800,c,if-n-equ,25527,0.026053276178812004,/Users/alinaqvi/Desktop/github_projects/avida/work/ecology_test_2_slow_run_11/data/detail-152599.spop
ecology_test_2_slow_run_11,ecology_test_2_slow,152599,9798,773,979800,d,if-less,11952,0.012198407838334355,/Users/alinaqvi/Desktop/github_projects/avida/work/ecology_test_2_slow_run_11/data/detail-152599.spop
ecology_test_2_slow_run_11,ecology_test_2_slow,152599,9798,773,979800,e,if-not-0,16266,0.016601347213717085,/Users/alinaqvi/Desktop/github_projects/avida/work/ecology_test_2_slow_run_11/data/detail-152599.spop
ecology_test_2_slow_run_11,ecology_test_2_slow,152599,9798,773,979800,f,if-les-0,75492,0.07704837721984079,/Users/alinaqvi/Desktop/github_projects/avida/work/ecology_test_2_slow_run_11/data/detail-152599.spop
ecology_test_2_slow_run_11,ecology_test_2_slow,152599,9798,773,979800,g,if-grt-0,27234,0.027795468462951622,/Users/alinaqvi/Desktop/github_projects/avida/work/ecology_test_2_slow_run_11/data/detail-152599.spop
ecology_test_2_slow_run_11,ecology_test_2_slow,152599,9798,773,979800,h,if-label,38405,0.03919677485201061,/Users/alinaqvi/Desktop/github_projects/avida/work/ecology_test_2_slow_run_11/data/detail-152599.spop
ecology_test_2_slow_run_11,ecology_test_2_slow,152599,9798,773,979800,i,zero,25245,0.02576546233925291,/Users/alinaqvi/Desktop/github_projects/avida/work/ecology_test_2_slow_run_11/data/detail-152599.spop
ecology_test_2_slow_run_11,ecology_test_2_slow,152599,9798,773,979800,j,inc,8287,0.008457848540518472,/Users/alinaqvi/Desktop/github_projects/avida/work/ecology_test_2_slow_run_11/data/detail-152599.spop
ecology_test_2_slow_run_11,ecology_test_2_slow,152599,9798,773,979800,k,dec,19363,0.01976219636660543,/Users/alinaqvi/Desktop/github_projects/avida/work/ecology_test_2_slow_run_11/data/detail-152599.spop
ecology_test_2_slow_run_11,ecology_test_2_slow,152599,9798,773,979800,l,push,24423,0.02492651561543172,/Users/alinaqvi/Desktop/github_projects/avida/work/ecology_test_2_slow_run_11/data/detail-152599.spop
ecology_test_2_slow_run_11,ecology_test_2_slow,152599,9798,773,979800,m,pop,18071,0.01844355991018575,/Users/alinaqvi/Desktop/github_projects/avida/work/ecology_test_2_slow_run_11/data/detail-152599.spop
ecology_test_2_slow_run_11,ecology_test_2_slow,152599,9798,773,979800,n,swap-stk,8558,0.008734435599101857,/Users/alinaqvi/Desktop/github_projects/avida/work/ecology_test_2_slow_run_11/data/detail-152599.spop
ecology_test_2_slow_run_11,ecology_test_2_slow,152599,9798,773,979800,o,swap,11544,0.011781996325780772,/Users/alinaqvi/Desktop/github_projects/avida/work/ecology_test_2_slow_run_11/data/detail-152599.spop
ecology_test_2_slow_run_11,ecology_test_2_slow,152599,9798,773,979800,p,add,26638,0.027187181057358643,/Users/alinaqvi/Desktop/github_projects/avida/work/ecology_test_2_slow_run_11/data/detail-152599.spop
ecology_test_2_slow_run_11,ecology_test_2_slow,152599,9798,773,979800,q,sub,53688,0.05479485609308022,/Users/alinaqvi/Desktop/github_projects/avida/work/ecology_test_2_slow_run_11/data/detail-152599.spop
ecology_test_2_slow_run_11,ecology_test_2_slow,152599,9798,773,979800,r,nand,26510,0.027056542151459483,/Users/alinaqvi/Desktop/github_projects/avida/work/ecology_test_2_slow_run_11/data/detail-152599.spop
ecology_test_2_slow_run_11,ecology_test_2_slow,152599,9798,773,979800,s,repro,76882,0.0784670340885895,/Users/alinaqvi/Desktop/github_projects/avida/work/ecology_test_2_slow_run_11/data/detail-152599.spop
ecology_test_2_slow_run_11,ecology_test_2_slow,152599,9798,773,979800,t,repro-semel,8063,0.008229230455194938,/Users/alinaqvi/Desktop/github_projects/avida/work/ecology_test_2_slow_run_11/data/detail-152599.spop
ecology_test_2_slow_run_11,ecology_test_2_slow,152599,9798,773,979800,u,move,149582,0.15266585017350479,/Users/alinaqvi/Desktop/github_projects/avida/work/ecology_test_2_slow_run_11/data/detail-152599.spop
ecology_test_2_slow_run_11,ecology_test_2_slow,152599,9798,773,979800,v,rotate-left-one,10853,0.011076750357215758,/Users/alinaqvi/Desktop/github_projects/avida/work/ecology_test_2_slow_run_11/data/detail-152599.spop
ecology_test_2_slow_run_11,ecology_test_2_slow,152599,9798,773,979800,w,rotate-right-one,2578,0.0026311492141253318,/Users/alinaqvi/Desktop/github_projects/avida/work/ecology_test_2_slow_run_11/data/detail-152599.spop
ecology_test_2_slow_run_11,ecology_test_2_slow,152599,9798,773,979800,x,sense-resource0,12007,0.0122545417432129,/Users/alinaqvi/Desktop/github_projects/avida/work/ecology_test_2_slow_run_11/data/detail-152599.spop
ecology_test_2_slow_run_11,ecology_test_2_slow,152599,9798,773,979800,y,sense-faced-resource0,3035,0.0030975709328434375,/Users/alinaqvi/Desktop/github_projects/avida/work/ecology_test_2_slow_run_11/data/detail-152599.spop
ecology_test_2_slow_run_12,ecology_test_2_slow,157679,6685,648,668500,a,nop-B,67898,0.10156768885564697,/Users/alinaqvi/Desktop/github_projects/avida/work/ecology_test_2_slow_run_12/data/detail-157679.spop
ecology_test_2_slow_run_12,ecology_test_2_slow,157679,6685,648,668500,b,nop-C,97466,0.14579805534779358,/Users/alinaqvi/Desktop/github_projects/avida/work/ecology_test_2_slow_run_12/data/detail-157679.spop
ecology_test_2_slow_run_12,ecology_test_2_slow,157679,6685,648,668500,c,if-n-equ,22069,0.03301271503365744,/Users/alinaqvi/Desktop/github_projects/avida/work/ecology_test_2_slow_run_12/data/detail-157679.spop
ecology_test_2_slow_run_12,ecology_test_2_slow,157679,6685,648,668500,d,if-less,20826,0.031153328347045626,/Users/alinaqvi/Desktop/github_projects/avida/work/ecology_test_2_slow_run_12/data/detail-157679.spop
ecology_test_2_slow_run_12,ecology_test_2_slow,157679,6685,648,668500,e,if-not-0,39013,0.05835901271503366,/Users/alinaqvi/Desktop/github_projects/avida/work/ecology_test_2_slow_run_12/data/detail-157679.spop
ecology_test_2_slow_run_12,ecology_test_2_slow,157679,6685,648,668500,f,if-les-0,19221,0.02875243081525804,/Users/alinaqvi/Desktop/github_projects/avida/work/ecology_test_2_slow_run_12/data/detail-157679.spop
ecology_test_2_slow_run_12,ecology_test_2_slow,157679,6685,648,668500,g,if-grt-0,20092,0.03005534779356769,/Users/alinaqvi/Desktop/github_projects/avida/work/ecology_test_2_slow_run_12/data/detail-157679.spop
ecology_test_2_slow_run_12,ecology_test_2_slow,157679,6685,648,668500,h,if-label,15994,0.023925205684367987,/Users/alinaqvi/Desktop/github_projects/avida/work/ecology_test_2_slow_run_12/data/detail-157679.spop
ecology_test_2_slow_run_12,ecology_test_2_slow,157679,6685,648,668500,i,zero,11136,0.016658189977561706,/Users/alinaqvi/Desktop/github_projects/avida/work/ecology_test_2_slow_run_12/data/detail-157679.spop
ecology_test_2_slow_run_12,ecology_test_2_slow,157679,6685,648,668500,j,inc,20750,0.031039640987284966,/Users/alinaqvi/Desktop/github_projects/avida/work/ecology_test_2_slow_run_12/data/detail-157679.spop
ecology_test_2_slow_run_12,ecology_test_2_slow,157679,6685,648,668500,k,dec,5969,0.00892894540014959,/Users/alinaqvi/Desktop/github_projects/avida/work/ecology_test_2_slow_run_12/data/detail-157679.spop
ecology_test_2_slow_run_12,ecology_test_2_slow,157679,6685,648,668500,l,push,10572,0.01581451009723261,/Users/alinaqvi/Desktop/github_projects/avida/work/ecology_test_2_slow_run_12/data/detail-157679.spop
ecology_test_2_slow_run_12,ecology_test_2_slow,157679,6685,648,668500,m,pop,25478,0.03811219147344802,/Users/alinaqvi/Desktop/github_projects/avida/work/ecology_test_2_slow_run_12/data/detail-157679.spop
ecology_test_2_slow_run_12,ecology_test_2_slow,157679,6685,648,668500,n,swap-stk,10761,0.016097232610321616,/Users/alinaqvi/Desktop/github_projects/avida/work/ecology_test_2_slow_run_12/data/detail-157679.spop
ecology_test_2_slow_run_12,ecology_test_2_slow,157679,6685,648,668500,o,swap,20048,0.02998952879581152,/Users/alinaqvi/Desktop/github_projects/avida/work/ecology_test_2_slow_run_12/data/detail-157679.spop
ecology_test_2_slow_run_12,ecology_test_2_slow,157679,6685,648,668500,p,add,25121,0.037578160059835455,/Users/alinaqvi/Desktop/github_projects/avida/work/ecology_test_2_slow_run_12/data/detail-157679.spop
ecology_test_2_slow_run_12,ecology_test_2_slow,157679,6685,648,668500,q,sub,7863,0.011762154076290202,/Users/alinaqvi/Desktop/github_projects/avida/work/ecology_test_2_slow_run_12/data/detail-157679.spop
ecology_test_2_slow_run_12,ecology_test_2_slow,157679,6685,648,668500,r,nand,17029,0.025473448017950637,/Users/alinaqvi/Desktop/github_projects/avida/work/ecology_test_2_slow_run_12/data/detail-157679.spop
ecology_test_2_slow_run_12,ecology_test_2_slow,157679,6685,648,668500,s,repro,30280,0.04529543754674645,/Users/alinaqvi/Desktop/github_projects/avida/work/ecology_test_2_slow_run_12/data/detail-157679.spop
ecology_test_2_slow_run_12,ecology_test_2_slow,157679,6685,648,668500,t,repro-semel,15594,0.023326851159311893,/Users/alinaqvi/Desktop/github_projects/avida/work/ecology_test_2_slow_run_12/data/detail-157679.spop
ecology_test_2_slow_run_12,ecology_test_2_slow,157679,6685,648,668500,u,move,108581,0.16242483171278982,/Users/alinaqvi/Desktop/github_projects/avida/work/ecology_test_2_slow_run_12/data/detail-157679.spop
ecology_test_2_slow_run_12,ecology_test_2_slow,157679,6685,648,668500,v,rotate-left-one,10655,0.01593866866118175,/Users/alinaqvi/Desktop/github_projects/avida/work/ecology_test_2_slow_run_12/data/detail-157679.spop
ecology_test_2_slow_run_12,ecology_test_2_slow,157679,6685,648,668500,w,rotate-right-one,980,0.0014659685863874345,/Users/alinaqvi/Desktop/github_projects/avida/work/ecology_test_2_slow_run_12/data/detail-157679.spop
ecology_test_2_slow_run_12,ecology_test_2_slow,157679,6685,648,668500,x,sense-resource0,25814,0.03861480927449514,/Users/alinaqvi/Desktop/github_projects/avida/work/ecology_test_2_slow_run_12/data/detail-157679.spop
ecology_test_2_slow_run_12,ecology_test_2_slow,157679,6685,648,668500,y,sense-faced-resource0,19290,0.028855646970830217,/Users/alinaqvi/Desktop/github_projects/avida/work/ecology_test_2_slow_run_12/data/detail-157679.spop
ecology_test_2_slow_run_13,ecology_test_2_slow,137490,6634,490,663400,a,nop-B,63049,0.0950391920410009,/Users/alinaqvi/Desktop/github_projects/avida/work/ecology_test_2_slow_run_13/data/detail-137490.spop
ecology_test_2_slow_run_13,ecology_test_2_slow,137490,6634,490,663400,b,nop-C,157153,0.23689026228519747,/Users/alinaqvi/Desktop/github_projects/avida/work/ecology_test_2_slow_run_13/data/detail-137490.spop
ecology_test_2_slow_run_13,ecology_test_2_slow,137490,6634,490,663400,c,if-n-equ,7269,0.010957190232137473,/Users/alinaqvi/Desktop/github_projects/avida/work/ecology_test_2_slow_run_13/data/detail-137490.spop
ecology_test_2_slow_run_13,ecology_test_2_slow,137490,6634,490,663400,d,if-less,12075,0.018201688272535422,/Users/alinaqvi/Desktop/github_projects/avida/work/ecology_test_2_slow_run_13/data/detail-137490.spop
ecology_test_2_slow_run_13,ecology_test_2_slow,137490,6634,490,663400,e,if-not-0,20151,0.030375339161893278,/Users/alinaqvi/Desktop/github_projects/avida/work/ecology_test_2_slow_run_13/data/detail-137490.spop
ecology_test_2_slow_run_13,ecology_test_2_slow,137490,6634,490,663400,f,if-les-0,24943,0.03759873379559843,/Users/alinaqvi/Desktop/github_projects/avida/work/ecology_test_2_slow_run_13/data/detail-137490.spop
ecology_test_2_slow_run_13,ecology_test_2_slow,137490,6634,490,663400,g,if-grt-0,22499,0.03391468194151342,/Users/alinaqvi/Desktop/github_projects/avida/work/ecology_test_2_slow_run_13/data/detail-137490.spop
ecology_test_2_slow_run_13,ecology_test_2_slow,137490,6634,490,663400,h,if-label,35877,0.054080494422671085,/Users/alinaqvi/Desktop/github_projects/avida/work/ecology_test_2_slow_run_13/data/detail-137490.spop
ecology_test_2_slow_run_13,ecology_test_2_slow,137490,6634,490,663400,i,zero,5901,0.008895085921012964,/Users/alinaqvi/Desktop/github_projects/avida/work/ecology_test_2_slow_run_13/data/detail-137490.spop
ecology_test_2_slow_run_13,ecology_test_2_slow,137490,6634,490,663400,j,inc,17341,0.026139583961410914,/Users/alinaqvi/Desktop/github_projects/avida/work/ecology_test_2_slow_run_13/data/detail-137490.spop
ecology_test_2_slow_run_13,ecology_test_2_slow,137490,6634,490,663400,k,dec,14931,0.022506783237865542,/Users/alinaqvi/Desktop/github_projects/avida/work/ecology_test_2_slow_run_13/data/detail-137490.spop
ecology_test_2_slow_run_13,ecology_test_2_slow,137490,6634,490,663400,l,push,9145,0.013785046728971963,/Users/alinaqvi/Desktop/github_projects/avida/work/ecology_test_2_slow_run_13/data/detail-137490.spop
ecology_test_2_slow_run_13,ecology_test_2_slow,137490,6634,490,663400,m,pop,19186,0.028920711486282787,/Users/alinaqvi/Desktop/github_projects/avida/work/ecology_test_2_slow_run_13/data/detail-137490.spop
ecology_test_2_slow_run_13,ecology_test_2_slow,137490,6634,490,663400,n,swap-stk,16441,0.024782936388302684,/Users/alinaqvi/Desktop/github_projects/avida/work/ecology_test_2_slow_run_13/data/detail-137490.spop
ecology_test_2_slow_run_13,ecology_test_2_slow,137490,6634,490,663400,o,swap,20031,0.03019445281881218,/Users/alinaqvi/Desktop/github_projects/avida/work/ecology_test_2_slow_run_13/data/detail-137490.spop
ecology_test_2_slow_run_13,ecology_test_2_slow,137490,6634,490,663400,p,add,14813,0.02232891166716913,/Users/alinaqvi/Desktop/github_projects/avida/work/ecology_test_2_slow_run_13/data/detail-137490.spop
ecology_test_2_slow_run_13,ecology_test_2_slow,137490,6634,490,663400,q,sub,3516,0.005299969852276153,/Users/alinaqvi/Desktop/github_projects/avida/work/ecology_test_2_slow_run_13/data/detail-137490.spop
ecology_test_2_slow_run_13,ecology_test_2_slow,137490,6634,490,663400,r,nand,22844,0.03443473017787157,/Users/alinaqvi/Desktop/github_projects/avida/work/ecology_test_2_slow_run_13/data/detail-137490.spop
ecology_test_2_slow_run_13,ecology_test_2_slow,137490,6634,490,663400,s,repro,25025,0.037722339463370516,/Users/alinaqvi/Desktop/github_projects/avida/work/ecology_test_2_slow_run_13/data/detail-137490.spop
ecology_test_2_slow_run_13,ecology_test_2_slow,137490,6634,490,663400,t,repro-semel,12933,0.01949502562556527,/Users/alinaqvi/Desktop/github_projects/avida/work/ecology_test_2_slow_run_13/data/detail-137490.spop
ecology_test_2_slow_run_13,ecology_test_2_slow,137490,6634,490,663400,u,move,110362,0.16635815495930056,/Users/alinaqvi/Desktop/github_projects/avida/work/ecology_test_2_slow_run_13/data/detail-137490.spop
ecology_test_2_slow_run_13,ecology_test_2_slow,137490,6634,490,663400,v,rotate-left-one,6933,0.010450708471510401,/Users/alinaqvi/Desktop/github_projects/avida/work/ecology_test_2_slow_run_13/data/detail-137490.spop
ecology_test_2_slow_run_13,ecology_test_2_slow,137490,6634,490,663400,w,rotate-right-one,3436,0.005179378956888755,/Users/alinaqvi/Desktop/github_projects/avida/work/ecology_test_2_slow_run_13/data/detail-137490.spop
ecology_test_2_slow_run_13,ecology_test_2_slow,137490,6634,490,663400,x,sense-resource0,5010,0.007552004823635815,/Users/alinaqvi/Desktop/github_projects/avida/work/ecology_test_2_slow_run_13/data/detail-137490.spop
ecology_test_2_slow_run_13,ecology_test_2_slow,137490,6634,490,663400,y,sense-faced-resource0,12536,0.018896593307205306,/Users/alinaqvi/Desktop/github_projects/avida/work/ecology_test_2_slow_run_13/data/detail-137490.spop
ecology_test_2_slow_run_14,ecology_test_2_slow,134335,7793,559,779300,a,nop-B,42750,0.05485692287950725,/Users/alinaqvi/Desktop/github_projects/avida/work/ecology_test_2_slow_run_14/data/detail-134335.spop
ecology_test_2_slow_run_14,ecology_test_2_slow,134335,7793,559,779300,b,nop-C,122407,0.1570730142435519,/Users/alinaqvi/Desktop/github_projects/avida/work/ecology_test_2_slow_run_14/data/detail-134335.spop
ecology_test_2_slow_run_14,ecology_test_2_slow,134335,7793,559,779300,c,if-n-equ,40154,0.051525728217631205,/Users/alinaqvi/Desktop/github_projects/avida/work/ecology_test_2_slow_run_14/data/detail-134335.spop
ecology_test_2_slow_run_14,ecology_test_2_slow,134335,7793,559,779300,d,if-less,42802,0.05492364942897472,/Users/alinaqvi/Desktop/github_projects/avida/work/ecology_test_2_slow_run_14/data/detail-134335.spop
ecology_test_2_slow_run_14,ecology_test_2_slow,134335,7793,559,779300,e,if-not-0,19828,0.02544334659309637,/Users/alinaqvi/Desktop/github_projects/avida/work/ecology_test_2_slow_run_14/data/detail-134335.spop
ecology_test_2_slow_run_14,ecology_test_2_slow,134335,7793,559,779300,f,if-les-0,24636,0.03161298601308867,/Users/alinaqvi/Desktop/github_projects/avida/work/ecology_test_2_slow_run_14/data/detail-134335.spop
ecology_test_2_slow_run_14,ecology_test_2_slow,134335,7793,559,779300,g,if-grt-0,10591,0.013590401642499679,/Users/alinaqvi/Desktop/github_projects/avida/work/ecology_test_2_slow_run_14/data/detail-134335.spop
ecology_test_2_slow_run_14,ecology_test_2_slow,134335,7793,559,779300,h,if-label,39794,0.05106377518285641,/Users/alinaqvi/Desktop/github_projects/avida/work/ecology_test_2_slow_run_14/data/detail-134335.spop
ecology_test_2_slow_run_14,ecology_test_2_slow,134335,7793,559,779300,i,zero,38926,0.0499499550878994,/Users/alinaqvi/Desktop/github_projects/avida/work/ecology_test_2_slow_run_14/data/detail-134335.spop
ecology_test_2_slow_run_14,ecology_test_2_slow,134335,7793,559,779300,j,inc,22435,0.02878865648659053,/Users/alinaqvi/Desktop/github_projects/avida/work/ecology_test_2_slow_run_14/data/detail-134335.spop
ecology_test_2_slow_run_14,ecology_test_2_slow,134335,7793,559,779300,k,dec,23666,0.030368279224945463,/Users/alinaqvi/Desktop/github_projects/avida/work/ecology_test_2_slow_run_14/data/detail-134335.spop
ecology_test_2_slow_run_14,ecology_test_2_slow,134335,7793,559,779300,l,push,10763,0.013811112536892083,/Users/alinaqvi/Desktop/github_projects/avida/work/ecology_test_2_slow_run_14/data/detail-134335.spop
ecology_test_2_slow_run_14,ecology_test_2_slow,134335,7793,559,779300,m,pop,9493,0.012181444886436545,/Users/alinaqvi/Desktop/github_projects/avida/work/ecology_test_2_slow_run_14/data/detail-134335.spop
ecology_test_2_slow_run_14,ecology_test_2_slow,134335,7793,559,779300,n,swap-stk,33405,0.042865392018478124,/Users/alinaqvi/Desktop/github_projects/avida/work/ecology_test_2_slow_run_14/data/detail-134335.spop
ecology_test_2_slow_run_14,ecology_test_2_slow,134335,7793,559,779300,o,swap,14183,0.018199666367252662,/Users/alinaqvi/Desktop/github_projects/avida/work/ecology_test_2_slow_run_14/data/detail-134335.spop
ecology_test_2_slow_run_14,ecology_test_2_slow,134335,7793,559,779300,p,add,12093,0.015517772359810085,/Users/alinaqvi/Desktop/github_projects/avida/work/ecology_test_2_slow_run_14/data/detail-134335.spop
ecology_test_2_slow_run_14,ecology_test_2_slow,134335,7793,559,779300,q,sub,24699,0.03169382779417426,/Users/alinaqvi/Desktop/github_projects/avida/work/ecology_test_2_slow_run_14/data/detail-134335.spop
ecology_test_2_slow_run_14,ecology_test_2_slow,134335,7793,559,779300,r,nand,9391,0.012050558193250353,/Users/alinaqvi/Desktop/github_projects/avida/work/ecology_test_2_slow_run_14/data/detail-134335.spop
ecology_test_2_slow_run_14,ecology_test_2_slow,134335,7793,559,779300,s,repro,43138,0.05535480559476453,/Users/alinaqvi/Desktop/github_projects/avida/work/ecology_test_2_slow_run_14/data/detail-134335.spop
ecology_test_2_slow_run_14,ecology_test_2_slow,134335,7793,559,779300,t,repro-semel,7422,0.009523931733607082,/Users/alinaqvi/Desktop/github_projects/avida/work/ecology_test_2_slow_run_14/data/detail-134335.spop
ecology_test_2_slow_run_14,ecology_test_2_slow,134335,7793,559,779300,u,move,149500,0.19183882971897856,/Users/alinaqvi/Desktop/github_projects/avida/work/ecology_test_2_slow_run_14/data/detail-134335.spop
ecology_test_2_slow_run_14,ecology_test_2_slow,134335,7793,559,779300,v,rotate-left-one,8143,0.010449121006031053,/Users/alinaqvi/Desktop/github_projects/avida/work/ecology_test_2_slow_run_14/data/detail-134335.spop
ecology_test_2_slow_run_14,ecology_test_2_slow,134335,7793,559,779300,w,rotate-right-one,9112,0.011692544591299885,/Users/alinaqvi/Desktop/github_projects/avida/work/ecology_test_2_slow_run_14/data/detail-134335.spop
ecology_test_2_slow_run_14,ecology_test_2_slow,134335,7793,559,779300,x,sense-resource0,3730,0.004786346721416656,/Users/alinaqvi/Desktop/github_projects/avida/work/ecology_test_2_slow_run_14/data/detail-134335.spop
ecology_test_2_slow_run_14,ecology_test_2_slow,134335,7793,559,779300,y,sense-faced-resource0,16239,0.02083793147696651,/Users/alinaqvi/Desktop/github_projects/avida/work/ecology_test_2_slow_run_14/data/detail-134335.spop
ecology_test_2_slow_run_15,ecology_test_2_slow,0,178,2,17800,a,nop-B,0,0.0,/Users/alinaqvi/Desktop/github_projects/avida/work/ecology_test_2_slow_run_15/data/detail-0.spop
ecology_test_2_slow_run_15,ecology_test_2_slow,0,178,2,17800,b,nop-C,17322,0.9731460674157303,/Users/alinaqvi/Desktop/github_projects/avida/work/ecology_test_2_slow_run_15/data/detail-0.spop
ecology_test_2_slow_run_15,ecology_test_2_slow,0,178,2,17800,c,if-n-equ,0,0.0,/Users/alinaqvi/Desktop/github_projects/avida/work/ecology_test_2_slow_run_15/data/detail-0.spop
ecology_test_2_slow_run_15,ecology_test_2_slow,0,178,2,17800,d,if-less,0,0.0,/Users/alinaqvi/Desktop/github_projects/avida/work/ecology_test_2_slow_run_15/data/detail-0.spop
ecology_test_2_slow_run_15,ecology_test_2_slow,0,178,2,17800,e,if-not-0,0,0.0,/Users/alinaqvi/Desktop/github_projects/avida/work/ecology_test_2_slow_run_15/data/detail-0.spop
ecology_test_2_slow_run_15,ecology_test_2_slow,0,178,2,17800,f,if-les-0,0,0.0,/Users/alinaqvi/Desktop/github_projects/avida/work/ecology_test_2_slow_run_15/data/detail-0.spop
ecology_test_2_slow_run_15,ecology_test_2_slow,0,178,2,17800,g,if-grt-0,0,0.0,/Users/alinaqvi/Desktop/github_projects/avida/work/ecology_test_2_slow_run_15/data/detail-0.spop
ecology_test_2_slow_run_15,ecology_test_2_slow,0,178,2,17800,h,if-label,0,0.0,/Users/alinaqvi/Desktop/github_projects/avida/work/ecology_test_2_slow_run_15/data/detail-0.spop
ecology_test_2_slow_run_15,ecology_test_2_slow,0,178,2,17800,i,zero,0,0.0,/Users/alinaqvi/Desktop/github_projects/avida/work/ecology_test_2_slow_run_15/data/detail-0.spop
ecology_test_2_slow_run_15,ecology_test_2_slow,0,178,2,17800,j,inc,0,0.0,/Users/alinaqvi/Desktop/github_projects/avida/work/ecology_test_2_slow_run_15/data/detail-0.spop
ecology_test_2_slow_run_15,ecology_test_2_slow,0,178,2,17800,k,dec,0,0.0,/Users/alinaqvi/Desktop/github_projects/avida/work/ecology_test_2_slow_run_15/data/detail-0.spop
ecology_test_2_slow_run_15,ecology_test_2_slow,0,178,2,17800,l,push,0,0.0,/Users/alinaqvi/Desktop/github_projects/avida/work/ecology_test_2_slow_run_15/data/detail-0.spop
ecology_test_2_slow_run_15,ecology_test_2_slow,0,178,2,17800,m,pop,0,0.0,/Users/alinaqvi/Desktop/github_projects/avida/work/ecology_test_2_slow_run_15/data/detail-0.spop
ecology_test_2_slow_run_15,ecology_test_2_slow,0,178,2,17800,n,swap-stk,0,0.0,/Users/alinaqvi/Desktop/github_projects/avida/work/ecology_test_2_slow_run_15/data/detail-0.spop
ecology_test_2_slow_run_15,ecology_test_2_slow,0,178,2,17800,o,swap,0,0.0,/Users/alinaqvi/Desktop/github_projects/avida/work/ecology_test_2_slow_run_15/data/detail-0.spop
ecology_test_2_slow_run_15,ecology_test_2_slow,0,178,2,17800,p,add,0,0.0,/Users/alinaqvi/Desktop/github_projects/avida/work/ecology_test_2_slow_run_15/data/detail-0.spop
ecology_test_2_slow_run_15,ecology_test_2_slow,0,178,2,17800,q,sub,0,0.0,/Users/alinaqvi/Desktop/github_projects/avida/work/ecology_test_2_slow_run_15/data/detail-0.spop
ecology_test_2_slow_run_15,ecology_test_2_slow,0,178,2,17800,r,nand,0,0.0,/Users/alinaqvi/Desktop/github_projects/avida/work/ecology_test_2_slow_run_15/data/detail-0.spop
ecology_test_2_slow_run_15,ecology_test_2_slow,0,178,2,17800,s,repro,400,0.02247191011235955,/Users/alinaqvi/Desktop/github_projects/avida/work/ecology_test_2_slow_run_15/data/detail-0.spop
ecology_test_2_slow_run_15,ecology_test_2_slow,0,178,2,17800,t,repro-semel,78,0.004382022471910113,/Users/alinaqvi/Desktop/github_projects/avida/work/ecology_test_2_slow_run_15/data/detail-0.spop
ecology_test_2_slow_run_15,ecology_test_2_slow,0,178,2,17800,u,move,0,0.0,/Users/alinaqvi/Desktop/github_projects/avida/work/ecology_test_2_slow_run_15/data/detail-0.spop
ecology_test_2_slow_run_15,ecology_test_2_slow,0,178,2,17800,v,rotate-left-one,0,0.0,/Users/alinaqvi/Desktop/github_projects/avida/work/ecology_test_2_slow_run_15/data/detail-0.spop
ecology_test_2_slow_run_15,ecology_test_2_slow,0,178,2,17800,w,rotate-right-one,0,0.0,/Users/alinaqvi/Desktop/github_projects/avida/work/ecology_test_2_slow_run_15/data/detail-0.spop
ecology_test_2_slow_run_15,ecology_test_2_slow,0,178,2,17800,x,sense-resource0,0,0.0,/Users/alinaqvi/Desktop/github_projects/avida/work/ecology_test_2_slow_run_15/data/detail-0.spop
ecology_test_2_slow_run_15,ecology_test_2_slow,0,178,2,17800,y,sense-faced-resource0,0,0.0,/Users/alinaqvi/Desktop/github_projects/avida/work/ecology_test_2_slow_run_15/data/detail-0.spop
ecology_test_2_slow_run_16,ecology_test_2_slow,43112,3157,321,315700,a,nop-B,5613,0.017779537535635097,/Users/alinaqvi/Desktop/github_projects/avida/work/ecology_test_2_slow_run_16/data/detail-43112.spop
ecology_test_2_slow_run_16,ecology_test_2_slow,43112,3157,321,315700,b,nop-C,79030,0.25033259423503323,/Users/alinaqvi/Desktop/github_projects/avida/work/ecology_test_2_slow_run_16/data/detail-43112.spop
ecology_test_2_slow_run_16,ecology_test_2_slow,43112,3157,321,315700,c,if-n-equ,6268,0.019854292049414,/Users/alinaqvi/Desktop/github_projects/avida/work/ecology_test_2_slow_run_16/data/detail-43112.spop
ecology_test_2_slow_run_16,ecology_test_2_slow,43112,3157,321,315700,d,if-less,20107,0.06369021222679759,/Users/alinaqvi/Desktop/github_projects/avida/work/ecology_test_2_slow_run_16/data/detail-43112.spop
ecology_test_2_slow_run_16,ecology_test_2_slow,43112,3157,321,315700,e,if-not-0,12130,0.0384225530566994,/Users/alinaqvi/Desktop/github_projects/avida/work/ecology_test_2_slow_run_16/data/detail-43112.spop
ecology_test_2_slow_run_16,ecology_test_2_slow,43112,3157,321,315700,f,if-les-0,10318,0.032682926829268294,/Users/alinaqvi/Desktop/github_projects/avida/work/ecology_test_2_slow_run_16/data/detail-43112.spop
ecology_test_2_slow_run_16,ecology_test_2_slow,43112,3157,321,315700,g,if-grt-0,4905,0.015536902122267975,/Users/alinaqvi/Desktop/github_projects/avida/work/ecology_test_2_slow_run_16/data/detail-43112.spop
ecology_test_2_slow_run_16,ecology_test_2_slow,43112,3157,321,315700,h,if-label,16362,0.05182768451061134,/Users/alinaqvi/Desktop/github_projects/avida/work/ecology_test_2_slow_run_16/data/detail-43112.spop
ecology_test_2_slow_run_16,ecology_test_2_slow,43112,3157,321,315700,i,zero,5720,0.018118466898954706,/Users/alinaqvi/Desktop/github_projects/avida/work/ecology_test_2_slow_run_16/data/detail-43112.spop
ecology_test_2_slow_run_16,ecology_test_2_slow,43112,3157,321,315700,j,inc,9032,0.02860943934114666,/Users/alinaqvi/Desktop/github_projects/avida/work/ecology_test_2_slow_run_16/data/detail-43112.spop
ecology_test_2_slow_run_16,ecology_test_2_slow,43112,3157,321,315700,k,dec,10396,0.03292999683243586,/Users/alinaqvi/Desktop/github_projects/avida/work/ecology_test_2_slow_run_16/data/detail-43112.spop
ecology_test_2_slow_run_16,ecology_test_2_slow,43112,3157,321,315700,l,push,7247,0.022955337345581247,/Users/alinaqvi/Desktop/github_projects/avida/work/ecology_test_2_slow_run_16/data/detail-43112.spop
ecology_test_2_slow_run_16,ecology_test_2_slow,43112,3157,321,315700,m,pop,10366,0.03283496990814064,/Users/alinaqvi/Desktop/github_projects/avida/work/ecology_test_2_slow_run_16/data/detail-43112.spop
ecology_test_2_slow_run_16,ecology_test_2_slow,43112,3157,321,315700,n,swap-stk,7673,0.02430471967057333,/Users/alinaqvi/Desktop/github_projects/avida/work/ecology_test_2_slow_run_16/data/detail-43112.spop
ecology_test_2_slow_run_16,ecology_test_2_slow,43112,3157,321,315700,o,swap,8642,0.027374089325308836,/Users/alinaqvi/Desktop/github_projects/avida/work/ecology_test_2_slow_run_16/data/detail-43112.spop
ecology_test_2_slow_run_16,ecology_test_2_slow,43112,3157,321,315700,p,add,8137,0.025774469433006018,/Users/alinaqvi/Desktop/github_projects/avida/work/ecology_test_2_slow_run_16/data/detail-43112.spop
ecology_test_2_slow_run_16,ecology_test_2_slow,43112,3157,321,315700,q,sub,7574,0.023991130820399113,/Users/alinaqvi/Desktop/github_projects/avida/work/ecology_test_2_slow_run_16/data/detail-43112.spop
ecology_test_2_slow_run_16,ecology_test_2_slow,43112,3157,321,315700,r,nand,13253,0.041979727589483685,/Users/alinaqvi/Desktop/github_projects/avida/work/ecology_test_2_slow_run_16/data/detail-43112.spop
ecology_test_2_slow_run_16,ecology_test_2_slow,43112,3157,321,315700,s,repro,24203,0.07666455495723788,/Users/alinaqvi/Desktop/github_projects/avida/work/ecology_test_2_slow_run_16/data/detail-43112.spop
ecology_test_2_slow_run_16,ecology_test_2_slow,43112,3157,321,315700,t,repro-semel,5610,0.017770034843205575,/Users/alinaqvi/Desktop/github_projects/avida/work/ecology_test_2_slow_run_16/data/detail-43112.spop
ecology_test_2_slow_run_16,ecology_test_2_slow,43112,3157,321,315700,u,move,6020,0.019068736141906874,/Users/alinaqvi/Desktop/github_projects/avida/work/ecology_test_2_slow_run_16/data/detail-43112.spop
ecology_test_2_slow_run_16,ecology_test_2_slow,43112,3157,321,315700,v,rotate-left-one,10037,0.03179284130503643,/Users/alinaqvi/Desktop/github_projects/avida/work/ecology_test_2_slow_run_16/data/detail-43112.spop
ecology_test_2_slow_run_16,ecology_test_2_slow,43112,3157,321,315700,w,rotate-right-one,10539,0.03338295850490972,/Users/alinaqvi/Desktop/github_projects/avida/work/ecology_test_2_slow_run_16/data/detail-43112.spop
ecology_test_2_slow_run_16,ecology_test_2_slow,43112,3157,321,315700,x,sense-resource0,14994,0.047494456762749444,/Users/alinaqvi/Desktop/github_projects/avida/work/ecology_test_2_slow_run_16/data/detail-43112.spop
ecology_test_2_slow_run_16,ecology_test_2_slow,43112,3157,321,315700,y,sense-faced-resource0,1524,0.0048273677541970225,/Users/alinaqvi/Desktop/github_projects/avida/work/ecology_test_2_slow_run_16/data/detail-43112.spop
ecology_test_2_slow_run_17,ecology_test_2_slow,151769,7794,610,779400,a,nop-B,43349,0.055618424429047984,/Users/alinaqvi/Desktop/github_projects/avida/work/ecology_test_2_slow_run_17/data/detail-151769.spop
ecology_test_2_slow_run_17,ecology_test_2_slow,151769,7794,610,779400,b,nop-C,171271,0.21974724146779573,/Users/alinaqvi/Desktop/github_projects/avida/work/ecology_test_2_slow_run_17/data/detail-151769.spop
ecology_test_2_slow_run_17,ecology_test_2_slow,151769,7794,610,779400,c,if-n-equ,14752,0.01892738003592507,/Users/alinaqvi/Desktop/github_projects/avida/work/ecology_test_2_slow_run_17/data/detail-151769.spop
ecology_test_2_slow_run_17,ecology_test_2_slow,151769,7794,610,779400,d,if-less,23372,0.029987169617654606,/Users/alinaqvi/Desktop/github_projects/avida/work/ecology_test_2_slow_run_17/data/detail-151769.spop
ecology_test_2_slow_run_17,ecology_test_2_slow,151769,7794,610,779400,e,if-not-0,47614,0.06109058249935848,/Users/alinaqvi/Desktop/github_projects/avida/work/ecology_test_2_slow_run_17/data/detail-151769.spop
ecology_test_2_slow_run_17,ecology_test_2_slow,151769,7794,610,779400,f,if-les-0,6106,0.007834231460097511,/Users/alinaqvi/Desktop/github_projects/avida/work/ecology_test_2_slow_run_17/data/detail-151769.spop
ecology_test_2_slow_run_17,ecology_test_2_slow,151769,7794,610,779400,g,if-grt-0,37836,0.04854503464203233,/Users/alinaqvi/Desktop/github_projects/avida/work/ecology_test_2_slow_run_17/data/detail-151769.spop
ecology_test_2_slow_run_17,ecology_test_2_slow,151769,7794,610,779400,h,if-label,63866,0.08194251988709264,/Users/alinaqvi/Desktop/github_projects/avida/work/ecology_test_2_slow_run_17/data/detail-151769.spop
ecology_test_2_slow_run_17,ecology_test_2_slow,151769,7794,610,779400,i,zero,15974,0.020495252758532204,/Users/alinaqvi/Desktop/github_projects/avida/work/ecology_test_2_slow_run_17/data/detail-151769.spop
ecology_test_2_slow_run_17,ecology_test_2_slow,151769,7794,610,779400,j,inc,3847,0.004935848088273031,/Users/alinaqvi/Desktop/github_projects/avida/work/ecology_test_2_slow_run_17/data/detail-151769.spop
ecology_test_2_slow_run_17,ecology_test_2_slow,151769,7794,610,779400,k,dec,2819,0.0036168847831665385,/Users/alinaqvi/Desktop/github_projects/avida/work/ecology_test_2_slow_run_17/data/detail-151769.spop
ecology_test_2_slow_run_17,ecology_test_2_slow,151769,7794,610,779400,l,push,13366,0.017149089042853477,/Users/alinaqvi/Desktop/github_projects/avida/work/ecology_test_2_slow_run_17/data/detail-151769.spop
ecology_test_2_slow_run_17,ecology_test_2_slow,151769,7794,610,779400,m,pop,25397,0.03258532204259687,/Users/alinaqvi/Desktop/github_projects/avida/work/ecology_test_2_slow_run_17/data/detail-151769.spop
ecology_test_2_slow_run_17,ecology_test_2_slow,151769,7794,610,779400,n,swap-stk,21845,0.028027970233512958,/Users/alinaqvi/Desktop/github_projects/avida/work/ecology_test_2_slow_run_17/data/detail-151769.spop
ecology_test_2_slow_run_17,ecology_test_2_slow,151769,7794,610,779400,o,swap,24799,0.03181806517834231,/Users/alinaqvi/Desktop/github_projects/avida/work/ecology_test_2_slow_run_17/data/detail-151769.spop
ecology_test_2_slow_run_17,ecology_test_2_slow,151769,7794,610,779400,p,add,37255,0.047799589427764945,/Users/alinaqvi/Desktop/github_projects/avida/work/ecology_test_2_slow_run_17/data/detail-151769.spop
ecology_test_2_slow_run_17,ecology_test_2_slow,151769,7794,610,779400,q,sub,10186,0.013069027457018219,/Users/alinaqvi/Desktop/github_projects/avida/work/ecology_test_2_slow_run_17/data/detail-151769.spop
ecology_test_2_slow_run_17,ecology_test_2_slow,151769,7794,610,779400,r,nand,15627,0.020050038491147035,/Users/alinaqvi/Desktop/github_projects/avida/work/ecology_test_2_slow_run_17/data/detail-151769.spop
ecology_test_2_slow_run_17,ecology_test_2_slow,151769,7794,610,779400,s,repro,38786,0.04976392096484475,/Users/alinaqvi/Desktop/github_projects/avida/work/ecology_test_2_slow_run_17/data/detail-151769.spop
ecology_test_2_slow_run_17,ecology_test_2_slow,151769,7794,610,779400,t,repro-semel,9169,0.01176417757249166,/Users/alinaqvi/Desktop/github_projects/avida/work/ecology_test_2_slow_run_17/data/detail-151769.spop
ecology_test_2_slow_run_17,ecology_test_2_slow,151769,7794,610,779400,u,move,125768,0.1613651526815499,/Users/alinaqvi/Desktop/github_projects/avida/work/ecology_test_2_slow_run_17/data/detail-151769.spop
ecology_test_2_slow_run_17,ecology_test_2_slow,151769,7794,610,779400,v,rotate-left-one,8705,0.011168847831665383,/Users/alinaqvi/Desktop/github_projects/avida/work/ecology_test_2_slow_run_17/data/detail-151769.spop
ecology_test_2_slow_run_17,ecology_test_2_slow,151769,7794,610,779400,w,rotate-right-one,764,0.0009802412111880935,/Users/alinaqvi/Desktop/github_projects/avida/work/ecology_test_2_slow_run_17/data/detail-151769.spop
ecology_test_2_slow_run_17,ecology_test_2_slow,151769,7794,610,779400,x,sense-resource0,1295,0.001661534513728509,/Users/alinaqvi/Desktop/github_projects/avida/work/ecology_test_2_slow_run_17/data/detail-151769.spop
ecology_test_2_slow_run_17,ecology_test_2_slow,151769,7794,610,779400,y,sense-faced-resource0,15632,0.020056453682319734,/Users/alinaqvi/Desktop/github_projects/avida/work/ecology_test_2_slow_run_17/data/detail-151769.spop
ecology_test_2_slow_run_18,ecology_test_2_slow,105993,6413,555,641300,a,nop-B,32537,0.05073600498986434,/Users/alinaqvi/Desktop/github_projects/avida/work/ecology_test_2_slow_run_18/data/detail-105993.spop
ecology_test_2_slow_run_18,ecology_test_2_slow,105993,6413,555,641300,b,nop-C,171629,0.2676266957742086,/Users/alinaqvi/Desktop/github_projects/avida/work/ecology_test_2_slow_run_18/data/detail-105993.spop
ecology_test_2_slow_run_18,ecology_test_2_slow,105993,6413,555,641300,c,if-n-equ,5589,0.008715109932948698,/Users/alinaqvi/Desktop/github_projects/avida/work/ecology_test_2_slow_run_18/data/detail-105993.spop
ecology_test_2_slow_run_18,ecology_test_2_slow,105993,6413,555,641300,d,if-less,43132,0.06725713394667082,/Users/alinaqvi/Desktop/github_projects/avida/work/ecology_test_2_slow_run_18/data/detail-105993.spop
ecology_test_2_slow_run_18,ecology_test_2_slow,105993,6413,555,641300,e,if-not-0,17534,0.027341337907375644,/Users/alinaqvi/Desktop/github_projects/avida/work/ecology_test_2_slow_run_18/data/detail-105993.spop
ecology_test_2_slow_run_18,ecology_test_2_slow,105993,6413,555,641300,f,if-les-0,41509,0.06472633712770934,/Users/alinaqvi/Desktop/github_projects/avida/work/ecology_test_2_slow_run_18/data/detail-105993.spop
ecology_test_2_slow_run_18,ecology_test_2_slow,105993,6413,555,641300,g,if-grt-0,25441,0.03967098082020895,/Users/alinaqvi/Desktop/github_projects/avida/work/ecology_test_2_slow_run_18/data/detail-105993.spop
ecology_test_2_slow_run_18,ecology_test_2_slow,105993,6413,555,641300,h,if-label,17164,0.026764384843287074,/Users/alinaqvi/Desktop/github_projects/avida/work/ecology_test_2_slow_run_18/data/detail-105993.spop
ecology_test_2_slow_run_18,ecology_test_2_slow,105993,6413,555,641300,i,zero,8870,0.013831280212069235,/Users/alinaqvi/Desktop/github_projects/avida/work/ecology_test_2_slow_run_18/data/detail-105993.spop
ecology_test_2_slow_run_18,ecology_test_2_slow,105993,6413,555,641300,j,inc,8685,0.013542803680024949,/Users/alinaqvi/Desktop/github_projects/avida/work/ecology_test_2_slow_run_18/data/detail-105993.spop
ecology_test_2_slow_run_18,ecology_test_2_slow,105993,6413,555,641300,k,dec,24900,0.03882738188055512,/Users/alinaqvi/Desktop/github_projects/avida/work/ecology_test_2_slow_run_18/data/detail-105993.spop
ecology_test_2_slow_run_18,ecology_test_2_slow,105993,6413,555,641300,l,push,18556,0.028934975830344614,/Users/alinaqvi/Desktop/github_projects/avida/work/ecology_test_2_slow_run_18/data/detail-105993.spop
ecology_test_2_slow_run_18,ecology_test_2_slow,105993,6413,555,641300,m,pop,19727,0.030760954311554654,/Users/alinaqvi/Desktop/github_projects/avida/work/ecology_test_2_slow_run_18/data/detail-105993.spop
ecology_test_2_slow_run_18,ecology_test_2_slow,105993,6413,555,641300,n,swap-stk,22967,0.035813191953843755,/Users/alinaqvi/Desktop/github_projects/avida/work/ecology_test_2_slow_run_18/data/detail-105993.spop
ecology_test_2_slow_run_18,ecology_test_2_slow,105993,6413,555,641300,o,swap,18435,0.028746296585061594,/Users/alinaqvi/Desktop/github_projects/avida/work/ecology_test_2_slow_run_18/data/detail-105993.spop
ecology_test_2_slow_run_18,ecology_test_2_slow,105993,6413,555,641300,p,add,12822,0.01999376266957742,/Users/alinaqvi/Desktop/github_projects/avida/work/ecology_test_2_slow_run_18/data/detail-105993.spop
ecology_test_2_slow_run_18,ecology_test_2_slow,105993,6413,555,641300,q,sub,19848,0.030949633556837674,/Users/alinaqvi/Desktop/github_projects/avida/work/ecology_test_2_slow_run_18/data/detail-105993.spop
ecology_test_2_slow_run_18,ecology_test_2_slow,105993,6413,555,641300,r,nand,9534,0.01486667706221737,/Users/alinaqvi/Desktop/github_projects/avida/work/ecology_test_2_slow_run_18/data/detail-105993.spop
ecology_test_2_slow_run_18,ecology_test_2_slow,105993,6413,555,641300,s,repro,31005,0.048347107438016526,/Users/alinaqvi/Desktop/github_projects/avida/work/ecology_test_2_slow_run_18/data/detail-105993.spop
ecology_test_2_slow_run_18,ecology_test_2_slow,105993,6413,555,641300,t,repro-semel,14455,0.022540152814595354,/Users/alinaqvi/Desktop/github_projects/avida/work/ecology_test_2_slow_run_18/data/detail-105993.spop
ecology_test_2_slow_run_18,ecology_test_2_slow,105993,6413,555,641300,u,move,21639,0.03374239825354748,/Users/alinaqvi/Desktop/github_projects/avida/work/ecology_test_2_slow_run_18/data/detail-105993.spop
ecology_test_2_slow_run_18,ecology_test_2_slow,105993,6413,555,641300,v,rotate-left-one,14994,0.023380633089037893,/Users/alinaqvi/Desktop/github_projects/avida/work/ecology_test_2_slow_run_18/data/detail-105993.spop
ecology_test_2_slow_run_18,ecology_test_2_slow,105993,6413,555,641300,w,rotate-right-one,14526,0.022650865429596132,/Users/alinaqvi/Desktop/github_projects/avida/work/ecology_test_2_slow_run_18/data/detail-105993.spop
ecology_test_2_slow_run_18,ecology_test_2_slow,105993,6413,555,641300,x,sense-resource0,21288,0.03319507250896616,/Users/alinaqvi/Desktop/github_projects/avida/work/ecology_test_2_slow_run_18/data/detail-105993.spop
ecology_test_2_slow_run_18,ecology_test_2_slow,105993,6413,555,641300,y,sense-faced-resource0,4514,0.007038827381880555,/Users/alinaqvi/Desktop/github_projects/avida/work/ecology_test_2_slow_run_18/data/detail-105993.spop
ecology_test_2_slow_run_19,ecology_test_2_slow,7348,28,4,2800,a,nop-B,75,0.026785714285714284,/Users/alinaqvi/Desktop/github_projects/avida/work/ecology_test_2_slow_run_19/data/detail-7348.spop
ecology_test_2_slow_run_19,ecology_test_2_slow,7348,28,4,2800,b,nop-C,1655,0.5910714285714286,/Users/alinaqvi/Desktop/github_projects/avida/work/ecology_test_2_slow_run_19/data/detail-7348.spop
ecology_test_2_slow_run_19,ecology_test_2_slow,7348,28,4,2800,c,if-n-equ,65,0.023214285714285715,/Users/alinaqvi/Desktop/github_projects/avida/work/ecology_test_2_slow_run_19/data/detail-7348.spop
ecology_test_2_slow_run_19,ecology_test_2_slow,7348,28,4,2800,d,if-less,37,0.013214285714285715,/Users/alinaqvi/Desktop/github_projects/avida/work/ecology_test_2_slow_run_19/data/detail-7348.spop
ecology_test_2_slow_run_19,ecology_test_2_slow,7348,28,4,2800,e,if-not-0,16,0.005714285714285714,/Users/alinaqvi/Desktop/github_projects/avida/work/ecology_test_2_slow_run_19/data/detail-7348.spop
ecology_test_2_slow_run_19,ecology_test_2_slow,7348,28,4,2800,f,if-les-0,96,0.03428571428571429,/Users/alinaqvi/Desktop/github_projects/avida/work/ecology_test_2_slow_run_19/data/detail-7348.spop
ecology_test_2_slow_run_19,ecology_test_2_slow,7348,28,4,2800,g,if-grt-0,35,0.0125,/Users/alinaqvi/Desktop/github_projects/avida/work/ecology_test_2_slow_run_19/data/detail-7348.spop
ecology_test_2_slow_run_19,ecology_test_2_slow,7348,28,4,2800,h,if-label,82,0.029285714285714286,/Users/alinaqvi/Desktop/github_projects/avida/work/ecology_test_2_slow_run_19/data/detail-7348.spop
ecology_test_2_slow_run_19,ecology_test_2_slow,7348,28,4,2800,i,zero,23,0.008214285714285714,/Users/alinaqvi/Desktop/github_projects/avida/work/ecology_test_2_slow_run_19/data/detail-7348.spop
ecology_test_2_slow_run_19,ecology_test_2_slow,7348,28,4,2800,j,inc,16,0.005714285714285714,/Users/alinaqvi/Desktop/github_projects/avida/work/ecology_test_2_slow_run_19/data/detail-7348.spop
ecology_test_2_slow_run_19,ecology_test_2_slow,7348,28,4,2800,k,dec,33,0.011785714285714287,/Users/alinaqvi/Desktop/github_projects/avida/work/ecology_test_2_slow_run_19/data/detail-7348.spop
ecology_test_2_slow_run_19,ecology_test_2_slow,7348,28,4,2800,l,push,35,0.0125,/Users/alinaqvi/Desktop/github_projects/avida/work/ecology_test_2_slow_run_19/data/detail-7348.spop
ecology_test_2_slow_run_19,ecology_test_2_slow,7348,28,4,2800,m,pop,7,0.0025,/Users/alinaqvi/Desktop/github_projects/avida/work/ecology_test_2_slow_run_19/data/detail-7348.spop
ecology_test_2_slow_run_19,ecology_test_2_slow,7348,28,4,2800,n,swap-stk,21,0.0075,/Users/alinaqvi/Desktop/github_projects/avida/work/ecology_test_2_slow_run_19/data/detail-7348.spop
ecology_test_2_slow_run_19,ecology_test_2_slow,7348,28,4,2800,o,swap,79,0.028214285714285713,/Users/alinaqvi/Desktop/github_projects/avida/work/ecology_test_2_slow_run_19/data/detail-7348.spop
ecology_test_2_slow_run_19,ecology_test_2_slow,7348,28,4,2800,p,add,21,0.0075,/Users/alinaqvi/Desktop/github_projects/avida/work/ecology_test_2_slow_run_19/data/detail-7348.spop
ecology_test_2_slow_run_19,ecology_test_2_slow,7348,28,4,2800,q,sub,83,0.029642857142857144,/Users/alinaqvi/Desktop/github_projects/avida/work/ecology_test_2_slow_run_19/data/detail-7348.spop
ecology_test_2_slow_run_19,ecology_test_2_slow,7348,28,4,2800,r,nand,92,0.032857142857142856,/Users/alinaqvi/Desktop/github_projects/avida/work/ecology_test_2_slow_run_19/data/detail-7348.spop
ecology_test_2_slow_run_19,ecology_test_2_slow,7348,28,4,2800,s,repro,156,0.055714285714285716,/Users/alinaqvi/Desktop/github_projects/avida/work/ecology_test_2_slow_run_19/data/detail-7348.spop
ecology_test_2_slow_run_19,ecology_test_2_slow,7348,28,4,2800,t,repro-semel,33,0.011785714285714287,/Users/alinaqvi/Desktop/github_projects/avida/work/ecology_test_2_slow_run_19/data/detail-7348.spop
ecology_test_2_slow_run_19,ecology_test_2_slow,7348,28,4,2800,u,move,28,0.01,/Users/alinaqvi/Desktop/github_projects/avida/work/ecology_test_2_slow_run_19/data/detail-7348.spop
ecology_test_2_slow_run_19,ecology_test_2_slow,7348,28,4,2800,v,rotate-left-one,30,0.010714285714285714,/Users/alinaqvi/Desktop/github_projects/avida/work/ecology_test_2_slow_run_19/data/detail-7348.spop
ecology_test_2_slow_run_19,ecology_test_2_slow,7348,28,4,2800,w,rotate-right-one,24,0.008571428571428572,/Users/alinaqvi/Desktop/github_projects/avida/work/ecology_test_2_slow_run_19/data/detail-7348.spop
ecology_test_2_slow_run_19,ecology_test_2_slow,7348,28,4,2800,x,sense-resource0,28,0.01,/Users/alinaqvi/Desktop/github_projects/avida/work/ecology_test_2_slow_run_19/data/detail-7348.spop
ecology_test_2_slow_run_19,ecology_test_2_slow,7348,28,4,2800,y,sense-faced-resource0,30,0.010714285714285714,/Users/alinaqvi/Desktop/github_projects/avida/work/ecology_test_2_slow_run_19/data/detail-7348.spop
ecology_test_2_slow_run_20,ecology_test_2_slow,89356,2415,249,241500,a,nop-B,16896,0.06996273291925466,/Users/alinaqvi/Desktop/github_projects/avida/work/ecology_test_2_slow_run_20/data/detail-89356.spop
ecology_test_2_slow_run_20,ecology_test_2_slow,89356,2415,249,241500,b,nop-C,46669,0.1932463768115942,/Users/alinaqvi/Desktop/github_projects/avida/work/ecology_test_2_slow_run_20/data/detail-89356.spop
ecology_test_2_slow_run_20,ecology_test_2_slow,89356,2415,249,241500,c,if-n-equ,2226,0.009217391304347827,/Users/alinaqvi/Desktop/github_projects/avida/work/ecology_test_2_slow_run_20/data/detail-89356.spop
ecology_test_2_slow_run_20,ecology_test_2_slow,89356,2415,249,241500,d,if-less,10941,0.04530434782608696,/Users/alinaqvi/Desktop/github_projects/avida/work/ecology_test_2_slow_run_20/data/detail-89356.spop
ecology_test_2_slow_run_20,ecology_test_2_slow,89356,2415,249,241500,e,if-not-0,9278,0.038418219461697725,/Users/alinaqvi/Desktop/github_projects/avida/work/ecology_test_2_slow_run_20/data/detail-89356.spop
ecology_test_2_slow_run_20,ecology_test_2_slow,89356,2415,249,241500,f,if-les-0,11119,0.046041407867494825,/Users/alinaqvi/Desktop/github_projects/avida/work/ecology_test_2_slow_run_20/data/detail-89356.spop
ecology_test_2_slow_run_20,ecology_test_2_slow,89356,2415,249,241500,g,if-grt-0,10323,0.04274534161490683,/Users/alinaqvi/Desktop/github_projects/avida/work/ecology_test_2_slow_run_20/data/detail-89356.spop
ecology_test_2_slow_run_20,ecology_test_2_slow,89356,2415,249,241500,h,if-label,11562,0.04787577639751553,/Users/alinaqvi/Desktop/github_projects/avida/work/ecology_test_2_slow_run_20/data/detail-89356.spop
ecology_test_2_slow_run_20,ecology_test_2_slow,89356,2415,249,241500,i,zero,6921,0.0286583850931677,/Users/alinaqvi/Desktop/github_projects/avida/work/ecology_test_2_slow_run_20/data/detail-89356.spop
ecology_test_2_slow_run_20,ecology_test_2_slow,89356,2415,249,241500,j,inc,11061,0.045801242236024844,/Users/alinaqvi/Desktop/github_projects/avida/work/ecology_test_2_slow_run_20/data/detail-89356.spop
ecology_test_2_slow_run_20,ecology_test_2_slow,89356,2415,249,241500,k,dec,4311,0.017850931677018633,/Users/alinaqvi/Desktop/github_projects/avida/work/ecology_test_2_slow_run_20/data/detail-89356.spop
ecology_test_2_slow_run_20,ecology_test_2_slow,89356,2415,249,241500,l,push,7510,0.031097308488612835,/Users/alinaqvi/Desktop/github_projects/avida/work/ecology_test_2_slow_run_20/data/detail-89356.spop
ecology_test_2_slow_run_20,ecology_test_2_slow,89356,2415,249,241500,m,pop,11786,0.04880331262939958,/Users/alinaqvi/Desktop/github_projects/avida/work/ecology_test_2_slow_run_20/data/detail-89356.spop
ecology_test_2_slow_run_20,ecology_test_2_slow,89356,2415,249,241500,n,swap-stk,2558,0.010592132505175983,/Users/alinaqvi/Desktop/github_projects/avida/work/ecology_test_2_slow_run_20/data/detail-89356.spop
ecology_test_2_slow_run_20,ecology_test_2_slow,89356,2415,249,241500,o,swap,4879,0.020202898550724636,/Users/alinaqvi/Desktop/github_projects/avida/work/ecology_test_2_slow_run_20/data/detail-89356.spop
ecology_test_2_slow_run_20,ecology_test_2_slow,89356,2415,249,241500,p,add,12854,0.05322567287784679,/Users/alinaqvi/Desktop/github_projects/avida/work/ecology_test_2_slow_run_20/data/detail-89356.spop
ecology_test_2_slow_run_20,ecology_test_2_slow,89356,2415,249,241500,q,sub,10247,0.04243064182194617,/Users/alinaqvi/Desktop/github_projects/avida/work/ecology_test_2_slow_run_20/data/detail-89356.spop
ecology_test_2_slow_run_20,ecology_test_2_slow,89356,2415,249,241500,r,nand,7378,0.03055072463768116,/Users/alinaqvi/Desktop/github_projects/avida/work/ecology_test_2_slow_run_20/data/detail-89356.spop
ecology_test_2_slow_run_20,ecology_test_2_slow,89356,2415,249,241500,s,repro,7212,0.02986335403726708,/Users/alinaqvi/Desktop/github_projects/avida/work/ecology_test_2_slow_run_20/data/detail-89356.spop
ecology_test_2_slow_run_20,ecology_test_2_slow,89356,2415,249,241500,t,repro-semel,9882,0.04091925465838509,/Users/alinaqvi/Desktop/github_projects/avida/work/ecology_test_2_slow_run_20/data/detail-89356.spop
ecology_test_2_slow_run_20,ecology_test_2_slow,89356,2415,249,241500,u,move,6258,0.02591304347826087,/Users/alinaqvi/Desktop/github_projects/avida/work/ecology_test_2_slow_run_20/data/detail-89356.spop
ecology_test_2_slow_run_20,ecology_test_2_slow,89356,2415,249,241500,v,rotate-left-one,1263,0.005229813664596274,/Users/alinaqvi/Desktop/github_projects/avida/work/ecology_test_2_slow_run_20/data/detail-89356.spop
ecology_test_2_slow_run_20,ecology_test_2_slow,89356,2415,249,241500,w,rotate-right-one,759,0.003142857142857143,/Users/alinaqvi/Desktop/github_projects/avida/work/ecology_test_2_slow_run_20/data/detail-89356.spop
ecology_test_2_slow_run_20,ecology_test_2_slow,89356,2415,249,241500,x,sense-resource0,10168,0.04210351966873706,/Users/alinaqvi/Desktop/github_projects/avida/work/ecology_test_2_slow_run_20/data/detail-89356.spop
ecology_test_2_slow_run_20,ecology_test_2_slow,89356,2415,249,241500,y,sense-faced-resource0,7439,0.030803312629399587,/Users/alinaqvi/Desktop/github_projects/avida/work/ecology_test_2_slow_run_20/data/detail-89356.spop
ecology_test_relative_cost_fast_run_1,ecology_test_relative_cost_fast,461406,12797,591,1279700,a,nop-B,101066,0.07897632257560366,/Users/alinaqvi/Desktop/github_projects/avida/work/ecology_test_relative_cost_fast_run_1/data/detail-461406.spop
ecology_test_relative_cost_fast_run_1,ecology_test_relative_cost_fast,461406,12797,591,1279700,b,nop-C,243438,0.19023052277877628,/Users/alinaqvi/Desktop/github_projects/avida/work/ecology_test_relative_cost_fast_run_1/data/detail-461406.spop
ecology_test_relative_cost_fast_run_1,ecology_test_relative_cost_fast,461406,12797,591,1279700,c,if-n-equ,29235,0.02284519809330312,/Users/alinaqvi/Desktop/github_projects/avida/work/ecology_test_relative_cost_fast_run_1/data/detail-461406.spop
ecology_test_relative_cost_fast_run_1,ecology_test_relative_cost_fast,461406,12797,591,1279700,d,if-less,66059,0.05162069234976948,/Users/alinaqvi/Desktop/github_projects/avida/work/ecology_test_relative_cost_fast_run_1/data/detail-461406.spop
ecology_test_relative_cost_fast_run_1,ecology_test_relative_cost_fast,461406,12797,591,1279700,e,if-not-0,12247,0.009570211768383215,/Users/alinaqvi/Desktop/github_projects/avida/work/ecology_test_relative_cost_fast_run_1/data/detail-461406.spop
ecology_test_relative_cost_fast_run_1,ecology_test_relative_cost_fast,461406,12797,591,1279700,f,if-les-0,78517,0.06135578651246386,/Users/alinaqvi/Desktop/github_projects/avida/work/ecology_test_relative_cost_fast_run_1/data/detail-461406.spop
ecology_test_relative_cost_fast_run_1,ecology_test_relative_cost_fast,461406,12797,591,1279700,g,if-grt-0,2473,0.001932484175978745,/Users/alinaqvi/Desktop/github_projects/avida/work/ecology_test_relative_cost_fast_run_1/data/detail-461406.spop
ecology_test_relative_cost_fast_run_1,ecology_test_relative_cost_fast,461406,12797,591,1279700,h,if-label,51701,0.040400875205126204,/Users/alinaqvi/Desktop/github_projects/avida/work/ecology_test_relative_cost_fast_run_1/data/detail-461406.spop
ecology_test_relative_cost_fast_run_1,ecology_test_relative_cost_fast,461406,12797,591,1279700,i,zero,3776,0.002950691568336329,/Users/alinaqvi/Desktop/github_projects/avida/work/ecology_test_relative_cost_fast_run_1/data/detail-461406.spop
ecology_test_relative_cost_fast_run_1,ecology_test_relative_cost_fast,461406,12797,591,1279700,j,inc,35137,0.02745721653512542,/Users/alinaqvi/Desktop/github_projects/avida/work/ecology_test_relative_cost_fast_run_1/data/detail-461406.spop
ecology_test_relative_cost_fast_run_1,ecology_test_relative_cost_fast,461406,12797,591,1279700,k,dec,17808,0.01391576150660311,/Users/alinaqvi/Desktop/github_projects/avida/work/ecology_test_relative_cost_fast_run_1/data/detail-461406.spop
ecology_test_relative_cost_fast_run_1,ecology_test_relative_cost_fast,461406,12797,591,1279700,l,push,31497,0.024612799874970698,/Users/alinaqvi/Desktop/github_projects/avida/work/ecology_test_relative_cost_fast_run_1/data/detail-461406.spop
ecology_test_relative_cost_fast_run_1,ecology_test_relative_cost_fast,461406,12797,591,1279700,m,pop,45713,0.035721653512542,/Users/alinaqvi/Desktop/github_projects/avida/work/ecology_test_relative_cost_fast_run_1/data/detail-461406.spop
ecology_test_relative_cost_fast_run_1,ecology_test_relative_cost_fast,461406,12797,591,1279700,n,swap-stk,14883,0.011630069547550206,/Users/alinaqvi/Desktop/github_projects/avida/work/ecology_test_relative_cost_fast_run_1/data/detail-461406.spop
ecology_test_relative_cost_fast_run_1,ecology_test_relative_cost_fast,461406,12797,591,1279700,o,swap,34486,0.026948503555520826,/Users/alinaqvi/Desktop/github_projects/avida/work/ecology_test_relative_cost_fast_run_1/data/detail-461406.spop
ecology_test_relative_cost_fast_run_1,ecology_test_relative_cost_fast,461406,12797,591,1279700,p,add,28558,0.022316167851840277,/Users/alinaqvi/Desktop/github_projects/avida/work/ecology_test_relative_cost_fast_run_1/data/detail-461406.spop
ecology_test_relative_cost_fast_run_1,ecology_test_relative_cost_fast,461406,12797,591,1279700,q,sub,8089,0.006321012737360319,/Users/alinaqvi/Desktop/github_projects/avida/work/ecology_test_relative_cost_fast_run_1/data/detail-461406.spop
ecology_test_relative_cost_fast_run_1,ecology_test_relative_cost_fast,461406,12797,591,1279700,r,nand,44221,0.034555755255137925,/Users/alinaqvi/Desktop/github_projects/avida/work/ecology_test_relative_cost_fast_run_1/data/detail-461406.spop
ecology_test_relative_cost_fast_run_1,ecology_test_relative_cost_fast,461406,12797,591,1279700,s,repro,54156,0.04231929358443385,/Users/alinaqvi/Desktop/github_projects/avida/work/ecology_test_relative_cost_fast_run_1/data/detail-461406.spop
ecology_test_relative_cost_fast_run_1,ecology_test_relative_cost_fast,461406,12797,591,1279700,t,repro-semel,907,0.0007087598655934985,/Users/alinaqvi/Desktop/github_projects/avida/work/ecology_test_relative_cost_fast_run_1/data/detail-461406.spop
ecology_test_relative_cost_fast_run_1,ecology_test_relative_cost_fast,461406,12797,591,1279700,u,move,315244,0.24634211143236695,/Users/alinaqvi/Desktop/github_projects/avida/work/ecology_test_relative_cost_fast_run_1/data/detail-461406.spop
ecology_test_relative_cost_fast_run_1,ecology_test_relative_cost_fast,461406,12797,591,1279700,v,rotate-left-one,16315,0.012749081816050637,/Users/alinaqvi/Desktop/github_projects/avida/work/ecology_test_relative_cost_fast_run_1/data/detail-461406.spop
ecology_test_relative_cost_fast_run_1,ecology_test_relative_cost_fast,461406,12797,591,1279700,w,rotate-right-one,210,0.00016410096116277253,/Users/alinaqvi/Desktop/github_projects/avida/work/ecology_test_relative_cost_fast_run_1/data/detail-461406.spop
ecology_test_relative_cost_fast_run_1,ecology_test_relative_cost_fast,461406,12797,591,1279700,x,sense-resource0,38273,0.02990779088848949,/Users/alinaqvi/Desktop/github_projects/avida/work/ecology_test_relative_cost_fast_run_1/data/detail-461406.spop
ecology_test_relative_cost_fast_run_1,ecology_test_relative_cost_fast,461406,12797,591,1279700,y,sense-faced-resource0,5691,0.004447136047511136,/Users/alinaqvi/Desktop/github_projects/avida/work/ecology_test_relative_cost_fast_run_1/data/detail-461406.spop
ecology_test_relative_cost_fast_run_2,ecology_test_relative_cost_fast,402017,11604,813,1160400,a,nop-B,52489,0.04523354015856601,/Users/alinaqvi/Desktop/github_projects/avida/work/ecology_test_relative_cost_fast_run_2/data/detail-402017.spop
ecology_test_relative_cost_fast_run_2,ecology_test_relative_cost_fast,402017,11604,813,1160400,b,nop-C,313172,0.2698827990348156,/Users/alinaqvi/Desktop/github_projects/avida/work/ecology_test_relative_cost_fast_run_2/data/detail-402017.spop
ecology_test_relative_cost_fast_run_2,ecology_test_relative_cost_fast,402017,11604,813,1160400,c,if-n-equ,60237,0.0519105480868666,/Users/alinaqvi/Desktop/github_projects/avida/work/ecology_test_relative_cost_fast_run_2/data/detail-402017.spop
ecology_test_relative_cost_fast_run_2,ecology_test_relative_cost_fast,402017,11604,813,1160400,d,if-less,33854,0.029174422612892107,/Users/alinaqvi/Desktop/github_projects/avida/work/ecology_test_relative_cost_fast_run_2/data/detail-402017.spop
ecology_test_relative_cost_fast_run_2,ecology_test_relative_cost_fast,402017,11604,813,1160400,e,if-not-0,33146,0.028564288176490864,/Users/alinaqvi/Desktop/github_projects/avida/work/ecology_test_relative_cost_fast_run_2/data/detail-402017.spop
ecology_test_relative_cost_fast_run_2,ecology_test_relative_cost_fast,402017,11604,813,1160400,f,if-les-0,15079,0.012994657014822475,/Users/alinaqvi/Desktop/github_projects/avida/work/ecology_test_relative_cost_fast_run_2/data/detail-402017.spop
ecology_test_relative_cost_fast_run_2,ecology_test_relative_cost_fast,402017,11604,813,1160400,g,if-grt-0,13739,0.011839882799034815,/Users/alinaqvi/Desktop/github_projects/avida/work/ecology_test_relative_cost_fast_run_2/data/detail-402017.spop
ecology_test_relative_cost_fast_run_2,ecology_test_relative_cost_fast,402017,11604,813,1160400,h,if-label,21498,0.018526370217166493,/Users/alinaqvi/Desktop/github_projects/avida/work/ecology_test_relative_cost_fast_run_2/data/detail-402017.spop
ecology_test_relative_cost_fast_run_2,ecology_test_relative_cost_fast,402017,11604,813,1160400,i,zero,24331,0.020967769734574284,/Users/alinaqvi/Desktop/github_projects/avida/work/ecology_test_relative_cost_fast_run_2/data/detail-402017.spop
ecology_test_relative_cost_fast_run_2,ecology_test_relative_cost_fast,402017,11604,813,1160400,j,inc,16013,0.01379955187866253,/Users/alinaqvi/Desktop/github_projects/avida/work/ecology_test_relative_cost_fast_run_2/data/detail-402017.spop
ecology_test_relative_cost_fast_run_2,ecology_test_relative_cost_fast,402017,11604,813,1160400,k,dec,13482,0.011618407445708377,/Users/alinaqvi/Desktop/github_projects/avida/work/ecology_test_relative_cost_fast_run_2/data/detail-402017.spop
ecology_test_relative_cost_fast_run_2,ecology_test_relative_cost_fast,402017,11604,813,1160400,l,push,12845,0.011069458807307826,/Users/alinaqvi/Desktop/github_projects/avida/work/ecology_test_relative_cost_fast_run_2/data/detail-402017.spop
ecology_test_relative_cost_fast_run_2,ecology_test_relative_cost_fast,402017,11604,813,1160400,m,pop,6641,0.005723026542571527,/Users/alinaqvi/Desktop/github_projects/avida/work/ecology_test_relative_cost_fast_run_2/data/detail-402017.spop
ecology_test_relative_cost_fast_run_2,ecology_test_relative_cost_fast,402017,11604,813,1160400,n,swap-stk,10770,0.009281282316442607,/Users/alinaqvi/Desktop/github_projects/avida/work/ecology_test_relative_cost_fast_run_2/data/detail-402017.spop
ecology_test_relative_cost_fast_run_2,ecology_test_relative_cost_fast,402017,11604,813,1160400,o,swap,18023,0.015531713202344019,/Users/alinaqvi/Desktop/github_projects/avida/work/ecology_test_relative_cost_fast_run_2/data/detail-402017.spop
ecology_test_relative_cost_fast_run_2,ecology_test_relative_cost_fast,402017,11604,813,1160400,p,add,21739,0.01873405722164771,/Users/alinaqvi/Desktop/github_projects/avida/work/ecology_test_relative_cost_fast_run_2/data/detail-402017.spop
ecology_test_relative_cost_fast_run_2,ecology_test_relative_cost_fast,402017,11604,813,1160400,q,sub,14454,0.012456049638055843,/Users/alinaqvi/Desktop/github_projects/avida/work/ecology_test_relative_cost_fast_run_2/data/detail-402017.spop
ecology_test_relative_cost_fast_run_2,ecology_test_relative_cost_fast,402017,11604,813,1160400,r,nand,27117,0.023368665977249223,/Users/alinaqvi/Desktop/github_projects/avida/work/ecology_test_relative_cost_fast_run_2/data/detail-402017.spop
ecology_test_relative_cost_fast_run_2,ecology_test_relative_cost_fast,402017,11604,813,1160400,s,repro,44672,0.038497069975870386,/Users/alinaqvi/Desktop/github_projects/avida/work/ecology_test_relative_cost_fast_run_2/data/detail-402017.spop
ecology_test_relative_cost_fast_run_2,ecology_test_relative_cost_fast,402017,11604,813,1160400,t,repro-semel,20796,0.017921406411582214,/Users/alinaqvi/Desktop/github_projects/avida/work/ecology_test_relative_cost_fast_run_2/data/detail-402017.spop
ecology_test_relative_cost_fast_run_2,ecology_test_relative_cost_fast,402017,11604,813,1160400,u,move,310800,0.2678386763185109,/Users/alinaqvi/Desktop/github_projects/avida/work/ecology_test_relative_cost_fast_run_2/data/detail-402017.spop
ecology_test_relative_cost_fast_run_2,ecology_test_relative_cost_fast,402017,11604,813,1160400,v,rotate-left-one,18352,0.015815236125473975,/Users/alinaqvi/Desktop/github_projects/avida/work/ecology_test_relative_cost_fast_run_2/data/detail-402017.spop
ecology_test_relative_cost_fast_run_2,ecology_test_relative_cost_fast,402017,11604,813,1160400,w,rotate-right-one,20303,0.017496552912788694,/Users/alinaqvi/Desktop/github_projects/avida/work/ecology_test_relative_cost_fast_run_2/data/detail-402017.spop
ecology_test_relative_cost_fast_run_2,ecology_test_relative_cost_fast,402017,11604,813,1160400,x,sense-resource0,768,0.0006618407445708376,/Users/alinaqvi/Desktop/github_projects/avida/work/ecology_test_relative_cost_fast_run_2/data/detail-402017.spop
ecology_test_relative_cost_fast_run_2,ecology_test_relative_cost_fast,402017,11604,813,1160400,y,sense-faced-resource0,36080,0.031092726645984142,/Users/alinaqvi/Desktop/github_projects/avida/work/ecology_test_relative_cost_fast_run_2/data/detail-402017.spop
ecology_test_relative_cost_fast_run_3,ecology_test_relative_cost_fast,429235,11086,663,1108600,a,nop-B,47195,0.04257171206927657,/Users/alinaqvi/Desktop/github_projects/avida/work/ecology_test_relative_cost_fast_run_3/data/detail-429235.spop
ecology_test_relative_cost_fast_run_3,ecology_test_relative_cost_fast,429235,11086,663,1108600,b,nop-C,253148,0.22834926934872812,/Users/alinaqvi/Desktop/github_projects/avida/work/ecology_test_relative_cost_fast_run_3/data/detail-429235.spop
ecology_test_relative_cost_fast_run_3,ecology_test_relative_cost_fast,429235,11086,663,1108600,c,if-n-equ,45326,0.04088580191232185,/Users/alinaqvi/Desktop/github_projects/avida/work/ecology_test_relative_cost_fast_run_3/data/detail-429235.spop
ecology_test_relative_cost_fast_run_3,ecology_test_relative_cost_fast,429235,11086,663,1108600,d,if-less,35098,0.0316597510373444,/Users/alinaqvi/Desktop/github_projects/avida/work/ecology_test_relative_cost_fast_run_3/data/detail-429235.spop
ecology_test_relative_cost_fast_run_3,ecology_test_relative_cost_fast,429235,11086,663,1108600,e,if-not-0,14962,0.013496301641710265,/Users/alinaqvi/Desktop/github_projects/avida/work/ecology_test_relative_cost_fast_run_3/data/detail-429235.spop
ecology_test_relative_cost_fast_run_3,ecology_test_relative_cost_fast,429235,11086,663,1108600,f,if-les-0,32119,0.028972578026339527,/Users/alinaqvi/Desktop/github_projects/avida/work/ecology_test_relative_cost_fast_run_3/data/detail-429235.spop
ecology_test_relative_cost_fast_run_3,ecology_test_relative_cost_fast,429235,11086,663,1108600,g,if-grt-0,11412,0.01029406458596428,/Users/alinaqvi/Desktop/github_projects/avida/work/ecology_test_relative_cost_fast_run_3/data/detail-429235.spop
ecology_test_relative_cost_fast_run_3,ecology_test_relative_cost_fast,429235,11086,663,1108600,h,if-label,52353,0.04722442720548439,/Users/alinaqvi/Desktop/github_projects/avida/work/ecology_test_relative_cost_fast_run_3/data/detail-429235.spop
ecology_test_relative_cost_fast_run_3,ecology_test_relative_cost_fast,429235,11086,663,1108600,i,zero,14699,0.013259065488002887,/Users/alinaqvi/Desktop/github_projects/avida/work/ecology_test_relative_cost_fast_run_3/data/detail-429235.spop
ecology_test_relative_cost_fast_run_3,ecology_test_relative_cost_fast,429235,11086,663,1108600,j,inc,355,0.0003202237055745986,/Users/alinaqvi/Desktop/github_projects/avida/work/ecology_test_relative_cost_fast_run_3/data/detail-429235.spop
ecology_test_relative_cost_fast_run_3,ecology_test_relative_cost_fast,429235,11086,663,1108600,k,dec,19219,0.01733627999278369,/Users/alinaqvi/Desktop/github_projects/avida/work/ecology_test_relative_cost_fast_run_3/data/detail-429235.spop
ecology_test_relative_cost_fast_run_3,ecology_test_relative_cost_fast,429235,11086,663,1108600,l,push,33419,0.030145228215767636,/Users/alinaqvi/Desktop/github_projects/avida/work/ecology_test_relative_cost_fast_run_3/data/detail-429235.spop
ecology_test_relative_cost_fast_run_3,ecology_test_relative_cost_fast,429235,11086,663,1108600,m,pop,25073,0.022616813999639183,/Users/alinaqvi/Desktop/github_projects/avida/work/ecology_test_relative_cost_fast_run_3/data/detail-429235.spop
ecology_test_relative_cost_fast_run_3,ecology_test_relative_cost_fast,429235,11086,663,1108600,n,swap-stk,35119,0.0316786938480967,/Users/alinaqvi/Desktop/github_projects/avida/work/ecology_test_relative_cost_fast_run_3/data/detail-429235.spop
ecology_test_relative_cost_fast_run_3,ecology_test_relative_cost_fast,429235,11086,663,1108600,o,swap,21147,0.0190754104275663,/Users/alinaqvi/Desktop/github_projects/avida/work/ecology_test_relative_cost_fast_run_3/data/detail-429235.spop
ecology_test_relative_cost_fast_run_3,ecology_test_relative_cost_fast,429235,11086,663,1108600,p,add,19732,0.01779902579830417,/Users/alinaqvi/Desktop/github_projects/avida/work/ecology_test_relative_cost_fast_run_3/data/detail-429235.spop
ecology_test_relative_cost_fast_run_3,ecology_test_relative_cost_fast,429235,11086,663,1108600,q,sub,24157,0.021790546635395994,/Users/alinaqvi/Desktop/github_projects/avida/work/ecology_test_relative_cost_fast_run_3/data/detail-429235.spop
ecology_test_relative_cost_fast_run_3,ecology_test_relative_cost_fast,429235,11086,663,1108600,r,nand,21736,0.01960671116723796,/Users/alinaqvi/Desktop/github_projects/avida/work/ecology_test_relative_cost_fast_run_3/data/detail-429235.spop
ecology_test_relative_cost_fast_run_3,ecology_test_relative_cost_fast,429235,11086,663,1108600,s,repro,56654,0.05110409525527693,/Users/alinaqvi/Desktop/github_projects/avida/work/ecology_test_relative_cost_fast_run_3/data/detail-429235.spop
ecology_test_relative_cost_fast_run_3,ecology_test_relative_cost_fast,429235,11086,663,1108600,t,repro-semel,11724,0.010575500631427025,/Users/alinaqvi/Desktop/github_projects/avida/work/ecology_test_relative_cost_fast_run_3/data/detail-429235.spop
ecology_test_relative_cost_fast_run_3,ecology_test_relative_cost_fast,429235,11086,663,1108600,u,move,297177,0.26806512718744363,/Users/alinaqvi/Desktop/github_projects/avida/work/ecology_test_relative_cost_fast_run_3/data/detail-429235.spop
ecology_test_relative_cost_fast_run_3,ecology_test_relative_cost_fast,429235,11086,663,1108600,v,rotate-left-one,13409,0.012095435684647302,/Users/alinaqvi/Desktop/github_projects/avida/work/ecology_test_relative_cost_fast_run_3/data/detail-429235.spop
ecology_test_relative_cost_fast_run_3,ecology_test_relative_cost_fast,429235,11086,663,1108600,w,rotate-right-one,2342,0.0021125744181850984,/Users/alinaqvi/Desktop/github_projects/avida/work/ecology_test_relative_cost_fast_run_3/data/detail-429235.spop
ecology_test_relative_cost_fast_run_3,ecology_test_relative_cost_fast,429235,11086,663,1108600,x,sense-resource0,11439,0.010318419628360094,/Users/alinaqvi/Desktop/github_projects/avida/work/ecology_test_relative_cost_fast_run_3/data/detail-429235.spop
ecology_test_relative_cost_fast_run_3,ecology_test_relative_cost_fast,429235,11086,663,1108600,y,sense-faced-resource0,9586,0.008646942089121415,/Users/alinaqvi/Desktop/github_projects/avida/work/ecology_test_relative_cost_fast_run_3/data/detail-429235.spop
ecology_test_relative_cost_fast_run_4,ecology_test_relative_cost_fast,489930,15016,695,1501600,a,nop-B,58733,0.039113612147043154,/Users/alinaqvi/Desktop/github_projects/avida/work/ecology_test_relative_cost_fast_run_4/data/detail-489930.spop
ecology_test_relative_cost_fast_run_4,ecology_test_relative_cost_fast,489930,15016,695,1501600,b,nop-C,315261,0.20995005327650507,/Users/alinaqvi/Desktop/github_projects/avida/work/ecology_test_relative_cost_fast_run_4/data/detail-489930.spop
ecology_test_relative_cost_fast_run_4,ecology_test_relative_cost_fast,489930,15016,695,1501600,c,if-n-equ,46741,0.031127464038359084,/Users/alinaqvi/Desktop/github_projects/avida/work/ecology_test_relative_cost_fast_run_4/data/detail-489930.spop
ecology_test_relative_cost_fast_run_4,ecology_test_relative_cost_fast,489930,15016,695,1501600,d,if-less,74458,0.04958577517314864,/Users/alinaqvi/Desktop/github_projects/avida/work/ecology_test_relative_cost_fast_run_4/data/detail-489930.spop
ecology_test_relative_cost_fast_run_4,ecology_test_relative_cost_fast,489930,15016,695,1501600,e,if-not-0,50270,0.03347762386787427,/Users/alinaqvi/Desktop/github_projects/avida/work/ecology_test_relative_cost_fast_run_4/data/detail-489930.spop
ecology_test_relative_cost_fast_run_4,ecology_test_relative_cost_fast,489930,15016,695,1501600,f,if-les-0,59417,0.039569126265316994,/Users/alinaqvi/Desktop/github_projects/avida/work/ecology_test_relative_cost_fast_run_4/data/detail-489930.spop
ecology_test_relative_cost_fast_run_4,ecology_test_relative_cost_fast,489930,15016,695,1501600,g,if-grt-0,13197,0.008788625466169419,/Users/alinaqvi/Desktop/github_projects/avida/work/ecology_test_relative_cost_fast_run_4/data/detail-489930.spop
ecology_test_relative_cost_fast_run_4,ecology_test_relative_cost_fast,489930,15016,695,1501600,h,if-label,49250,0.0327983484283431,/Users/alinaqvi/Desktop/github_projects/avida/work/ecology_test_relative_cost_fast_run_4/data/detail-489930.spop
ecology_test_relative_cost_fast_run_4,ecology_test_relative_cost_fast,489930,15016,695,1501600,i,zero,63528,0.0423068726691529,/Users/alinaqvi/Desktop/github_projects/avida/work/ecology_test_relative_cost_fast_run_4/data/detail-489930.spop
ecology_test_relative_cost_fast_run_4,ecology_test_relative_cost_fast,489930,15016,695,1501600,j,inc,30019,0.019991342567927544,/Users/alinaqvi/Desktop/github_projects/avida/work/ecology_test_relative_cost_fast_run_4/data/detail-489930.spop
ecology_test_relative_cost_fast_run_4,ecology_test_relative_cost_fast,489930,15016,695,1501600,k,dec,27682,0.018435002663825254,/Users/alinaqvi/Desktop/github_projects/avida/work/ecology_test_relative_cost_fast_run_4/data/detail-489930.spop
ecology_test_relative_cost_fast_run_4,ecology_test_relative_cost_fast,489930,15016,695,1501600,l,push,337,0.00022442727757059137,/Users/alinaqvi/Desktop/github_projects/avida/work/ecology_test_relative_cost_fast_run_4/data/detail-489930.spop
ecology_test_relative_cost_fast_run_4,ecology_test_relative_cost_fast,489930,15016,695,1501600,m,pop,5545,0.003692727757059137,/Users/alinaqvi/Desktop/github_projects/avida/work/ecology_test_relative_cost_fast_run_4/data/detail-489930.spop
ecology_test_relative_cost_fast_run_4,ecology_test_relative_cost_fast,489930,15016,695,1501600,n,swap-stk,15730,0.010475492807671816,/Users/alinaqvi/Desktop/github_projects/avida/work/ecology_test_relative_cost_fast_run_4/data/detail-489930.spop
ecology_test_relative_cost_fast_run_4,ecology_test_relative_cost_fast,489930,15016,695,1501600,o,swap,60237,0.040115210442194994,/Users/alinaqvi/Desktop/github_projects/avida/work/ecology_test_relative_cost_fast_run_4/data/detail-489930.spop
ecology_test_relative_cost_fast_run_4,ecology_test_relative_cost_fast,489930,15016,695,1501600,p,add,29760,0.019818859882791688,/Users/alinaqvi/Desktop/github_projects/avida/work/ecology_test_relative_cost_fast_run_4/data/detail-489930.spop
ecology_test_relative_cost_fast_run_4,ecology_test_relative_cost_fast,489930,15016,695,1501600,q,sub,29455,0.019615743207245604,/Users/alinaqvi/Desktop/github_projects/avida/work/ecology_test_relative_cost_fast_run_4/data/detail-489930.spop
ecology_test_relative_cost_fast_run_4,ecology_test_relative_cost_fast,489930,15016,695,1501600,r,nand,43619,0.029048348428343102,/Users/alinaqvi/Desktop/github_projects/avida/work/ecology_test_relative_cost_fast_run_4/data/detail-489930.spop
ecology_test_relative_cost_fast_run_4,ecology_test_relative_cost_fast,489930,15016,695,1501600,s,repro,71015,0.04729288758657432,/Users/alinaqvi/Desktop/github_projects/avida/work/ecology_test_relative_cost_fast_run_4/data/detail-489930.spop
ecology_test_relative_cost_fast_run_4,ecology_test_relative_cost_fast,489930,15016,695,1501600,t,repro-semel,28915,0.019256126798082047,/Users/alinaqvi/Desktop/github_projects/avida/work/ecology_test_relative_cost_fast_run_4/data/detail-489930.spop
ecology_test_relative_cost_fast_run_4,ecology_test_relative_cost_fast,489930,15016,695,1501600,u,move,354357,0.23598628129994673,/Users/alinaqvi/Desktop/github_projects/avida/work/ecology_test_relative_cost_fast_run_4/data/detail-489930.spop
ecology_test_relative_cost_fast_run_4,ecology_test_relative_cost_fast,489930,15016,695,1501600,v,rotate-left-one,27177,0.018098694725626,/Users/alinaqvi/Desktop/github_projects/avida/work/ecology_test_relative_cost_fast_run_4/data/detail-489930.spop
ecology_test_relative_cost_fast_run_4,ecology_test_relative_cost_fast,489930,15016,695,1501600,w,rotate-right-one,12123,0.008073388385721896,/Users/alinaqvi/Desktop/github_projects/avida/work/ecology_test_relative_cost_fast_run_4/data/detail-489930.spop
ecology_test_relative_cost_fast_run_4,ecology_test_relative_cost_fast,489930,15016,695,1501600,x,sense-resource0,18176,0.012104421949920086,/Users/alinaqvi/Desktop/github_projects/avida/work/ecology_test_relative_cost_fast_run_4/data/detail-489930.spop
ecology_test_relative_cost_fast_run_4,ecology_test_relative_cost_fast,489930,15016,695,1501600,y,sense-faced-resource0,16598,0.011053542887586575,/Users/alinaqvi/Desktop/github_projects/avida/work/ecology_test_relative_cost_fast_run_4/data/detail-489930.spop
ecology_test_relative_cost_fast_run_5,ecology_test_relative_cost_fast,460970,14802,631,1480200,a,nop-B,47919,0.03237332792865829,/Users/alinaqvi/Desktop/github_projects/avida/work/ecology_test_relative_cost_fast_run_5/data/detail-460970.spop
ecology_test_relative_cost_fast_run_5,ecology_test_relative_cost_fast,460970,14802,631,1480200,b,nop-C,428766,0.28966761248479933,/Users/alinaqvi/Desktop/github_projects/avida/work/ecology_test_relative_cost_fast_run_5/data/detail-460970.spop
ecology_test_relative_cost_fast_run_5,ecology_test_relative_cost_fast,460970,14802,631,1480200,c,if-n-equ,16867,0.011395081745710038,/Users/alinaqvi/Desktop/github_projects/avida/work/ecology_test_relative_cost_fast_run_5/data/detail-460970.spop
ecology_test_relative_cost_fast_run_5,ecology_test_relative_cost_fast,460970,14802,631,1480200,d,if-less,73833,0.04988042156465342,/Users/alinaqvi/Desktop/github_projects/avida/work/ecology_test_relative_cost_fast_run_5/data/detail-460970.spop
ecology_test_relative_cost_fast_run_5,ecology_test_relative_cost_fast,460970,14802,631,1480200,e,if-not-0,22172,0.014979056884204837,/Users/alinaqvi/Desktop/github_projects/avida/work/ecology_test_relative_cost_fast_run_5/data/detail-460970.spop
ecology_test_relative_cost_fast_run_5,ecology_test_relative_cost_fast,460970,14802,631,1480200,f,if-les-0,23704,0.016014052155114172,/Users/alinaqvi/Desktop/github_projects/avida/work/ecology_test_relative_cost_fast_run_5/data/detail-460970.spop
ecology_test_relative_cost_fast_run_5,ecology_test_relative_cost_fast,460970,14802,631,1480200,g,if-grt-0,25061,0.016930820159437913,/Users/alinaqvi/Desktop/github_projects/avida/work/ecology_test_relative_cost_fast_run_5/data/detail-460970.spop
ecology_test_relative_cost_fast_run_5,ecology_test_relative_cost_fast,460970,14802,631,1480200,h,if-label,56759,0.03834549385218214,/Users/alinaqvi/Desktop/github_projects/avida/work/ecology_test_relative_cost_fast_run_5/data/detail-460970.spop
ecology_test_relative_cost_fast_run_5,ecology_test_relative_cost_fast,460970,14802,631,1480200,i,zero,44867,0.030311444399405484,/Users/alinaqvi/Desktop/github_projects/avida/work/ecology_test_relative_cost_fast_run_5/data/detail-460970.spop
ecology_test_relative_cost_fast_run_5,ecology_test_relative_cost_fast,460970,14802,631,1480200,j,inc,37274,0.025181732198351573,/Users/alinaqvi/Desktop/github_projects/avida/work/ecology_test_relative_cost_fast_run_5/data/detail-460970.spop
ecology_test_relative_cost_fast_run_5,ecology_test_relative_cost_fast,460970,14802,631,1480200,k,dec,23728,0.016030266180245913,/Users/alinaqvi/Desktop/github_projects/avida/work/ecology_test_relative_cost_fast_run_5/data/detail-460970.spop
ecology_test_relative_cost_fast_run_5,ecology_test_relative_cost_fast,460970,14802,631,1480200,l,push,25854,0.01746655857316579,/Users/alinaqvi/Desktop/github_projects/avida/work/ecology_test_relative_cost_fast_run_5/data/detail-460970.spop
ecology_test_relative_cost_fast_run_5,ecology_test_relative_cost_fast,460970,14802,631,1480200,m,pop,39694,0.026816646399135252,/Users/alinaqvi/Desktop/github_projects/avida/work/ecology_test_relative_cost_fast_run_5/data/detail-460970.spop
ecology_test_relative_cost_fast_run_5,ecology_test_relative_cost_fast,460970,14802,631,1480200,n,swap-stk,4344,0.0029347385488447506,/Users/alinaqvi/Desktop/github_projects/avida/work/ecology_test_relative_cost_fast_run_5/data/detail-460970.spop
ecology_test_relative_cost_fast_run_5,ecology_test_relative_cost_fast,460970,14802,631,1480200,o,swap,7381,0.004986488312390218,/Users/alinaqvi/Desktop/github_projects/avida/work/ecology_test_relative_cost_fast_run_5/data/detail-460970.spop
ecology_test_relative_cost_fast_run_5,ecology_test_relative_cost_fast,460970,14802,631,1480200,p,add,47254,0.03192406431563302,/Users/alinaqvi/Desktop/github_projects/avida/work/ecology_test_relative_cost_fast_run_5/data/detail-460970.spop
ecology_test_relative_cost_fast_run_5,ecology_test_relative_cost_fast,460970,14802,631,1480200,q,sub,35028,0.023664369679773003,/Users/alinaqvi/Desktop/github_projects/avida/work/ecology_test_relative_cost_fast_run_5/data/detail-460970.spop
ecology_test_relative_cost_fast_run_5,ecology_test_relative_cost_fast,460970,14802,631,1480200,r,nand,27352,0.018478583975138494,/Users/alinaqvi/Desktop/github_projects/avida/work/ecology_test_relative_cost_fast_run_5/data/detail-460970.spop
ecology_test_relative_cost_fast_run_5,ecology_test_relative_cost_fast,460970,14802,631,1480200,s,repro,60060,0.04057559789217673,/Users/alinaqvi/Desktop/github_projects/avida/work/ecology_test_relative_cost_fast_run_5/data/detail-460970.spop
ecology_test_relative_cost_fast_run_5,ecology_test_relative_cost_fast,460970,14802,631,1480200,t,repro-semel,4861,0.003284015673557627,/Users/alinaqvi/Desktop/github_projects/avida/work/ecology_test_relative_cost_fast_run_5/data/detail-460970.spop
ecology_test_relative_cost_fast_run_5,ecology_test_relative_cost_fast,460970,14802,631,1480200,u,move,334477,0.2259674368328604,/Users/alinaqvi/Desktop/github_projects/avida/work/ecology_test_relative_cost_fast_run_5/data/detail-460970.spop
ecology_test_relative_cost_fast_run_5,ecology_test_relative_cost_fast,460970,14802,631,1480200,v,rotate-left-one,10688,0.0072206458586677475,/Users/alinaqvi/Desktop/github_projects/avida/work/ecology_test_relative_cost_fast_run_5/data/detail-460970.spop
ecology_test_relative_cost_fast_run_5,ecology_test_relative_cost_fast,460970,14802,631,1480200,w,rotate-right-one,23582,0.0159316308606945,/Users/alinaqvi/Desktop/github_projects/avida/work/ecology_test_relative_cost_fast_run_5/data/detail-460970.spop
ecology_test_relative_cost_fast_run_5,ecology_test_relative_cost_fast,460970,14802,631,1480200,x,sense-resource0,19968,0.01349006890960681,/Users/alinaqvi/Desktop/github_projects/avida/work/ecology_test_relative_cost_fast_run_5/data/detail-460970.spop
ecology_test_relative_cost_fast_run_5,ecology_test_relative_cost_fast,460970,14802,631,1480200,y,sense-faced-resource0,38707,0.02614984461559249,/Users/alinaqvi/Desktop/github_projects/avida/work/ecology_test_relative_cost_fast_run_5/data/detail-460970.spop
ecology_test_relative_cost_fast_run_6,ecology_test_relative_cost_fast,444588,15411,1030,1541100,a,nop-B,78603,0.05100447732139381,/Users/alinaqvi/Desktop/github_projects/avida/work/ecology_test_relative_cost_fast_run_6/data/detail-444588.spop
ecology_test_relative_cost_fast_run_6,ecology_test_relative_cost_fast,444588,15411,1030,1541100,b,nop-C,431153,0.2797696450587243,/Users/alinaqvi/Desktop/github_projects/avida/work/ecology_test_relative_cost_fast_run_6/data/detail-444588.spop
ecology_test_relative_cost_fast_run_6,ecology_test_relative_cost_fast,444588,15411,1030,1541100,c,if-n-equ,19311,0.012530659918240218,/Users/alinaqvi/Desktop/github_projects/avida/work/ecology_test_relative_cost_fast_run_6/data/detail-444588.spop
ecology_test_relative_cost_fast_run_6,ecology_test_relative_cost_fast,444588,15411,1030,1541100,d,if-less,22551,0.014633054311855168,/Users/alinaqvi/Desktop/github_projects/avida/work/ecology_test_relative_cost_fast_run_6/data/detail-444588.spop
ecology_test_relative_cost_fast_run_6,ecology_test_relative_cost_fast,444588,15411,1030,1541100,e,if-not-0,20004,0.012980338719096748,/Users/alinaqvi/Desktop/github_projects/avida/work/ecology_test_relative_cost_fast_run_6/data/detail-444588.spop
ecology_test_relative_cost_fast_run_6,ecology_test_relative_cost_fast,444588,15411,1030,1541100,f,if-les-0,48420,0.031419116215690095,/Users/alinaqvi/Desktop/github_projects/avida/work/ecology_test_relative_cost_fast_run_6/data/detail-444588.spop
ecology_test_relative_cost_fast_run_6,ecology_test_relative_cost_fast,444588,15411,1030,1541100,g,if-grt-0,68201,0.044254753098436184,/Users/alinaqvi/Desktop/github_projects/avida/work/ecology_test_relative_cost_fast_run_6/data/detail-444588.spop
ecology_test_relative_cost_fast_run_6,ecology_test_relative_cost_fast,444588,15411,1030,1541100,h,if-label,68372,0.04436571280254364,/Users/alinaqvi/Desktop/github_projects/avida/work/ecology_test_relative_cost_fast_run_6/data/detail-444588.spop
ecology_test_relative_cost_fast_run_6,ecology_test_relative_cost_fast,444588,15411,1030,1541100,i,zero,2349,0.001524235935370839,/Users/alinaqvi/Desktop/github_projects/avida/work/ecology_test_relative_cost_fast_run_6/data/detail-444588.spop
ecology_test_relative_cost_fast_run_6,ecology_test_relative_cost_fast,444588,15411,1030,1541100,j,inc,20989,0.013619492570242035,/Users/alinaqvi/Desktop/github_projects/avida/work/ecology_test_relative_cost_fast_run_6/data/detail-444588.spop
ecology_test_relative_cost_fast_run_6,ecology_test_relative_cost_fast,444588,15411,1030,1541100,k,dec,46916,0.0304431899292713,/Users/alinaqvi/Desktop/github_projects/avida/work/ecology_test_relative_cost_fast_run_6/data/detail-444588.spop
ecology_test_relative_cost_fast_run_6,ecology_test_relative_cost_fast,444588,15411,1030,1541100,l,push,22493,0.014595418856660826,/Users/alinaqvi/Desktop/github_projects/avida/work/ecology_test_relative_cost_fast_run_6/data/detail-444588.spop
ecology_test_relative_cost_fast_run_6,ecology_test_relative_cost_fast,444588,15411,1030,1541100,m,pop,73001,0.04736941145934722,/Users/alinaqvi/Desktop/github_projects/avida/work/ecology_test_relative_cost_fast_run_6/data/detail-444588.spop
ecology_test_relative_cost_fast_run_6,ecology_test_relative_cost_fast,444588,15411,1030,1541100,n,swap-stk,13547,0.00879047433651288,/Users/alinaqvi/Desktop/github_projects/avida/work/ecology_test_relative_cost_fast_run_6/data/detail-444588.spop
ecology_test_relative_cost_fast_run_6,ecology_test_relative_cost_fast,444588,15411,1030,1541100,o,swap,20979,0.013613003698656803,/Users/alinaqvi/Desktop/github_projects/avida/work/ecology_test_relative_cost_fast_run_6/data/detail-444588.spop
ecology_test_relative_cost_fast_run_6,ecology_test_relative_cost_fast,444588,15411,1030,1541100,p,add,40235,0.02610797482317825,/Users/alinaqvi/Desktop/github_projects/avida/work/ecology_test_relative_cost_fast_run_6/data/detail-444588.spop
ecology_test_relative_cost_fast_run_6,ecology_test_relative_cost_fast,444588,15411,1030,1541100,q,sub,6181,0.004010771526831484,/Users/alinaqvi/Desktop/github_projects/avida/work/ecology_test_relative_cost_fast_run_6/data/detail-444588.spop
ecology_test_relative_cost_fast_run_6,ecology_test_relative_cost_fast,444588,15411,1030,1541100,r,nand,20800,0.013496852897281163,/Users/alinaqvi/Desktop/github_projects/avida/work/ecology_test_relative_cost_fast_run_6/data/detail-444588.spop
ecology_test_relative_cost_fast_run_6,ecology_test_relative_cost_fast,444588,15411,1030,1541100,s,repro,67029,0.04349425734864707,/Users/alinaqvi/Desktop/github_projects/avida/work/ecology_test_relative_cost_fast_run_6/data/detail-444588.spop
ecology_test_relative_cost_fast_run_6,ecology_test_relative_cost_fast,444588,15411,1030,1541100,t,repro-semel,37892,0.024587632210758548,/Users/alinaqvi/Desktop/github_projects/avida/work/ecology_test_relative_cost_fast_run_6/data/detail-444588.spop
ecology_test_relative_cost_fast_run_6,ecology_test_relative_cost_fast,444588,15411,1030,1541100,u,move,345048,0.22389721627408993,/Users/alinaqvi/Desktop/github_projects/avida/work/ecology_test_relative_cost_fast_run_6/data/detail-444588.spop
ecology_test_relative_cost_fast_run_6,ecology_test_relative_cost_fast,444588,15411,1030,1541100,v,rotate-left-one,11269,0.007312309389397184,/Users/alinaqvi/Desktop/github_projects/avida/work/ecology_test_relative_cost_fast_run_6/data/detail-444588.spop
ecology_test_relative_cost_fast_run_6,ecology_test_relative_cost_fast,444588,15411,1030,1541100,w,rotate-right-one,6240,0.004049055869184349,/Users/alinaqvi/Desktop/github_projects/avida/work/ecology_test_relative_cost_fast_run_6/data/detail-444588.spop
ecology_test_relative_cost_fast_run_6,ecology_test_relative_cost_fast,444588,15411,1030,1541100,x,sense-resource0,34773,0.022563753163324898,/Users/alinaqvi/Desktop/github_projects/avida/work/ecology_test_relative_cost_fast_run_6/data/detail-444588.spop
ecology_test_relative_cost_fast_run_6,ecology_test_relative_cost_fast,444588,15411,1030,1541100,y,sense-faced-resource0,14744,0.00956719226526507,/Users/alinaqvi/Desktop/github_projects/avida/work/ecology_test_relative_cost_fast_run_6/data/detail-444588.spop
ecology_test_relative_cost_fast_run_7,ecology_test_relative_cost_fast,402270,12642,833,1264200,a,nop-B,55057,0.043550862205347256,/Users/alinaqvi/Desktop/github_projects/avida/work/ecology_test_relative_cost_fast_run_7/data/detail-402270.spop
ecology_test_relative_cost_fast_run_7,ecology_test_relative_cost_fast,402270,12642,833,1264200,b,nop-C,343461,0.2716824869482677,/Users/alinaqvi/Desktop/github_projects/avida/work/ecology_test_relative_cost_fast_run_7/data/detail-402270.spop
ecology_test_relative_cost_fast_run_7,ecology_test_relative_cost_fast,402270,12642,833,1264200,c,if-n-equ,25979,0.020549754785635185,/Users/alinaqvi/Desktop/github_projects/avida/work/ecology_test_relative_cost_fast_run_7/data/detail-402270.spop
ecology_test_relative_cost_fast_run_7,ecology_test_relative_cost_fast,402270,12642,833,1264200,d,if-less,46441,0.03673548489163107,/Users/alinaqvi/Desktop/github_projects/avida/work/ecology_test_relative_cost_fast_run_7/data/detail-402270.spop
ecology_test_relative_cost_fast_run_7,ecology_test_relative_cost_fast,402270,12642,833,1264200,e,if-not-0,5867,0.004640879607657016,/Users/alinaqvi/Desktop/github_projects/avida/work/ecology_test_relative_cost_fast_run_7/data/detail-402270.spop
ecology_test_relative_cost_fast_run_7,ecology_test_relative_cost_fast,402270,12642,833,1264200,f,if-les-0,14671,0.011604967568422718,/Users/alinaqvi/Desktop/github_projects/avida/work/ecology_test_relative_cost_fast_run_7/data/detail-402270.spop
ecology_test_relative_cost_fast_run_7,ecology_test_relative_cost_fast,402270,12642,833,1264200,g,if-grt-0,11464,0.009068185413700363,/Users/alinaqvi/Desktop/github_projects/avida/work/ecology_test_relative_cost_fast_run_7/data/detail-402270.spop
ecology_test_relative_cost_fast_run_7,ecology_test_relative_cost_fast,402270,12642,833,1264200,h,if-label,82790,0.06548805568739123,/Users/alinaqvi/Desktop/github_projects/avida/work/ecology_test_relative_cost_fast_run_7/data/detail-402270.spop
ecology_test_relative_cost_fast_run_7,ecology_test_relative_cost_fast,402270,12642,833,1264200,i,zero,11551,0.009137003638664768,/Users/alinaqvi/Desktop/github_projects/avida/work/ecology_test_relative_cost_fast_run_7/data/detail-402270.spop
ecology_test_relative_cost_fast_run_7,ecology_test_relative_cost_fast,402270,12642,833,1264200,j,inc,48933,0.038706691979117226,/Users/alinaqvi/Desktop/github_projects/avida/work/ecology_test_relative_cost_fast_run_7/data/detail-402270.spop
ecology_test_relative_cost_fast_run_7,ecology_test_relative_cost_fast,402270,12642,833,1264200,k,dec,27571,0.021809049201075778,/Users/alinaqvi/Desktop/github_projects/avida/work/ecology_test_relative_cost_fast_run_7/data/detail-402270.spop
ecology_test_relative_cost_fast_run_7,ecology_test_relative_cost_fast,402270,12642,833,1264200,l,push,34788,0.02751779781680114,/Users/alinaqvi/Desktop/github_projects/avida/work/ecology_test_relative_cost_fast_run_7/data/detail-402270.spop
ecology_test_relative_cost_fast_run_7,ecology_test_relative_cost_fast,402270,12642,833,1264200,m,pop,10998,0.008699572852396772,/Users/alinaqvi/Desktop/github_projects/avida/work/ecology_test_relative_cost_fast_run_7/data/detail-402270.spop
ecology_test_relative_cost_fast_run_7,ecology_test_relative_cost_fast,402270,12642,833,1264200,n,swap-stk,17611,0.013930548963771555,/Users/alinaqvi/Desktop/github_projects/avida/work/ecology_test_relative_cost_fast_run_7/data/detail-402270.spop
ecology_test_relative_cost_fast_run_7,ecology_test_relative_cost_fast,402270,12642,833,1264200,o,swap,36464,0.028843537414965988,/Users/alinaqvi/Desktop/github_projects/avida/work/ecology_test_relative_cost_fast_run_7/data/detail-402270.spop
ecology_test_relative_cost_fast_run_7,ecology_test_relative_cost_fast,402270,12642,833,1264200,p,add,9773,0.0077305806043347575,/Users/alinaqvi/Desktop/github_projects/avida/work/ecology_test_relative_cost_fast_run_7/data/detail-402270.spop
ecology_test_relative_cost_fast_run_7,ecology_test_relative_cost_fast,402270,12642,833,1264200,q,sub,9948,0.007869008068343616,/Users/alinaqvi/Desktop/github_projects/avida/work/ecology_test_relative_cost_fast_run_7/data/detail-402270.spop
ecology_test_relative_cost_fast_run_7,ecology_test_relative_cost_fast,402270,12642,833,1264200,r,nand,18924,0.014969150450878026,/Users/alinaqvi/Desktop/github_projects/avida/work/ecology_test_relative_cost_fast_run_7/data/detail-402270.spop
ecology_test_relative_cost_fast_run_7,ecology_test_relative_cost_fast,402270,12642,833,1264200,s,repro,55778,0.044121183357063755,/Users/alinaqvi/Desktop/github_projects/avida/work/ecology_test_relative_cost_fast_run_7/data/detail-402270.spop
ecology_test_relative_cost_fast_run_7,ecology_test_relative_cost_fast,402270,12642,833,1264200,t,repro-semel,800,0.0006328112640404999,/Users/alinaqvi/Desktop/github_projects/avida/work/ecology_test_relative_cost_fast_run_7/data/detail-402270.spop
ecology_test_relative_cost_fast_run_7,ecology_test_relative_cost_fast,402270,12642,833,1264200,u,move,345476,0.2732763803195697,/Users/alinaqvi/Desktop/github_projects/avida/work/ecology_test_relative_cost_fast_run_7/data/detail-402270.spop
ecology_test_relative_cost_fast_run_7,ecology_test_relative_cost_fast,402270,12642,833,1264200,v,rotate-left-one,8641,0.00683515266571745,/Users/alinaqvi/Desktop/github_projects/avida/work/ecology_test_relative_cost_fast_run_7/data/detail-402270.spop
ecology_test_relative_cost_fast_run_7,ecology_test_relative_cost_fast,402270,12642,833,1264200,w,rotate-right-one,1566,0.0012387280493592785,/Users/alinaqvi/Desktop/github_projects/avida/work/ecology_test_relative_cost_fast_run_7/data/detail-402270.spop
ecology_test_relative_cost_fast_run_7,ecology_test_relative_cost_fast,402270,12642,833,1264200,x,sense-resource0,1367,0.0010813162474292042,/Users/alinaqvi/Desktop/github_projects/avida/work/ecology_test_relative_cost_fast_run_7/data/detail-402270.spop
ecology_test_relative_cost_fast_run_7,ecology_test_relative_cost_fast,402270,12642,833,1264200,y,sense-faced-resource0,38281,0.030280809998417972,/Users/alinaqvi/Desktop/github_projects/avida/work/ecology_test_relative_cost_fast_run_7/data/detail-402270.spop
ecology_test_relative_cost_fast_run_8,ecology_test_relative_cost_fast,430666,12981,724,1298100,a,nop-B,80326,0.06187967028734304,/Users/alinaqvi/Desktop/github_projects/avida/work/ecology_test_relative_cost_fast_run_8/data/detail-430666.spop
ecology_test_relative_cost_fast_run_8,ecology_test_relative_cost_fast,430666,12981,724,1298100,b,nop-C,319180,0.24588244357137354,/Users/alinaqvi/Desktop/github_projects/avida/work/ecology_test_relative_cost_fast_run_8/data/detail-430666.spop
ecology_test_relative_cost_fast_run_8,ecology_test_relative_cost_fast,430666,12981,724,1298100,c,if-n-equ,24229,0.01866497188198136,/Users/alinaqvi/Desktop/github_projects/avida/work/ecology_test_relative_cost_fast_run_8/data/detail-430666.spop
ecology_test_relative_cost_fast_run_8,ecology_test_relative_cost_fast,430666,12981,724,1298100,d,if-less,49151,0.03786380093983514,/Users/alinaqvi/Desktop/github_projects/avida/work/ecology_test_relative_cost_fast_run_8/data/detail-430666.spop
ecology_test_relative_cost_fast_run_8,ecology_test_relative_cost_fast,430666,12981,724,1298100,e,if-not-0,27406,0.021112395038903012,/Users/alinaqvi/Desktop/github_projects/avida/work/ecology_test_relative_cost_fast_run_8/data/detail-430666.spop
ecology_test_relative_cost_fast_run_8,ecology_test_relative_cost_fast,430666,12981,724,1298100,f,if-les-0,52312,0.04029889838995455,/Users/alinaqvi/Desktop/github_projects/avida/work/ecology_test_relative_cost_fast_run_8/data/detail-430666.spop
ecology_test_relative_cost_fast_run_8,ecology_test_relative_cost_fast,430666,12981,724,1298100,g,if-grt-0,47728,0.03676758339111008,/Users/alinaqvi/Desktop/github_projects/avida/work/ecology_test_relative_cost_fast_run_8/data/detail-430666.spop
ecology_test_relative_cost_fast_run_8,ecology_test_relative_cost_fast,430666,12981,724,1298100,h,if-label,33158,0.025543486634311687,/Users/alinaqvi/Desktop/github_projects/avida/work/ecology_test_relative_cost_fast_run_8/data/detail-430666.spop
ecology_test_relative_cost_fast_run_8,ecology_test_relative_cost_fast,430666,12981,724,1298100,i,zero,19525,0.015041214082120022,/Users/alinaqvi/Desktop/github_projects/avida/work/ecology_test_relative_cost_fast_run_8/data/detail-430666.spop
ecology_test_relative_cost_fast_run_8,ecology_test_relative_cost_fast,430666,12981,724,1298100,j,inc,26129,0.02012864956474848,/Users/alinaqvi/Desktop/github_projects/avida/work/ecology_test_relative_cost_fast_run_8/data/detail-430666.spop
ecology_test_relative_cost_fast_run_8,ecology_test_relative_cost_fast,430666,12981,724,1298100,k,dec,38035,0.029300516138972343,/Users/alinaqvi/Desktop/github_projects/avida/work/ecology_test_relative_cost_fast_run_8/data/detail-430666.spop
ecology_test_relative_cost_fast_run_8,ecology_test_relative_cost_fast,430666,12981,724,1298100,l,push,8489,0.00653955781526847,/Users/alinaqvi/Desktop/github_projects/avida/work/ecology_test_relative_cost_fast_run_8/data/detail-430666.spop
ecology_test_relative_cost_fast_run_8,ecology_test_relative_cost_fast,430666,12981,724,1298100,m,pop,15685,0.012083044449580155,/Users/alinaqvi/Desktop/github_projects/avida/work/ecology_test_relative_cost_fast_run_8/data/detail-430666.spop
ecology_test_relative_cost_fast_run_8,ecology_test_relative_cost_fast,430666,12981,724,1298100,n,swap-stk,3785,0.0029158000154071335,/Users/alinaqvi/Desktop/github_projects/avida/work/ecology_test_relative_cost_fast_run_8/data/detail-430666.spop
ecology_test_relative_cost_fast_run_8,ecology_test_relative_cost_fast,430666,12981,724,1298100,o,swap,26513,0.020424466528002463,/Users/alinaqvi/Desktop/github_projects/avida/work/ecology_test_relative_cost_fast_run_8/data/detail-430666.spop
ecology_test_relative_cost_fast_run_8,ecology_test_relative_cost_fast,430666,12981,724,1298100,p,add,29791,0.02294969570911332,/Users/alinaqvi/Desktop/github_projects/avida/work/ecology_test_relative_cost_fast_run_8/data/detail-430666.spop
ecology_test_relative_cost_fast_run_8,ecology_test_relative_cost_fast,430666,12981,724,1298100,q,sub,23247,0.017908481626993298,/Users/alinaqvi/Desktop/github_projects/avida/work/ecology_test_relative_cost_fast_run_8/data/detail-430666.spop
ecology_test_relative_cost_fast_run_8,ecology_test_relative_cost_fast,430666,12981,724,1298100,r,nand,32837,0.025296202141591558,/Users/alinaqvi/Desktop/github_projects/avida/work/ecology_test_relative_cost_fast_run_8/data/detail-430666.spop
ecology_test_relative_cost_fast_run_8,ecology_test_relative_cost_fast,430666,12981,724,1298100,s,repro,59829,0.04608966951698636,/Users/alinaqvi/Desktop/github_projects/avida/work/ecology_test_relative_cost_fast_run_8/data/detail-430666.spop
ecology_test_relative_cost_fast_run_8,ecology_test_relative_cost_fast,430666,12981,724,1298100,t,repro-semel,23141,0.017826823819428395,/Users/alinaqvi/Desktop/github_projects/avida/work/ecology_test_relative_cost_fast_run_8/data/detail-430666.spop
ecology_test_relative_cost_fast_run_8,ecology_test_relative_cost_fast,430666,12981,724,1298100,u,move,312874,0.24102457437793698,/Users/alinaqvi/Desktop/github_projects/avida/work/ecology_test_relative_cost_fast_run_8/data/detail-430666.spop
ecology_test_relative_cost_fast_run_8,ecology_test_relative_cost_fast,430666,12981,724,1298100,v,rotate-left-one,10810,0.00832755565826978,/Users/alinaqvi/Desktop/github_projects/avida/work/ecology_test_relative_cost_fast_run_8/data/detail-430666.spop
ecology_test_relative_cost_fast_run_8,ecology_test_relative_cost_fast,430666,12981,724,1298100,w,rotate-right-one,2675,0.0020607041060010786,/Users/alinaqvi/Desktop/github_projects/avida/work/ecology_test_relative_cost_fast_run_8/data/detail-430666.spop
ecology_test_relative_cost_fast_run_8,ecology_test_relative_cost_fast,430666,12981,724,1298100,x,sense-resource0,30696,0.023646868500115555,/Users/alinaqvi/Desktop/github_projects/avida/work/ecology_test_relative_cost_fast_run_8/data/detail-430666.spop
ecology_test_relative_cost_fast_run_8,ecology_test_relative_cost_fast,430666,12981,724,1298100,y,sense-faced-resource0,549,0.000422925814652184,/Users/alinaqvi/Desktop/github_projects/avida/work/ecology_test_relative_cost_fast_run_8/data/detail-430666.spop
ecology_test_relative_cost_fast_run_9,ecology_test_relative_cost_fast,30256,2147,132,214700,a,nop-B,2008,0.009352585002328832,/Users/alinaqvi/Desktop/github_projects/avida/work/ecology_test_relative_cost_fast_run_9/data/detail-30256.spop
ecology_test_relative_cost_fast_run_9,ecology_test_relative_cost_fast,30256,2147,132,214700,b,nop-C,169771,0.7907359105728924,/Users/alinaqvi/Desktop/github_projects/avida/work/ecology_test_relative_cost_fast_run_9/data/detail-30256.spop
ecology_test_relative_cost_fast_run_9,ecology_test_relative_cost_fast,30256,2147,132,214700,c,if-n-equ,611,0.0028458313926408942,/Users/alinaqvi/Desktop/github_projects/avida/work/ecology_test_relative_cost_fast_run_9/data/detail-30256.spop
ecology_test_relative_cost_fast_run_9,ecology_test_relative_cost_fast,30256,2147,132,214700,d,if-less,1033,0.004811364694923149,/Users/alinaqvi/Desktop/github_projects/avida/work/ecology_test_relative_cost_fast_run_9/data/detail-30256.spop
ecology_test_relative_cost_fast_run_9,ecology_test_relative_cost_fast,30256,2147,132,214700,e,if-not-0,628,0.0029250116441546345,/Users/alinaqvi/Desktop/github_projects/avida/work/ecology_test_relative_cost_fast_run_9/data/detail-30256.spop
ecology_test_relative_cost_fast_run_9,ecology_test_relative_cost_fast,30256,2147,132,214700,f,if-les-0,98,0.0004564508616674429,/Users/alinaqvi/Desktop/github_projects/avida/work/ecology_test_relative_cost_fast_run_9/data/detail-30256.spop
ecology_test_relative_cost_fast_run_9,ecology_test_relative_cost_fast,30256,2147,132,214700,g,if-grt-0,80,0.0003726129482999534,/Users/alinaqvi/Desktop/github_projects/avida/work/ecology_test_relative_cost_fast_run_9/data/detail-30256.spop
ecology_test_relative_cost_fast_run_9,ecology_test_relative_cost_fast,30256,2147,132,214700,h,if-label,2421,0.01127619934792734,/Users/alinaqvi/Desktop/github_projects/avida/work/ecology_test_relative_cost_fast_run_9/data/detail-30256.spop
ecology_test_relative_cost_fast_run_9,ecology_test_relative_cost_fast,30256,2147,132,214700,i,zero,2402,0.0111877037727061,/Users/alinaqvi/Desktop/github_projects/avida/work/ecology_test_relative_cost_fast_run_9/data/detail-30256.spop
ecology_test_relative_cost_fast_run_9,ecology_test_relative_cost_fast,30256,2147,132,214700,j,inc,74,0.00034466697717745694,/Users/alinaqvi/Desktop/github_projects/avida/work/ecology_test_relative_cost_fast_run_9/data/detail-30256.spop
ecology_test_relative_cost_fast_run_9,ecology_test_relative_cost_fast,30256,2147,132,214700,k,dec,611,0.0028458313926408942,/Users/alinaqvi/Desktop/github_projects/avida/work/ecology_test_relative_cost_fast_run_9/data/detail-30256.spop
ecology_test_relative_cost_fast_run_9,ecology_test_relative_cost_fast,30256,2147,132,214700,l,push,1610,0.007498835584536563,/Users/alinaqvi/Desktop/github_projects/avida/work/ecology_test_relative_cost_fast_run_9/data/detail-30256.spop
ecology_test_relative_cost_fast_run_9,ecology_test_relative_cost_fast,30256,2147,132,214700,m,pop,3049,0.014201210992081974,/Users/alinaqvi/Desktop/github_projects/avida/work/ecology_test_relative_cost_fast_run_9/data/detail-30256.spop
ecology_test_relative_cost_fast_run_9,ecology_test_relative_cost_fast,30256,2147,132,214700,n,swap-stk,100,0.0004657661853749418,/Users/alinaqvi/Desktop/github_projects/avida/work/ecology_test_relative_cost_fast_run_9/data/detail-30256.spop
ecology_test_relative_cost_fast_run_9,ecology_test_relative_cost_fast,30256,2147,132,214700,o,swap,1068,0.004974382859804378,/Users/alinaqvi/Desktop/github_projects/avida/work/ecology_test_relative_cost_fast_run_9/data/detail-30256.spop
ecology_test_relative_cost_fast_run_9,ecology_test_relative_cost_fast,30256,2147,132,214700,p,add,13,6.054960409874243e-05,/Users/alinaqvi/Desktop/github_projects/avida/work/ecology_test_relative_cost_fast_run_9/data/detail-30256.spop
ecology_test_relative_cost_fast_run_9,ecology_test_relative_cost_fast,30256,2147,132,214700,q,sub,273,0.0012715416860735911,/Users/alinaqvi/Desktop/github_projects/avida/work/ecology_test_relative_cost_fast_run_9/data/detail-30256.spop
ecology_test_relative_cost_fast_run_9,ecology_test_relative_cost_fast,30256,2147,132,214700,r,nand,3122,0.014541220307405683,/Users/alinaqvi/Desktop/github_projects/avida/work/ecology_test_relative_cost_fast_run_9/data/detail-30256.spop
ecology_test_relative_cost_fast_run_9,ecology_test_relative_cost_fast,30256,2147,132,214700,s,repro,15777,0.07348393106660457,/Users/alinaqvi/Desktop/github_projects/avida/work/ecology_test_relative_cost_fast_run_9/data/detail-30256.spop
ecology_test_relative_cost_fast_run_9,ecology_test_relative_cost_fast,30256,2147,132,214700,t,repro-semel,60,0.00027945971122496507,/Users/alinaqvi/Desktop/github_projects/avida/work/ecology_test_relative_cost_fast_run_9/data/detail-30256.spop
ecology_test_relative_cost_fast_run_9,ecology_test_relative_cost_fast,30256,2147,132,214700,u,move,4109,0.019138332557056357,/Users/alinaqvi/Desktop/github_projects/avida/work/ecology_test_relative_cost_fast_run_9/data/detail-30256.spop
ecology_test_relative_cost_fast_run_9,ecology_test_relative_cost_fast,30256,2147,132,214700,v,rotate-left-one,591,0.002752678155565906,/Users/alinaqvi/Desktop/github_projects/avida/work/ecology_test_relative_cost_fast_run_9/data/detail-30256.spop
ecology_test_relative_cost_fast_run_9,ecology_test_relative_cost_fast,30256,2147,132,214700,w,rotate-right-one,2870,0.013367489520260829,/Users/alinaqvi/Desktop/github_projects/avida/work/ecology_test_relative_cost_fast_run_9/data/detail-30256.spop
ecology_test_relative_cost_fast_run_9,ecology_test_relative_cost_fast,30256,2147,132,214700,x,sense-resource0,752,0.003502561714019562,/Users/alinaqvi/Desktop/github_projects/avida/work/ecology_test_relative_cost_fast_run_9/data/detail-30256.spop
ecology_test_relative_cost_fast_run_9,ecology_test_relative_cost_fast,30256,2147,132,214700,y,sense-faced-resource0,1569,0.007307871448532836,/Users/alinaqvi/Desktop/github_projects/avida/work/ecology_test_relative_cost_fast_run_9/data/detail-30256.spop
ecology_test_relative_cost_fast_run_10,ecology_test_relative_cost_fast,492498,10841,580,1084100,a,nop-B,61138,0.05639516649755558,/Users/alinaqvi/Desktop/github_projects/avida/work/ecology_test_relative_cost_fast_run_10/data/detail-492498.spop
ecology_test_relative_cost_fast_run_10,ecology_test_relative_cost_fast,492498,10841,580,1084100,b,nop-C,165528,0.15268702149248226,/Users/alinaqvi/Desktop/github_projects/avida/work/ecology_test_relative_cost_fast_run_10/data/detail-492498.spop
ecology_test_relative_cost_fast_run_10,ecology_test_relative_cost_fast,492498,10841,580,1084100,c,if-n-equ,29062,0.026807490083940597,/Users/alinaqvi/Desktop/github_projects/avida/work/ecology_test_relative_cost_fast_run_10/data/detail-492498.spop
ecology_test_relative_cost_fast_run_10,ecology_test_relative_cost_fast,492498,10841,580,1084100,d,if-less,26387,0.024340005534544785,/Users/alinaqvi/Desktop/github_projects/avida/work/ecology_test_relative_cost_fast_run_10/data/detail-492498.spop
ecology_test_relative_cost_fast_run_10,ecology_test_relative_cost_fast,492498,10841,580,1084100,e,if-not-0,7306,0.006739230698275067,/Users/alinaqvi/Desktop/github_projects/avida/work/ecology_test_relative_cost_fast_run_10/data/detail-492498.spop
ecology_test_relative_cost_fast_run_10,ecology_test_relative_cost_fast,492498,10841,580,1084100,f,if-les-0,25418,0.0234461765519786,/Users/alinaqvi/Desktop/github_projects/avida/work/ecology_test_relative_cost_fast_run_10/data/detail-492498.spop
ecology_test_relative_cost_fast_run_10,ecology_test_relative_cost_fast,492498,10841,580,1084100,g,if-grt-0,14335,0.013222949912369707,/Users/alinaqvi/Desktop/github_projects/avida/work/ecology_test_relative_cost_fast_run_10/data/detail-492498.spop
ecology_test_relative_cost_fast_run_10,ecology_test_relative_cost_fast,492498,10841,580,1084100,h,if-label,62355,0.05751775666451434,/Users/alinaqvi/Desktop/github_projects/avida/work/ecology_test_relative_cost_fast_run_10/data/detail-492498.spop
ecology_test_relative_cost_fast_run_10,ecology_test_relative_cost_fast,492498,10841,580,1084100,i,zero,31400,0.028964117701319066,/Users/alinaqvi/Desktop/github_projects/avida/work/ecology_test_relative_cost_fast_run_10/data/detail-492498.spop
ecology_test_relative_cost_fast_run_10,ecology_test_relative_cost_fast,492498,10841,580,1084100,j,inc,23219,0.02141776588875565,/Users/alinaqvi/Desktop/github_projects/avida/work/ecology_test_relative_cost_fast_run_10/data/detail-492498.spop
ecology_test_relative_cost_fast_run_10,ecology_test_relative_cost_fast,492498,10841,580,1084100,k,dec,33449,0.030854164744949727,/Users/alinaqvi/Desktop/github_projects/avida/work/ecology_test_relative_cost_fast_run_10/data/detail-492498.spop
ecology_test_relative_cost_fast_run_10,ecology_test_relative_cost_fast,492498,10841,580,1084100,l,push,25216,0.023259846877594317,/Users/alinaqvi/Desktop/github_projects/avida/work/ecology_test_relative_cost_fast_run_10/data/detail-492498.spop
ecology_test_relative_cost_fast_run_10,ecology_test_relative_cost_fast,492498,10841,580,1084100,m,pop,25669,0.02367770500876303,/Users/alinaqvi/Desktop/github_projects/avida/work/ecology_test_relative_cost_fast_run_10/data/detail-492498.spop
ecology_test_relative_cost_fast_run_10,ecology_test_relative_cost_fast,492498,10841,580,1084100,n,swap-stk,13492,0.012445346370261045,/Users/alinaqvi/Desktop/github_projects/avida/work/ecology_test_relative_cost_fast_run_10/data/detail-492498.spop
ecology_test_relative_cost_fast_run_10,ecology_test_relative_cost_fast,492498,10841,580,1084100,o,swap,31888,0.029414260677059312,/Users/alinaqvi/Desktop/github_projects/avida/work/ecology_test_relative_cost_fast_run_10/data/detail-492498.spop
ecology_test_relative_cost_fast_run_10,ecology_test_relative_cost_fast,492498,10841,580,1084100,p,add,18621,0.0171764597361867,/Users/alinaqvi/Desktop/github_projects/avida/work/ecology_test_relative_cost_fast_run_10/data/detail-492498.spop
ecology_test_relative_cost_fast_run_10,ecology_test_relative_cost_fast,492498,10841,580,1084100,q,sub,26349,0.024304953417581404,/Users/alinaqvi/Desktop/github_projects/avida/work/ecology_test_relative_cost_fast_run_10/data/detail-492498.spop
ecology_test_relative_cost_fast_run_10,ecology_test_relative_cost_fast,492498,10841,580,1084100,r,nand,23944,0.02208652338345171,/Users/alinaqvi/Desktop/github_projects/avida/work/ecology_test_relative_cost_fast_run_10/data/detail-492498.spop
ecology_test_relative_cost_fast_run_10,ecology_test_relative_cost_fast,492498,10841,580,1084100,s,repro,55623,0.05130799741721243,/Users/alinaqvi/Desktop/github_projects/avida/work/ecology_test_relative_cost_fast_run_10/data/detail-492498.spop
ecology_test_relative_cost_fast_run_10,ecology_test_relative_cost_fast,492498,10841,580,1084100,t,repro-semel,21615,0.019938197583248777,/Users/alinaqvi/Desktop/github_projects/avida/work/ecology_test_relative_cost_fast_run_10/data/detail-492498.spop
ecology_test_relative_cost_fast_run_10,ecology_test_relative_cost_fast,492498,10841,580,1084100,u,move,318090,0.29341389170740706,/Users/alinaqvi/Desktop/github_projects/avida/work/ecology_test_relative_cost_fast_run_10/data/detail-492498.spop
ecology_test_relative_cost_fast_run_10,ecology_test_relative_cost_fast,492498,10841,580,1084100,v,rotate-left-one,17016,0.01569596900654921,/Users/alinaqvi/Desktop/github_projects/avida/work/ecology_test_relative_cost_fast_run_10/data/detail-492498.spop
ecology_test_relative_cost_fast_run_10,ecology_test_relative_cost_fast,492498,10841,580,1084100,w,rotate-right-one,1392,0.0012840143898164376,/Users/alinaqvi/Desktop/github_projects/avida/work/ecology_test_relative_cost_fast_run_10/data/detail-492498.spop
ecology_test_relative_cost_fast_run_10,ecology_test_relative_cost_fast,492498,10841,580,1084100,x,sense-resource0,13545,0.012494234849183654,/Users/alinaqvi/Desktop/github_projects/avida/work/ecology_test_relative_cost_fast_run_10/data/detail-492498.spop
ecology_test_relative_cost_fast_run_10,ecology_test_relative_cost_fast,492498,10841,580,1084100,y,sense-faced-resource0,12043,0.011108753804999538,/Users/alinaqvi/Desktop/github_projects/avida/work/ecology_test_relative_cost_fast_run_10/data/detail-492498.spop
ecology_test_relative_cost_fast_run_11,ecology_test_relative_cost_fast,457605,10402,528,1040200,a,nop-B,55034,0.052907133243607,/Users/alinaqvi/Desktop/github_projects/avida/work/ecology_test_relative_cost_fast_run_11/data/detail-457605.spop
ecology_test_relative_cost_fast_run_11,ecology_test_relative_cost_fast,457605,10402,528,1040200,b,nop-C,175711,0.1689203999230917,/Users/alinaqvi/Desktop/github_projects/avida/work/ecology_test_relative_cost_fast_run_11/data/detail-457605.spop
ecology_test_relative_cost_fast_run_11,ecology_test_relative_cost_fast,457605,10402,528,1040200,c,if-n-equ,11158,0.010726783310901749,/Users/alinaqvi/Desktop/github_projects/avida/work/ecology_test_relative_cost_fast_run_11/data/detail-457605.spop
ecology_test_relative_cost_fast_run_11,ecology_test_relative_cost_fast,457605,10402,528,1040200,d,if-less,54896,0.052774466448759855,/Users/alinaqvi/Desktop/github_projects/avida/work/ecology_test_relative_cost_fast_run_11/data/detail-457605.spop
ecology_test_relative_cost_fast_run_11,ecology_test_relative_cost_fast,457605,10402,528,1040200,e,if-not-0,12581,0.012094789463564699,/Users/alinaqvi/Desktop/github_projects/avida/work/ecology_test_relative_cost_fast_run_11/data/detail-457605.spop
ecology_test_relative_cost_fast_run_11,ecology_test_relative_cost_fast,457605,10402,528,1040200,f,if-les-0,26111,0.025101903480099982,/Users/alinaqvi/Desktop/github_projects/avida/work/ecology_test_relative_cost_fast_run_11/data/detail-457605.spop
ecology_test_relative_cost_fast_run_11,ecology_test_relative_cost_fast,457605,10402,528,1040200,g,if-grt-0,35052,0.03369736589117477,/Users/alinaqvi/Desktop/github_projects/avida/work/ecology_test_relative_cost_fast_run_11/data/detail-457605.spop
ecology_test_relative_cost_fast_run_11,ecology_test_relative_cost_fast,457605,10402,528,1040200,h,if-label,38378,0.03689482791770813,/Users/alinaqvi/Desktop/github_projects/avida/work/ecology_test_relative_cost_fast_run_11/data/detail-457605.spop
ecology_test_relative_cost_fast_run_11,ecology_test_relative_cost_fast,457605,10402,528,1040200,i,zero,35144,0.03378581042107287,/Users/alinaqvi/Desktop/github_projects/avida/work/ecology_test_relative_cost_fast_run_11/data/detail-457605.spop
ecology_test_relative_cost_fast_run_11,ecology_test_relative_cost_fast,457605,10402,528,1040200,j,inc,37771,0.036311286291097866,/Users/alinaqvi/Desktop/github_projects/avida/work/ecology_test_relative_cost_fast_run_11/data/detail-457605.spop
ecology_test_relative_cost_fast_run_11,ecology_test_relative_cost_fast,457605,10402,528,1040200,k,dec,22483,0.02161411267064026,/Users/alinaqvi/Desktop/github_projects/avida/work/ecology_test_relative_cost_fast_run_11/data/detail-457605.spop
ecology_test_relative_cost_fast_run_11,ecology_test_relative_cost_fast,457605,10402,528,1040200,l,push,13098,0.012591809267448567,/Users/alinaqvi/Desktop/github_projects/avida/work/ecology_test_relative_cost_fast_run_11/data/detail-457605.spop
ecology_test_relative_cost_fast_run_11,ecology_test_relative_cost_fast,457605,10402,528,1040200,m,pop,43578,0.041893866564122285,/Users/alinaqvi/Desktop/github_projects/avida/work/ecology_test_relative_cost_fast_run_11/data/detail-457605.spop
ecology_test_relative_cost_fast_run_11,ecology_test_relative_cost_fast,457605,10402,528,1040200,n,swap-stk,2552,0.0024533743510863296,/Users/alinaqvi/Desktop/github_projects/avida/work/ecology_test_relative_cost_fast_run_11/data/detail-457605.spop
ecology_test_relative_cost_fast_run_11,ecology_test_relative_cost_fast,457605,10402,528,1040200,o,swap,37533,0.036082484137665835,/Users/alinaqvi/Desktop/github_projects/avida/work/ecology_test_relative_cost_fast_run_11/data/detail-457605.spop
ecology_test_relative_cost_fast_run_11,ecology_test_relative_cost_fast,457605,10402,528,1040200,p,add,13322,0.012807152470678715,/Users/alinaqvi/Desktop/github_projects/avida/work/ecology_test_relative_cost_fast_run_11/data/detail-457605.spop
ecology_test_relative_cost_fast_run_11,ecology_test_relative_cost_fast,457605,10402,528,1040200,q,sub,40055,0.0385070178811767,/Users/alinaqvi/Desktop/github_projects/avida/work/ecology_test_relative_cost_fast_run_11/data/detail-457605.spop
ecology_test_relative_cost_fast_run_11,ecology_test_relative_cost_fast,457605,10402,528,1040200,r,nand,28342,0.02724668333012882,/Users/alinaqvi/Desktop/github_projects/avida/work/ecology_test_relative_cost_fast_run_11/data/detail-457605.spop
ecology_test_relative_cost_fast_run_11,ecology_test_relative_cost_fast,457605,10402,528,1040200,s,repro,32907,0.03163526244952894,/Users/alinaqvi/Desktop/github_projects/avida/work/ecology_test_relative_cost_fast_run_11/data/detail-457605.spop
ecology_test_relative_cost_fast_run_11,ecology_test_relative_cost_fast,457605,10402,528,1040200,t,repro-semel,17441,0.016766967890790234,/Users/alinaqvi/Desktop/github_projects/avida/work/ecology_test_relative_cost_fast_run_11/data/detail-457605.spop
ecology_test_relative_cost_fast_run_11,ecology_test_relative_cost_fast,457605,10402,528,1040200,u,move,259689,0.24965295135550855,/Users/alinaqvi/Desktop/github_projects/avida/work/ecology_test_relative_cost_fast_run_11/data/detail-457605.spop
ecology_test_relative_cost_fast_run_11,ecology_test_relative_cost_fast,457605,10402,528,1040200,v,rotate-left-one,7706,0.007408190732551432,/Users/alinaqvi/Desktop/github_projects/avida/work/ecology_test_relative_cost_fast_run_11/data/detail-457605.spop
ecology_test_relative_cost_fast_run_11,ecology_test_relative_cost_fast,457605,10402,528,1040200,w,rotate-right-one,305,0.0002932128436839069,/Users/alinaqvi/Desktop/github_projects/avida/work/ecology_test_relative_cost_fast_run_11/data/detail-457605.spop
ecology_test_relative_cost_fast_run_11,ecology_test_relative_cost_fast,457605,10402,528,1040200,x,sense-resource0,21901,0.021054604883676217,/Users/alinaqvi/Desktop/github_projects/avida/work/ecology_test_relative_cost_fast_run_11/data/detail-457605.spop
ecology_test_relative_cost_fast_run_11,ecology_test_relative_cost_fast,457605,10402,528,1040200,y,sense-faced-resource0,17452,0.01677754278023457,/Users/alinaqvi/Desktop/github_projects/avida/work/ecology_test_relative_cost_fast_run_11/data/detail-457605.spop
ecology_test_relative_cost_fast_run_12,ecology_test_relative_cost_fast,458691,10605,647,1060500,a,nop-B,42873,0.04042715700141443,/Users/alinaqvi/Desktop/github_projects/avida/work/ecology_test_relative_cost_fast_run_12/data/detail-458691.spop
ecology_test_relative_cost_fast_run_12,ecology_test_relative_cost_fast,458691,10605,647,1060500,b,nop-C,197161,0.1859132484677039,/Users/alinaqvi/Desktop/github_projects/avida/work/ecology_test_relative_cost_fast_run_12/data/detail-458691.spop
ecology_test_relative_cost_fast_run_12,ecology_test_relative_cost_fast,458691,10605,647,1060500,c,if-n-equ,33973,0.03203488920320603,/Users/alinaqvi/Desktop/github_projects/avida/work/ecology_test_relative_cost_fast_run_12/data/detail-458691.spop
ecology_test_relative_cost_fast_run_12,ecology_test_relative_cost_fast,458691,10605,647,1060500,d,if-less,18797,0.017724658180103724,/Users/alinaqvi/Desktop/github_projects/avida/work/ecology_test_relative_cost_fast_run_12/data/detail-458691.spop
ecology_test_relative_cost_fast_run_12,ecology_test_relative_cost_fast,458691,10605,647,1060500,e,if-not-0,38744,0.03653371051390853,/Users/alinaqvi/Desktop/github_projects/avida/work/ecology_test_relative_cost_fast_run_12/data/detail-458691.spop
ecology_test_relative_cost_fast_run_12,ecology_test_relative_cost_fast,458691,10605,647,1060500,f,if-les-0,43614,0.041125884016973126,/Users/alinaqvi/Desktop/github_projects/avida/work/ecology_test_relative_cost_fast_run_12/data/detail-458691.spop
ecology_test_relative_cost_fast_run_12,ecology_test_relative_cost_fast,458691,10605,647,1060500,g,if-grt-0,13691,0.01290994813767091,/Users/alinaqvi/Desktop/github_projects/avida/work/ecology_test_relative_cost_fast_run_12/data/detail-458691.spop
ecology_test_relative_cost_fast_run_12,ecology_test_relative_cost_fast,458691,10605,647,1060500,h,if-label,20858,0.019668081093823668,/Users/alinaqvi/Desktop/github_projects/avida/work/ecology_test_relative_cost_fast_run_12/data/detail-458691.spop
ecology_test_relative_cost_fast_run_12,ecology_test_relative_cost_fast,458691,10605,647,1060500,i,zero,36611,0.034522395096652524,/Users/alinaqvi/Desktop/github_projects/avida/work/ecology_test_relative_cost_fast_run_12/data/detail-458691.spop
ecology_test_relative_cost_fast_run_12,ecology_test_relative_cost_fast,458691,10605,647,1060500,j,inc,3647,0.003438943894389439,/Users/alinaqvi/Desktop/github_projects/avida/work/ecology_test_relative_cost_fast_run_12/data/detail-458691.spop
ecology_test_relative_cost_fast_run_12,ecology_test_relative_cost_fast,458691,10605,647,1060500,k,dec,11317,0.01067138142385667,/Users/alinaqvi/Desktop/github_projects/avida/work/ecology_test_relative_cost_fast_run_12/data/detail-458691.spop
ecology_test_relative_cost_fast_run_12,ecology_test_relative_cost_fast,458691,10605,647,1060500,l,push,34505,0.03253653936822254,/Users/alinaqvi/Desktop/github_projects/avida/work/ecology_test_relative_cost_fast_run_12/data/detail-458691.spop
ecology_test_relative_cost_fast_run_12,ecology_test_relative_cost_fast,458691,10605,647,1060500,m,pop,7407,0.006984441301272984,/Users/alinaqvi/Desktop/github_projects/avida/work/ecology_test_relative_cost_fast_run_12/data/detail-458691.spop
ecology_test_relative_cost_fast_run_12,ecology_test_relative_cost_fast,458691,10605,647,1060500,n,swap-stk,9307,0.008776049033474776,/Users/alinaqvi/Desktop/github_projects/avida/work/ecology_test_relative_cost_fast_run_12/data/detail-458691.spop
ecology_test_relative_cost_fast_run_12,ecology_test_relative_cost_fast,458691,10605,647,1060500,o,swap,27241,0.025686940122583688,/Users/alinaqvi/Desktop/github_projects/avida/work/ecology_test_relative_cost_fast_run_12/data/detail-458691.spop
ecology_test_relative_cost_fast_run_12,ecology_test_relative_cost_fast,458691,10605,647,1060500,p,add,20915,0.01972182932578972,/Users/alinaqvi/Desktop/github_projects/avida/work/ecology_test_relative_cost_fast_run_12/data/detail-458691.spop
ecology_test_relative_cost_fast_run_12,ecology_test_relative_cost_fast,458691,10605,647,1060500,q,sub,15452,0.01457048561999057,/Users/alinaqvi/Desktop/github_projects/avida/work/ecology_test_relative_cost_fast_run_12/data/detail-458691.spop
ecology_test_relative_cost_fast_run_12,ecology_test_relative_cost_fast,458691,10605,647,1060500,r,nand,46486,0.04383404054691183,/Users/alinaqvi/Desktop/github_projects/avida/work/ecology_test_relative_cost_fast_run_12/data/detail-458691.spop
ecology_test_relative_cost_fast_run_12,ecology_test_relative_cost_fast,458691,10605,647,1060500,s,repro,43671,0.04117963224893918,/Users/alinaqvi/Desktop/github_projects/avida/work/ecology_test_relative_cost_fast_run_12/data/detail-458691.spop
ecology_test_relative_cost_fast_run_12,ecology_test_relative_cost_fast,458691,10605,647,1060500,t,repro-semel,19480,0.01836869401225837,/Users/alinaqvi/Desktop/github_projects/avida/work/ecology_test_relative_cost_fast_run_12/data/detail-458691.spop
ecology_test_relative_cost_fast_run_12,ecology_test_relative_cost_fast,458691,10605,647,1060500,u,move,303850,0.28651579443658654,/Users/alinaqvi/Desktop/github_projects/avida/work/ecology_test_relative_cost_fast_run_12/data/detail-458691.spop
ecology_test_relative_cost_fast_run_12,ecology_test_relative_cost_fast,458691,10605,647,1060500,v,rotate-left-one,15813,0.01491089108910891,/Users/alinaqvi/Desktop/github_projects/avida/work/ecology_test_relative_cost_fast_run_12/data/detail-458691.spop
ecology_test_relative_cost_fast_run_12,ecology_test_relative_cost_fast,458691,10605,647,1060500,w,rotate-right-one,9605,0.009057048561999057,/Users/alinaqvi/Desktop/github_projects/avida/work/ecology_test_relative_cost_fast_run_12/data/detail-458691.spop
ecology_test_relative_cost_fast_run_12,ecology_test_relative_cost_fast,458691,10605,647,1060500,x,sense-resource0,38232,0.03605091937765205,/Users/alinaqvi/Desktop/github_projects/avida/work/ecology_test_relative_cost_fast_run_12/data/detail-458691.spop
ecology_test_relative_cost_fast_run_12,ecology_test_relative_cost_fast,458691,10605,647,1060500,y,sense-faced-resource0,7250,0.006836397925506836,/Users/alinaqvi/Desktop/github_projects/avida/work/ecology_test_relative_cost_fast_run_12/data/detail-458691.spop
ecology_test_relative_cost_fast_run_13,ecology_test_relative_cost_fast,401680,13102,751,1310200,a,nop-B,100994,0.0770828881086857,/Users/alinaqvi/Desktop/github_projects/avida/work/ecology_test_relative_cost_fast_run_13/data/detail-401680.spop
ecology_test_relative_cost_fast_run_13,ecology_test_relative_cost_fast,401680,13102,751,1310200,b,nop-C,242625,0.18518165165623568,/Users/alinaqvi/Desktop/github_projects/avida/work/ecology_test_relative_cost_fast_run_13/data/detail-401680.spop
ecology_test_relative_cost_fast_run_13,ecology_test_relative_cost_fast,401680,13102,751,1310200,c,if-n-equ,29103,0.02221263929171119,/Users/alinaqvi/Desktop/github_projects/avida/work/ecology_test_relative_cost_fast_run_13/data/detail-401680.spop
ecology_test_relative_cost_fast_run_13,ecology_test_relative_cost_fast,401680,13102,751,1310200,d,if-less,72432,0.05528316287589681,/Users/alinaqvi/Desktop/github_projects/avida/work/ecology_test_relative_cost_fast_run_13/data/detail-401680.spop
ecology_test_relative_cost_fast_run_13,ecology_test_relative_cost_fast,401680,13102,751,1310200,e,if-not-0,15177,0.011583727675164097,/Users/alinaqvi/Desktop/github_projects/avida/work/ecology_test_relative_cost_fast_run_13/data/detail-401680.spop
ecology_test_relative_cost_fast_run_13,ecology_test_relative_cost_fast,401680,13102,751,1310200,f,if-les-0,46912,0.035805220577011146,/Users/alinaqvi/Desktop/github_projects/avida/work/ecology_test_relative_cost_fast_run_13/data/detail-401680.spop
ecology_test_relative_cost_fast_run_13,ecology_test_relative_cost_fast,401680,13102,751,1310200,g,if-grt-0,4899,0.0037391237978934514,/Users/alinaqvi/Desktop/github_projects/avida/work/ecology_test_relative_cost_fast_run_13/data/detail-401680.spop
ecology_test_relative_cost_fast_run_13,ecology_test_relative_cost_fast,401680,13102,751,1310200,h,if-label,59379,0.045320561746298275,/Users/alinaqvi/Desktop/github_projects/avida/work/ecology_test_relative_cost_fast_run_13/data/detail-401680.spop
ecology_test_relative_cost_fast_run_13,ecology_test_relative_cost_fast,401680,13102,751,1310200,i,zero,64255,0.04904213097237063,/Users/alinaqvi/Desktop/github_projects/avida/work/ecology_test_relative_cost_fast_run_13/data/detail-401680.spop
ecology_test_relative_cost_fast_run_13,ecology_test_relative_cost_fast,401680,13102,751,1310200,j,inc,16585,0.01265837276751641,/Users/alinaqvi/Desktop/github_projects/avida/work/ecology_test_relative_cost_fast_run_13/data/detail-401680.spop
ecology_test_relative_cost_fast_run_13,ecology_test_relative_cost_fast,401680,13102,751,1310200,k,dec,71856,0.05484353533811632,/Users/alinaqvi/Desktop/github_projects/avida/work/ecology_test_relative_cost_fast_run_13/data/detail-401680.spop
ecology_test_relative_cost_fast_run_13,ecology_test_relative_cost_fast,401680,13102,751,1310200,l,push,26176,0.019978629216913447,/Users/alinaqvi/Desktop/github_projects/avida/work/ecology_test_relative_cost_fast_run_13/data/detail-401680.spop
ecology_test_relative_cost_fast_run_13,ecology_test_relative_cost_fast,401680,13102,751,1310200,m,pop,15014,0.011459319187910242,/Users/alinaqvi/Desktop/github_projects/avida/work/ecology_test_relative_cost_fast_run_13/data/detail-401680.spop
ecology_test_relative_cost_fast_run_13,ecology_test_relative_cost_fast,401680,13102,751,1310200,n,swap-stk,22789,0.017393527705693787,/Users/alinaqvi/Desktop/github_projects/avida/work/ecology_test_relative_cost_fast_run_13/data/detail-401680.spop
ecology_test_relative_cost_fast_run_13,ecology_test_relative_cost_fast,401680,13102,751,1310200,o,swap,2322,0.0017722485116776065,/Users/alinaqvi/Desktop/github_projects/avida/work/ecology_test_relative_cost_fast_run_13/data/detail-401680.spop
ecology_test_relative_cost_fast_run_13,ecology_test_relative_cost_fast,401680,13102,751,1310200,p,add,29779,0.022728591054800795,/Users/alinaqvi/Desktop/github_projects/avida/work/ecology_test_relative_cost_fast_run_13/data/detail-401680.spop
ecology_test_relative_cost_fast_run_13,ecology_test_relative_cost_fast,401680,13102,751,1310200,q,sub,4695,0.0035834223782628604,/Users/alinaqvi/Desktop/github_projects/avida/work/ecology_test_relative_cost_fast_run_13/data/detail-401680.spop
ecology_test_relative_cost_fast_run_13,ecology_test_relative_cost_fast,401680,13102,751,1310200,r,nand,1096,0.0008365135093878797,/Users/alinaqvi/Desktop/github_projects/avida/work/ecology_test_relative_cost_fast_run_13/data/detail-401680.spop
ecology_test_relative_cost_fast_run_13,ecology_test_relative_cost_fast,401680,13102,751,1310200,s,repro,56115,0.04282933903220882,/Users/alinaqvi/Desktop/github_projects/avida/work/ecology_test_relative_cost_fast_run_13/data/detail-401680.spop
ecology_test_relative_cost_fast_run_13,ecology_test_relative_cost_fast,401680,13102,751,1310200,t,repro-semel,3736,0.0028514730575484658,/Users/alinaqvi/Desktop/github_projects/avida/work/ecology_test_relative_cost_fast_run_13/data/detail-401680.spop
ecology_test_relative_cost_fast_run_13,ecology_test_relative_cost_fast,401680,13102,751,1310200,u,move,358017,0.27325370172492747,/Users/alinaqvi/Desktop/github_projects/avida/work/ecology_test_relative_cost_fast_run_13/data/detail-401680.spop
ecology_test_relative_cost_fast_run_13,ecology_test_relative_cost_fast,401680,13102,751,1310200,v,rotate-left-one,22273,0.016999694703098762,/Users/alinaqvi/Desktop/github_projects/avida/work/ecology_test_relative_cost_fast_run_13/data/detail-401680.spop
ecology_test_relative_cost_fast_run_13,ecology_test_relative_cost_fast,401680,13102,751,1310200,w,rotate-right-one,6776,0.005171729506945505,/Users/alinaqvi/Desktop/github_projects/avida/work/ecology_test_relative_cost_fast_run_13/data/detail-401680.spop
ecology_test_relative_cost_fast_run_13,ecology_test_relative_cost_fast,401680,13102,751,1310200,x,sense-resource0,13149,0.010035872385895284,/Users/alinaqvi/Desktop/github_projects/avida/work/ecology_test_relative_cost_fast_run_13/data/detail-401680.spop
ecology_test_relative_cost_fast_run_13,ecology_test_relative_cost_fast,401680,13102,751,1310200,y,sense-faced-resource0,24046,0.018352923217829338,/Users/alinaqvi/Desktop/github_projects/avida/work/ecology_test_relative_cost_fast_run_13/data/detail-401680.spop
ecology_test_relative_cost_fast_run_14,ecology_test_relative_cost_fast,0,172,2,17200,a,nop-B,0,0.0,/Users/alinaqvi/Desktop/github_projects/avida/work/ecology_test_relative_cost_fast_run_14/data/detail-0.spop
ecology_test_relative_cost_fast_run_14,ecology_test_relative_cost_fast,0,172,2,17200,b,nop-C,16728,0.9725581395348837,/Users/alinaqvi/Desktop/github_projects/avida/work/ecology_test_relative_cost_fast_run_14/data/detail-0.spop
ecology_test_relative_cost_fast_run_14,ecology_test_relative_cost_fast,0,172,2,17200,c,if-n-equ,0,0.0,/Users/alinaqvi/Desktop/github_projects/avida/work/ecology_test_relative_cost_fast_run_14/data/detail-0.spop
ecology_test_relative_cost_fast_run_14,ecology_test_relative_cost_fast,0,172,2,17200,d,if-less,0,0.0,/Users/alinaqvi/Desktop/github_projects/avida/work/ecology_test_relative_cost_fast_run_14/data/detail-0.spop
ecology_test_relative_cost_fast_run_14,ecology_test_relative_cost_fast,0,172,2,17200,e,if-not-0,0,0.0,/Users/alinaqvi/Desktop/github_projects/avida/work/ecology_test_relative_cost_fast_run_14/data/detail-0.spop
ecology_test_relative_cost_fast_run_14,ecology_test_relative_cost_fast,0,172,2,17200,f,if-les-0,0,0.0,/Users/alinaqvi/Desktop/github_projects/avida/work/ecology_test_relative_cost_fast_run_14/data/detail-0.spop
ecology_test_relative_cost_fast_run_14,ecology_test_relative_cost_fast,0,172,2,17200,g,if-grt-0,0,0.0,/Users/alinaqvi/Desktop/github_projects/avida/work/ecology_test_relative_cost_fast_run_14/data/detail-0.spop
ecology_test_relative_cost_fast_run_14,ecology_test_relative_cost_fast,0,172,2,17200,h,if-label,0,0.0,/Users/alinaqvi/Desktop/github_projects/avida/work/ecology_test_relative_cost_fast_run_14/data/detail-0.spop
ecology_test_relative_cost_fast_run_14,ecology_test_relative_cost_fast,0,172,2,17200,i,zero,0,0.0,/Users/alinaqvi/Desktop/github_projects/avida/work/ecology_test_relative_cost_fast_run_14/data/detail-0.spop
ecology_test_relative_cost_fast_run_14,ecology_test_relative_cost_fast,0,172,2,17200,j,inc,0,0.0,/Users/alinaqvi/Desktop/github_projects/avida/work/ecology_test_relative_cost_fast_run_14/data/detail-0.spop
ecology_test_relative_cost_fast_run_14,ecology_test_relative_cost_fast,0,172,2,17200,k,dec,0,0.0,/Users/alinaqvi/Desktop/github_projects/avida/work/ecology_test_relative_cost_fast_run_14/data/detail-0.spop
ecology_test_relative_cost_fast_run_14,ecology_test_relative_cost_fast,0,172,2,17200,l,push,0,0.0,/Users/alinaqvi/Desktop/github_projects/avida/work/ecology_test_relative_cost_fast_run_14/data/detail-0.spop
ecology_test_relative_cost_fast_run_14,ecology_test_relative_cost_fast,0,172,2,17200,m,pop,0,0.0,/Users/alinaqvi/Desktop/github_projects/avida/work/ecology_test_relative_cost_fast_run_14/data/detail-0.spop
ecology_test_relative_cost_fast_run_14,ecology_test_relative_cost_fast,0,172,2,17200,n,swap-stk,0,0.0,/Users/alinaqvi/Desktop/github_projects/avida/work/ecology_test_relative_cost_fast_run_14/data/detail-0.spop
ecology_test_relative_cost_fast_run_14,ecology_test_relative_cost_fast,0,172,2,17200,o,swap,0,0.0,/Users/alinaqvi/Desktop/github_projects/avida/work/ecology_test_relative_cost_fast_run_14/data/detail-0.spop
ecology_test_relative_cost_fast_run_14,ecology_test_relative_cost_fast,0,172,2,17200,p,add,0,0.0,/Users/alinaqvi/Desktop/github_projects/avida/work/ecology_test_relative_cost_fast_run_14/data/detail-0.spop
ecology_test_relative_cost_fast_run_14,ecology_test_relative_cost_fast,0,172,2,17200,q,sub,0,0.0,/Users/alinaqvi/Desktop/github_projects/avida/work/ecology_test_relative_cost_fast_run_14/data/detail-0.spop
ecology_test_relative_cost_fast_run_14,ecology_test_relative_cost_fast,0,172,2,17200,r,nand,0,0.0,/Users/alinaqvi/Desktop/github_projects/avida/work/ecology_test_relative_cost_fast_run_14/data/detail-0.spop
ecology_test_relative_cost_fast_run_14,ecology_test_relative_cost_fast,0,172,2,17200,s,repro,400,0.023255813953488372,/Users/alinaqvi/Desktop/github_projects/avida/work/ecology_test_relative_cost_fast_run_14/data/detail-0.spop
ecology_test_relative_cost_fast_run_14,ecology_test_relative_cost_fast,0,172,2,17200,t,repro-semel,72,0.004186046511627907,/Users/alinaqvi/Desktop/github_projects/avida/work/ecology_test_relative_cost_fast_run_14/data/detail-0.spop
ecology_test_relative_cost_fast_run_14,ecology_test_relative_cost_fast,0,172,2,17200,u,move,0,0.0,/Users/alinaqvi/Desktop/github_projects/avida/work/ecology_test_relative_cost_fast_run_14/data/detail-0.spop
ecology_test_relative_cost_fast_run_14,ecology_test_relative_cost_fast,0,172,2,17200,v,rotate-left-one,0,0.0,/Users/alinaqvi/Desktop/github_projects/avida/work/ecology_test_relative_cost_fast_run_14/data/detail-0.spop
ecology_test_relative_cost_fast_run_14,ecology_test_relative_cost_fast,0,172,2,17200,w,rotate-right-one,0,0.0,/Users/alinaqvi/Desktop/github_projects/avida/work/ecology_test_relative_cost_fast_run_14/data/detail-0.spop
ecology_test_relative_cost_fast_run_14,ecology_test_relative_cost_fast,0,172,2,17200,x,sense-resource0,0,0.0,/Users/alinaqvi/Desktop/github_projects/avida/work/ecology_test_relative_cost_fast_run_14/data/detail-0.spop
ecology_test_relative_cost_fast_run_14,ecology_test_relative_cost_fast,0,172,2,17200,y,sense-faced-resource0,0,0.0,/Users/alinaqvi/Desktop/github_projects/avida/work/ecology_test_relative_cost_fast_run_14/data/detail-0.spop
ecology_test_relative_cost_fast_run_15,ecology_test_relative_cost_fast,0,178,2,17800,a,nop-B,0,0.0,/Users/alinaqvi/Desktop/github_projects/avida/work/ecology_test_relative_cost_fast_run_15/data/detail-0.spop
ecology_test_relative_cost_fast_run_15,ecology_test_relative_cost_fast,0,178,2,17800,b,nop-C,17322,0.9731460674157303,/Users/alinaqvi/Desktop/github_projects/avida/work/ecology_test_relative_cost_fast_run_15/data/detail-0.spop
ecology_test_relative_cost_fast_run_15,ecology_test_relative_cost_fast,0,178,2,17800,c,if-n-equ,0,0.0,/Users/alinaqvi/Desktop/github_projects/avida/work/ecology_test_relative_cost_fast_run_15/data/detail-0.spop
ecology_test_relative_cost_fast_run_15,ecology_test_relative_cost_fast,0,178,2,17800,d,if-less,0,0.0,/Users/alinaqvi/Desktop/github_projects/avida/work/ecology_test_relative_cost_fast_run_15/data/detail-0.spop
ecology_test_relative_cost_fast_run_15,ecology_test_relative_cost_fast,0,178,2,17800,e,if-not-0,0,0.0,/Users/alinaqvi/Desktop/github_projects/avida/work/ecology_test_relative_cost_fast_run_15/data/detail-0.spop
ecology_test_relative_cost_fast_run_15,ecology_test_relative_cost_fast,0,178,2,17800,f,if-les-0,0,0.0,/Users/alinaqvi/Desktop/github_projects/avida/work/ecology_test_relative_cost_fast_run_15/data/detail-0.spop
ecology_test_relative_cost_fast_run_15,ecology_test_relative_cost_fast,0,178,2,17800,g,if-grt-0,0,0.0,/Users/alinaqvi/Desktop/github_projects/avida/work/ecology_test_relative_cost_fast_run_15/data/detail-0.spop
ecology_test_relative_cost_fast_run_15,ecology_test_relative_cost_fast,0,178,2,17800,h,if-label,0,0.0,/Users/alinaqvi/Desktop/github_projects/avida/work/ecology_test_relative_cost_fast_run_15/data/detail-0.spop
ecology_test_relative_cost_fast_run_15,ecology_test_relative_cost_fast,0,178,2,17800,i,zero,0,0.0,/Users/alinaqvi/Desktop/github_projects/avida/work/ecology_test_relative_cost_fast_run_15/data/detail-0.spop
ecology_test_relative_cost_fast_run_15,ecology_test_relative_cost_fast,0,178,2,17800,j,inc,0,0.0,/Users/alinaqvi/Desktop/github_projects/avida/work/ecology_test_relative_cost_fast_run_15/data/detail-0.spop
ecology_test_relative_cost_fast_run_15,ecology_test_relative_cost_fast,0,178,2,17800,k,dec,0,0.0,/Users/alinaqvi/Desktop/github_projects/avida/work/ecology_test_relative_cost_fast_run_15/data/detail-0.spop
ecology_test_relative_cost_fast_run_15,ecology_test_relative_cost_fast,0,178,2,17800,l,push,0,0.0,/Users/alinaqvi/Desktop/github_projects/avida/work/ecology_test_relative_cost_fast_run_15/data/detail-0.spop
ecology_test_relative_cost_fast_run_15,ecology_test_relative_cost_fast,0,178,2,17800,m,pop,0,0.0,/Users/alinaqvi/Desktop/github_projects/avida/work/ecology_test_relative_cost_fast_run_15/data/detail-0.spop
ecology_test_relative_cost_fast_run_15,ecology_test_relative_cost_fast,0,178,2,17800,n,swap-stk,0,0.0,/Users/alinaqvi/Desktop/github_projects/avida/work/ecology_test_relative_cost_fast_run_15/data/detail-0.spop
ecology_test_relative_cost_fast_run_15,ecology_test_relative_cost_fast,0,178,2,17800,o,swap,0,0.0,/Users/alinaqvi/Desktop/github_projects/avida/work/ecology_test_relative_cost_fast_run_15/data/detail-0.spop
ecology_test_relative_cost_fast_run_15,ecology_test_relative_cost_fast,0,178,2,17800,p,add,0,0.0,/Users/alinaqvi/Desktop/github_projects/avida/work/ecology_test_relative_cost_fast_run_15/data/detail-0.spop
ecology_test_relative_cost_fast_run_15,ecology_test_relative_cost_fast,0,178,2,17800,q,sub,0,0.0,/Users/alinaqvi/Desktop/github_projects/avida/work/ecology_test_relative_cost_fast_run_15/data/detail-0.spop
ecology_test_relative_cost_fast_run_15,ecology_test_relative_cost_fast,0,178,2,17800,r,nand,0,0.0,/Users/alinaqvi/Desktop/github_projects/avida/work/ecology_test_relative_cost_fast_run_15/data/detail-0.spop
ecology_test_relative_cost_fast_run_15,ecology_test_relative_cost_fast,0,178,2,17800,s,repro,400,0.02247191011235955,/Users/alinaqvi/Desktop/github_projects/avida/work/ecology_test_relative_cost_fast_run_15/data/detail-0.spop
ecology_test_relative_cost_fast_run_15,ecology_test_relative_cost_fast,0,178,2,17800,t,repro-semel,78,0.004382022471910113,/Users/alinaqvi/Desktop/github_projects/avida/work/ecology_test_relative_cost_fast_run_15/data/detail-0.spop
ecology_test_relative_cost_fast_run_15,ecology_test_relative_cost_fast,0,178,2,17800,u,move,0,0.0,/Users/alinaqvi/Desktop/github_projects/avida/work/ecology_test_relative_cost_fast_run_15/data/detail-0.spop
ecology_test_relative_cost_fast_run_15,ecology_test_relative_cost_fast,0,178,2,17800,v,rotate-left-one,0,0.0,/Users/alinaqvi/Desktop/github_projects/avida/work/ecology_test_relative_cost_fast_run_15/data/detail-0.spop
ecology_test_relative_cost_fast_run_15,ecology_test_relative_cost_fast,0,178,2,17800,w,rotate-right-one,0,0.0,/Users/alinaqvi/Desktop/github_projects/avida/work/ecology_test_relative_cost_fast_run_15/data/detail-0.spop
ecology_test_relative_cost_fast_run_15,ecology_test_relative_cost_fast,0,178,2,17800,x,sense-resource0,0,0.0,/Users/alinaqvi/Desktop/github_projects/avida/work/ecology_test_relative_cost_fast_run_15/data/detail-0.spop
ecology_test_relative_cost_fast_run_15,ecology_test_relative_cost_fast,0,178,2,17800,y,sense-faced-resource0,0,0.0,/Users/alinaqvi/Desktop/github_projects/avida/work/ecology_test_relative_cost_fast_run_15/data/detail-0.spop
ecology_test_relative_cost_fast_run_16,ecology_test_relative_cost_fast,30385,1905,173,190500,a,nop-B,2179,0.011438320209973754,/Users/alinaqvi/Desktop/github_projects/avida/work/ecology_test_relative_cost_fast_run_16/data/detail-30385.spop
ecology_test_relative_cost_fast_run_16,ecology_test_relative_cost_fast,30385,1905,173,190500,b,nop-C,139244,0.7309396325459318,/Users/alinaqvi/Desktop/github_projects/avida/work/ecology_test_relative_cost_fast_run_16/data/detail-30385.spop
ecology_test_relative_cost_fast_run_16,ecology_test_relative_cost_fast,30385,1905,173,190500,c,if-n-equ,12,6.299212598425197e-05,/Users/alinaqvi/Desktop/github_projects/avida/work/ecology_test_relative_cost_fast_run_16/data/detail-30385.spop
ecology_test_relative_cost_fast_run_16,ecology_test_relative_cost_fast,30385,1905,173,190500,d,if-less,1956,0.01026771653543307,/Users/alinaqvi/Desktop/github_projects/avida/work/ecology_test_relative_cost_fast_run_16/data/detail-30385.spop
ecology_test_relative_cost_fast_run_16,ecology_test_relative_cost_fast,30385,1905,173,190500,e,if-not-0,3676,0.019296587926509186,/Users/alinaqvi/Desktop/github_projects/avida/work/ecology_test_relative_cost_fast_run_16/data/detail-30385.spop
ecology_test_relative_cost_fast_run_16,ecology_test_relative_cost_fast,30385,1905,173,190500,f,if-les-0,4032,0.021165354330708663,/Users/alinaqvi/Desktop/github_projects/avida/work/ecology_test_relative_cost_fast_run_16/data/detail-30385.spop
ecology_test_relative_cost_fast_run_16,ecology_test_relative_cost_fast,30385,1905,173,190500,g,if-grt-0,2138,0.011223097112860892,/Users/alinaqvi/Desktop/github_projects/avida/work/ecology_test_relative_cost_fast_run_16/data/detail-30385.spop
ecology_test_relative_cost_fast_run_16,ecology_test_relative_cost_fast,30385,1905,173,190500,h,if-label,2196,0.01152755905511811,/Users/alinaqvi/Desktop/github_projects/avida/work/ecology_test_relative_cost_fast_run_16/data/detail-30385.spop
ecology_test_relative_cost_fast_run_16,ecology_test_relative_cost_fast,30385,1905,173,190500,i,zero,1619,0.008498687664041995,/Users/alinaqvi/Desktop/github_projects/avida/work/ecology_test_relative_cost_fast_run_16/data/detail-30385.spop
ecology_test_relative_cost_fast_run_16,ecology_test_relative_cost_fast,30385,1905,173,190500,j,inc,4035,0.021181102362204725,/Users/alinaqvi/Desktop/github_projects/avida/work/ecology_test_relative_cost_fast_run_16/data/detail-30385.spop
ecology_test_relative_cost_fast_run_16,ecology_test_relative_cost_fast,30385,1905,173,190500,k,dec,162,0.0008503937007874016,/Users/alinaqvi/Desktop/github_projects/avida/work/ecology_test_relative_cost_fast_run_16/data/detail-30385.spop
ecology_test_relative_cost_fast_run_16,ecology_test_relative_cost_fast,30385,1905,173,190500,l,push,444,0.0023307086614173227,/Users/alinaqvi/Desktop/github_projects/avida/work/ecology_test_relative_cost_fast_run_16/data/detail-30385.spop
ecology_test_relative_cost_fast_run_16,ecology_test_relative_cost_fast,30385,1905,173,190500,m,pop,522,0.0027401574803149606,/Users/alinaqvi/Desktop/github_projects/avida/work/ecology_test_relative_cost_fast_run_16/data/detail-30385.spop
ecology_test_relative_cost_fast_run_16,ecology_test_relative_cost_fast,30385,1905,173,190500,n,swap-stk,18,9.448818897637796e-05,/Users/alinaqvi/Desktop/github_projects/avida/work/ecology_test_relative_cost_fast_run_16/data/detail-30385.spop
ecology_test_relative_cost_fast_run_16,ecology_test_relative_cost_fast,30385,1905,173,190500,o,swap,1915,0.01005249343832021,/Users/alinaqvi/Desktop/github_projects/avida/work/ecology_test_relative_cost_fast_run_16/data/detail-30385.spop
ecology_test_relative_cost_fast_run_16,ecology_test_relative_cost_fast,30385,1905,173,190500,p,add,691,0.003627296587926509,/Users/alinaqvi/Desktop/github_projects/avida/work/ecology_test_relative_cost_fast_run_16/data/detail-30385.spop
ecology_test_relative_cost_fast_run_16,ecology_test_relative_cost_fast,30385,1905,173,190500,q,sub,2060,0.010813648293963255,/Users/alinaqvi/Desktop/github_projects/avida/work/ecology_test_relative_cost_fast_run_16/data/detail-30385.spop
ecology_test_relative_cost_fast_run_16,ecology_test_relative_cost_fast,30385,1905,173,190500,r,nand,3597,0.018881889763779528,/Users/alinaqvi/Desktop/github_projects/avida/work/ecology_test_relative_cost_fast_run_16/data/detail-30385.spop
ecology_test_relative_cost_fast_run_16,ecology_test_relative_cost_fast,30385,1905,173,190500,s,repro,7903,0.041485564304461944,/Users/alinaqvi/Desktop/github_projects/avida/work/ecology_test_relative_cost_fast_run_16/data/detail-30385.spop
ecology_test_relative_cost_fast_run_16,ecology_test_relative_cost_fast,30385,1905,173,190500,t,repro-semel,1861,0.009769028871391076,/Users/alinaqvi/Desktop/github_projects/avida/work/ecology_test_relative_cost_fast_run_16/data/detail-30385.spop
ecology_test_relative_cost_fast_run_16,ecology_test_relative_cost_fast,30385,1905,173,190500,u,move,6377,0.0334750656167979,/Users/alinaqvi/Desktop/github_projects/avida/work/ecology_test_relative_cost_fast_run_16/data/detail-30385.spop
ecology_test_relative_cost_fast_run_16,ecology_test_relative_cost_fast,30385,1905,173,190500,v,rotate-left-one,2016,0.010582677165354331,/Users/alinaqvi/Desktop/github_projects/avida/work/ecology_test_relative_cost_fast_run_16/data/detail-30385.spop
ecology_test_relative_cost_fast_run_16,ecology_test_relative_cost_fast,30385,1905,173,190500,w,rotate-right-one,99,0.0005196850393700788,/Users/alinaqvi/Desktop/github_projects/avida/work/ecology_test_relative_cost_fast_run_16/data/detail-30385.spop
ecology_test_relative_cost_fast_run_16,ecology_test_relative_cost_fast,30385,1905,173,190500,x,sense-resource0,17,8.923884514435695e-05,/Users/alinaqvi/Desktop/github_projects/avida/work/ecology_test_relative_cost_fast_run_16/data/detail-30385.spop
ecology_test_relative_cost_fast_run_16,ecology_test_relative_cost_fast,30385,1905,173,190500,y,sense-faced-resource0,1731,0.009086614173228346,/Users/alinaqvi/Desktop/github_projects/avida/work/ecology_test_relative_cost_fast_run_16/data/detail-30385.spop
ecology_test_relative_cost_fast_run_17,ecology_test_relative_cost_fast,542966,10206,1379,1020600,a,nop-B,15819,0.015499706055261612,/Users/alinaqvi/Desktop/github_projects/avida/work/ecology_test_relative_cost_fast_run_17/data/detail-542966.spop
ecology_test_relative_cost_fast_run_17,ecology_test_relative_cost_fast,542966,10206,1379,1020600,b,nop-C,322407,0.3158994708994709,/Users/alinaqvi/Desktop/github_projects/avida/work/ecology_test_relative_cost_fast_run_17/data/detail-542966.spop
ecology_test_relative_cost_fast_run_17,ecology_test_relative_cost_fast,542966,10206,1379,1020600,c,if-n-equ,10793,0.010575151871448168,/Users/alinaqvi/Desktop/github_projects/avida/work/ecology_test_relative_cost_fast_run_17/data/detail-542966.spop
ecology_test_relative_cost_fast_run_17,ecology_test_relative_cost_fast,542966,10206,1379,1020600,d,if-less,47146,0.04619439545365471,/Users/alinaqvi/Desktop/github_projects/avida/work/ecology_test_relative_cost_fast_run_17/data/detail-542966.spop
ecology_test_relative_cost_fast_run_17,ecology_test_relative_cost_fast,542966,10206,1379,1020600,e,if-not-0,17733,0.017375073486184597,/Users/alinaqvi/Desktop/github_projects/avida/work/ecology_test_relative_cost_fast_run_17/data/detail-542966.spop
ecology_test_relative_cost_fast_run_17,ecology_test_relative_cost_fast,542966,10206,1379,1020600,f,if-les-0,20704,0.020286106212032137,/Users/alinaqvi/Desktop/github_projects/avida/work/ecology_test_relative_cost_fast_run_17/data/detail-542966.spop
ecology_test_relative_cost_fast_run_17,ecology_test_relative_cost_fast,542966,10206,1379,1020600,g,if-grt-0,21899,0.021456986086615715,/Users/alinaqvi/Desktop/github_projects/avida/work/ecology_test_relative_cost_fast_run_17/data/detail-542966.spop
ecology_test_relative_cost_fast_run_17,ecology_test_relative_cost_fast,542966,10206,1379,1020600,h,if-label,61273,0.06003625318440133,/Users/alinaqvi/Desktop/github_projects/avida/work/ecology_test_relative_cost_fast_run_17/data/detail-542966.spop
ecology_test_relative_cost_fast_run_17,ecology_test_relative_cost_fast,542966,10206,1379,1020600,i,zero,37821,0.03705761316872428,/Users/alinaqvi/Desktop/github_projects/avida/work/ecology_test_relative_cost_fast_run_17/data/detail-542966.spop
ecology_test_relative_cost_fast_run_17,ecology_test_relative_cost_fast,542966,10206,1379,1020600,j,inc,3133,0.0030697628845776995,/Users/alinaqvi/Desktop/github_projects/avida/work/ecology_test_relative_cost_fast_run_17/data/detail-542966.spop
ecology_test_relative_cost_fast_run_17,ecology_test_relative_cost_fast,542966,10206,1379,1020600,k,dec,4324,0.004236723495982755,/Users/alinaqvi/Desktop/github_projects/avida/work/ecology_test_relative_cost_fast_run_17/data/detail-542966.spop
ecology_test_relative_cost_fast_run_17,ecology_test_relative_cost_fast,542966,10206,1379,1020600,l,push,23425,0.022952184989222028,/Users/alinaqvi/Desktop/github_projects/avida/work/ecology_test_relative_cost_fast_run_17/data/detail-542966.spop
ecology_test_relative_cost_fast_run_17,ecology_test_relative_cost_fast,542966,10206,1379,1020600,m,pop,45663,0.04474132863021752,/Users/alinaqvi/Desktop/github_projects/avida/work/ecology_test_relative_cost_fast_run_17/data/detail-542966.spop
ecology_test_relative_cost_fast_run_17,ecology_test_relative_cost_fast,542966,10206,1379,1020600,n,swap-stk,2699,0.002644522829708015,/Users/alinaqvi/Desktop/github_projects/avida/work/ecology_test_relative_cost_fast_run_17/data/detail-542966.spop
ecology_test_relative_cost_fast_run_17,ecology_test_relative_cost_fast,542966,10206,1379,1020600,o,swap,30436,0.029821673525377228,/Users/alinaqvi/Desktop/github_projects/avida/work/ecology_test_relative_cost_fast_run_17/data/detail-542966.spop
ecology_test_relative_cost_fast_run_17,ecology_test_relative_cost_fast,542966,10206,1379,1020600,p,add,24518,0.024023123652753282,/Users/alinaqvi/Desktop/github_projects/avida/work/ecology_test_relative_cost_fast_run_17/data/detail-542966.spop
ecology_test_relative_cost_fast_run_17,ecology_test_relative_cost_fast,542966,10206,1379,1020600,q,sub,7006,0.00686458945718205,/Users/alinaqvi/Desktop/github_projects/avida/work/ecology_test_relative_cost_fast_run_17/data/detail-542966.spop
ecology_test_relative_cost_fast_run_17,ecology_test_relative_cost_fast,542966,10206,1379,1020600,r,nand,12603,0.01234861845972957,/Users/alinaqvi/Desktop/github_projects/avida/work/ecology_test_relative_cost_fast_run_17/data/detail-542966.spop
ecology_test_relative_cost_fast_run_17,ecology_test_relative_cost_fast,542966,10206,1379,1020600,s,repro,20438,0.020025475210660396,/Users/alinaqvi/Desktop/github_projects/avida/work/ecology_test_relative_cost_fast_run_17/data/detail-542966.spop
ecology_test_relative_cost_fast_run_17,ecology_test_relative_cost_fast,542966,10206,1379,1020600,t,repro-semel,11221,0.010994513031550069,/Users/alinaqvi/Desktop/github_projects/avida/work/ecology_test_relative_cost_fast_run_17/data/detail-542966.spop
ecology_test_relative_cost_fast_run_17,ecology_test_relative_cost_fast,542966,10206,1379,1020600,u,move,190023,0.1861875367430923,/Users/alinaqvi/Desktop/github_projects/avida/work/ecology_test_relative_cost_fast_run_17/data/detail-542966.spop
ecology_test_relative_cost_fast_run_17,ecology_test_relative_cost_fast,542966,10206,1379,1020600,v,rotate-left-one,20418,0.020005878894767782,/Users/alinaqvi/Desktop/github_projects/avida/work/ecology_test_relative_cost_fast_run_17/data/detail-542966.spop
ecology_test_relative_cost_fast_run_17,ecology_test_relative_cost_fast,542966,10206,1379,1020600,w,rotate-right-one,18689,0.01831177738585146,/Users/alinaqvi/Desktop/github_projects/avida/work/ecology_test_relative_cost_fast_run_17/data/detail-542966.spop
ecology_test_relative_cost_fast_run_17,ecology_test_relative_cost_fast,542966,10206,1379,1020600,x,sense-resource0,31281,0.030649617871840094,/Users/alinaqvi/Desktop/github_projects/avida/work/ecology_test_relative_cost_fast_run_17/data/detail-542966.spop
ecology_test_relative_cost_fast_run_17,ecology_test_relative_cost_fast,542966,10206,1379,1020600,y,sense-faced-resource0,19128,0.0187419165196943,/Users/alinaqvi/Desktop/github_projects/avida/work/ecology_test_relative_cost_fast_run_17/data/detail-542966.spop
ecology_test_relative_cost_fast_run_18,ecology_test_relative_cost_fast,520320,12242,716,1224200,a,nop-B,122510,0.1000735173991178,/Users/alinaqvi/Desktop/github_projects/avida/work/ecology_test_relative_cost_fast_run_18/data/detail-520320.spop
ecology_test_relative_cost_fast_run_18,ecology_test_relative_cost_fast,520320,12242,716,1224200,b,nop-C,186664,0.15247835321025976,/Users/alinaqvi/Desktop/github_projects/avida/work/ecology_test_relative_cost_fast_run_18/data/detail-520320.spop
ecology_test_relative_cost_fast_run_18,ecology_test_relative_cost_fast,520320,12242,716,1224200,c,if-n-equ,14623,0.011944943636660677,/Users/alinaqvi/Desktop/github_projects/avida/work/ecology_test_relative_cost_fast_run_18/data/detail-520320.spop
ecology_test_relative_cost_fast_run_18,ecology_test_relative_cost_fast,520320,12242,716,1224200,d,if-less,38072,0.03109949354680608,/Users/alinaqvi/Desktop/github_projects/avida/work/ecology_test_relative_cost_fast_run_18/data/detail-520320.spop
ecology_test_relative_cost_fast_run_18,ecology_test_relative_cost_fast,520320,12242,716,1224200,e,if-not-0,50790,0.04148831890214017,/Users/alinaqvi/Desktop/github_projects/avida/work/ecology_test_relative_cost_fast_run_18/data/detail-520320.spop
ecology_test_relative_cost_fast_run_18,ecology_test_relative_cost_fast,520320,12242,716,1224200,f,if-les-0,32521,0.026565103741218756,/Users/alinaqvi/Desktop/github_projects/avida/work/ecology_test_relative_cost_fast_run_18/data/detail-520320.spop
ecology_test_relative_cost_fast_run_18,ecology_test_relative_cost_fast,520320,12242,716,1224200,g,if-grt-0,20482,0.016730926319228883,/Users/alinaqvi/Desktop/github_projects/avida/work/ecology_test_relative_cost_fast_run_18/data/detail-520320.spop
ecology_test_relative_cost_fast_run_18,ecology_test_relative_cost_fast,520320,12242,716,1224200,h,if-label,82707,0.06756003920927953,/Users/alinaqvi/Desktop/github_projects/avida/work/ecology_test_relative_cost_fast_run_18/data/detail-520320.spop
ecology_test_relative_cost_fast_run_18,ecology_test_relative_cost_fast,520320,12242,716,1224200,i,zero,19036,0.01554974677340304,/Users/alinaqvi/Desktop/github_projects/avida/work/ecology_test_relative_cost_fast_run_18/data/detail-520320.spop
ecology_test_relative_cost_fast_run_18,ecology_test_relative_cost_fast,520320,12242,716,1224200,j,inc,3054,0.002494690410063715,/Users/alinaqvi/Desktop/github_projects/avida/work/ecology_test_relative_cost_fast_run_18/data/detail-520320.spop
ecology_test_relative_cost_fast_run_18,ecology_test_relative_cost_fast,520320,12242,716,1224200,k,dec,20869,0.017047051135435386,/Users/alinaqvi/Desktop/github_projects/avida/work/ecology_test_relative_cost_fast_run_18/data/detail-520320.spop
ecology_test_relative_cost_fast_run_18,ecology_test_relative_cost_fast,520320,12242,716,1224200,l,push,69165,0.056498121222022545,/Users/alinaqvi/Desktop/github_projects/avida/work/ecology_test_relative_cost_fast_run_18/data/detail-520320.spop
ecology_test_relative_cost_fast_run_18,ecology_test_relative_cost_fast,520320,12242,716,1224200,m,pop,49169,0.040164188858029734,/Users/alinaqvi/Desktop/github_projects/avida/work/ecology_test_relative_cost_fast_run_18/data/detail-520320.spop
ecology_test_relative_cost_fast_run_18,ecology_test_relative_cost_fast,520320,12242,716,1224200,n,swap-stk,2227,0.0018191471981702336,/Users/alinaqvi/Desktop/github_projects/avida/work/ecology_test_relative_cost_fast_run_18/data/detail-520320.spop
ecology_test_relative_cost_fast_run_18,ecology_test_relative_cost_fast,520320,12242,716,1224200,o,swap,6901,0.0056371507923541906,/Users/alinaqvi/Desktop/github_projects/avida/work/ecology_test_relative_cost_fast_run_18/data/detail-520320.spop
ecology_test_relative_cost_fast_run_18,ecology_test_relative_cost_fast,520320,12242,716,1224200,p,add,19438,0.015878124489462506,/Users/alinaqvi/Desktop/github_projects/avida/work/ecology_test_relative_cost_fast_run_18/data/detail-520320.spop
ecology_test_relative_cost_fast_run_18,ecology_test_relative_cost_fast,520320,12242,716,1224200,q,sub,10965,0.008956869792517563,/Users/alinaqvi/Desktop/github_projects/avida/work/ecology_test_relative_cost_fast_run_18/data/detail-520320.spop
ecology_test_relative_cost_fast_run_18,ecology_test_relative_cost_fast,520320,12242,716,1224200,r,nand,13937,0.011384577683385067,/Users/alinaqvi/Desktop/github_projects/avida/work/ecology_test_relative_cost_fast_run_18/data/detail-520320.spop
ecology_test_relative_cost_fast_run_18,ecology_test_relative_cost_fast,520320,12242,716,1224200,s,repro,48871,0.03992076458095083,/Users/alinaqvi/Desktop/github_projects/avida/work/ecology_test_relative_cost_fast_run_18/data/detail-520320.spop
ecology_test_relative_cost_fast_run_18,ecology_test_relative_cost_fast,520320,12242,716,1224200,t,repro-semel,6577,0.0053724881555301425,/Users/alinaqvi/Desktop/github_projects/avida/work/ecology_test_relative_cost_fast_run_18/data/detail-520320.spop
ecology_test_relative_cost_fast_run_18,ecology_test_relative_cost_fast,520320,12242,716,1224200,u,move,339780,0.27755268746936773,/Users/alinaqvi/Desktop/github_projects/avida/work/ecology_test_relative_cost_fast_run_18/data/detail-520320.spop
ecology_test_relative_cost_fast_run_18,ecology_test_relative_cost_fast,520320,12242,716,1224200,v,rotate-left-one,20121,0.01643603986276752,/Users/alinaqvi/Desktop/github_projects/avida/work/ecology_test_relative_cost_fast_run_18/data/detail-520320.spop
ecology_test_relative_cost_fast_run_18,ecology_test_relative_cost_fast,520320,12242,716,1224200,w,rotate-right-one,24646,0.020132331318412026,/Users/alinaqvi/Desktop/github_projects/avida/work/ecology_test_relative_cost_fast_run_18/data/detail-520320.spop
ecology_test_relative_cost_fast_run_18,ecology_test_relative_cost_fast,520320,12242,716,1224200,x,sense-resource0,9513,0.0077707890867505305,/Users/alinaqvi/Desktop/github_projects/avida/work/ecology_test_relative_cost_fast_run_18/data/detail-520320.spop
ecology_test_relative_cost_fast_run_18,ecology_test_relative_cost_fast,520320,12242,716,1224200,y,sense-faced-resource0,11562,0.009444535206665577,/Users/alinaqvi/Desktop/github_projects/avida/work/ecology_test_relative_cost_fast_run_18/data/detail-520320.spop
ecology_test_relative_cost_fast_run_19,ecology_test_relative_cost_fast,545155,12360,1314,1236000,a,nop-B,63905,0.05170307443365696,/Users/alinaqvi/Desktop/github_projects/avida/work/ecology_test_relative_cost_fast_run_19/data/detail-545155.spop
ecology_test_relative_cost_fast_run_19,ecology_test_relative_cost_fast,545155,12360,1314,1236000,b,nop-C,357246,0.2890339805825243,/Users/alinaqvi/Desktop/github_projects/avida/work/ecology_test_relative_cost_fast_run_19/data/detail-545155.spop
ecology_test_relative_cost_fast_run_19,ecology_test_relative_cost_fast,545155,12360,1314,1236000,c,if-n-equ,23546,0.019050161812297736,/Users/alinaqvi/Desktop/github_projects/avida/work/ecology_test_relative_cost_fast_run_19/data/detail-545155.spop
ecology_test_relative_cost_fast_run_19,ecology_test_relative_cost_fast,545155,12360,1314,1236000,d,if-less,56567,0.04576618122977346,/Users/alinaqvi/Desktop/github_projects/avida/work/ecology_test_relative_cost_fast_run_19/data/detail-545155.spop
ecology_test_relative_cost_fast_run_19,ecology_test_relative_cost_fast,545155,12360,1314,1236000,e,if-not-0,45391,0.03672411003236246,/Users/alinaqvi/Desktop/github_projects/avida/work/ecology_test_relative_cost_fast_run_19/data/detail-545155.spop
ecology_test_relative_cost_fast_run_19,ecology_test_relative_cost_fast,545155,12360,1314,1236000,f,if-les-0,39093,0.03162864077669903,/Users/alinaqvi/Desktop/github_projects/avida/work/ecology_test_relative_cost_fast_run_19/data/detail-545155.spop
ecology_test_relative_cost_fast_run_19,ecology_test_relative_cost_fast,545155,12360,1314,1236000,g,if-grt-0,49694,0.040205501618122974,/Users/alinaqvi/Desktop/github_projects/avida/work/ecology_test_relative_cost_fast_run_19/data/detail-545155.spop
ecology_test_relative_cost_fast_run_19,ecology_test_relative_cost_fast,545155,12360,1314,1236000,h,if-label,63813,0.05162864077669903,/Users/alinaqvi/Desktop/github_projects/avida/work/ecology_test_relative_cost_fast_run_19/data/detail-545155.spop
ecology_test_relative_cost_fast_run_19,ecology_test_relative_cost_fast,545155,12360,1314,1236000,i,zero,14669,0.011868122977346279,/Users/alinaqvi/Desktop/github_projects/avida/work/ecology_test_relative_cost_fast_run_19/data/detail-545155.spop
ecology_test_relative_cost_fast_run_19,ecology_test_relative_cost_fast,545155,12360,1314,1236000,j,inc,18057,0.014609223300970874,/Users/alinaqvi/Desktop/github_projects/avida/work/ecology_test_relative_cost_fast_run_19/data/detail-545155.spop
ecology_test_relative_cost_fast_run_19,ecology_test_relative_cost_fast,545155,12360,1314,1236000,k,dec,16113,0.01303640776699029,/Users/alinaqvi/Desktop/github_projects/avida/work/ecology_test_relative_cost_fast_run_19/data/detail-545155.spop
ecology_test_relative_cost_fast_run_19,ecology_test_relative_cost_fast,545155,12360,1314,1236000,l,push,17334,0.014024271844660194,/Users/alinaqvi/Desktop/github_projects/avida/work/ecology_test_relative_cost_fast_run_19/data/detail-545155.spop
ecology_test_relative_cost_fast_run_19,ecology_test_relative_cost_fast,545155,12360,1314,1236000,m,pop,31994,0.025885113268608415,/Users/alinaqvi/Desktop/github_projects/avida/work/ecology_test_relative_cost_fast_run_19/data/detail-545155.spop
ecology_test_relative_cost_fast_run_19,ecology_test_relative_cost_fast,545155,12360,1314,1236000,n,swap-stk,6727,0.0054425566343042076,/Users/alinaqvi/Desktop/github_projects/avida/work/ecology_test_relative_cost_fast_run_19/data/detail-545155.spop
ecology_test_relative_cost_fast_run_19,ecology_test_relative_cost_fast,545155,12360,1314,1236000,o,swap,4484,0.003627831715210356,/Users/alinaqvi/Desktop/github_projects/avida/work/ecology_test_relative_cost_fast_run_19/data/detail-545155.spop
ecology_test_relative_cost_fast_run_19,ecology_test_relative_cost_fast,545155,12360,1314,1236000,p,add,30006,0.024276699029126214,/Users/alinaqvi/Desktop/github_projects/avida/work/ecology_test_relative_cost_fast_run_19/data/detail-545155.spop
ecology_test_relative_cost_fast_run_19,ecology_test_relative_cost_fast,545155,12360,1314,1236000,q,sub,6842,0.005535598705501618,/Users/alinaqvi/Desktop/github_projects/avida/work/ecology_test_relative_cost_fast_run_19/data/detail-545155.spop
ecology_test_relative_cost_fast_run_19,ecology_test_relative_cost_fast,545155,12360,1314,1236000,r,nand,4771,0.003860032362459547,/Users/alinaqvi/Desktop/github_projects/avida/work/ecology_test_relative_cost_fast_run_19/data/detail-545155.spop
ecology_test_relative_cost_fast_run_19,ecology_test_relative_cost_fast,545155,12360,1314,1236000,s,repro,48264,0.03904854368932039,/Users/alinaqvi/Desktop/github_projects/avida/work/ecology_test_relative_cost_fast_run_19/data/detail-545155.spop
ecology_test_relative_cost_fast_run_19,ecology_test_relative_cost_fast,545155,12360,1314,1236000,t,repro-semel,23690,0.019166666666666665,/Users/alinaqvi/Desktop/github_projects/avida/work/ecology_test_relative_cost_fast_run_19/data/detail-545155.spop
ecology_test_relative_cost_fast_run_19,ecology_test_relative_cost_fast,545155,12360,1314,1236000,u,move,213813,0.1729878640776699,/Users/alinaqvi/Desktop/github_projects/avida/work/ecology_test_relative_cost_fast_run_19/data/detail-545155.spop
ecology_test_relative_cost_fast_run_19,ecology_test_relative_cost_fast,545155,12360,1314,1236000,v,rotate-left-one,28231,0.022840614886731392,/Users/alinaqvi/Desktop/github_projects/avida/work/ecology_test_relative_cost_fast_run_19/data/detail-545155.spop
ecology_test_relative_cost_fast_run_19,ecology_test_relative_cost_fast,545155,12360,1314,1236000,w,rotate-right-one,13009,0.010525080906148867,/Users/alinaqvi/Desktop/github_projects/avida/work/ecology_test_relative_cost_fast_run_19/data/detail-545155.spop
ecology_test_relative_cost_fast_run_19,ecology_test_relative_cost_fast,545155,12360,1314,1236000,x,sense-resource0,29567,0.023921521035598706,/Users/alinaqvi/Desktop/github_projects/avida/work/ecology_test_relative_cost_fast_run_19/data/detail-545155.spop
ecology_test_relative_cost_fast_run_19,ecology_test_relative_cost_fast,545155,12360,1314,1236000,y,sense-faced-resource0,29174,0.023603559870550163,/Users/alinaqvi/Desktop/github_projects/avida/work/ecology_test_relative_cost_fast_run_19/data/detail-545155.spop
ecology_test_relative_cost_fast_run_20,ecology_test_relative_cost_fast,483775,10634,1072,1063400,a,nop-B,49933,0.0469559902200489,/Users/alinaqvi/Desktop/github_projects/avida/work/ecology_test_relative_cost_fast_run_20/data/detail-483775.spop
ecology_test_relative_cost_fast_run_20,ecology_test_relative_cost_fast,483775,10634,1072,1063400,b,nop-C,206754,0.19442730863268762,/Users/alinaqvi/Desktop/github_projects/avida/work/ecology_test_relative_cost_fast_run_20/data/detail-483775.spop
ecology_test_relative_cost_fast_run_20,ecology_test_relative_cost_fast,483775,10634,1072,1063400,c,if-n-equ,30350,0.028540530374271206,/Users/alinaqvi/Desktop/github_projects/avida/work/ecology_test_relative_cost_fast_run_20/data/detail-483775.spop
ecology_test_relative_cost_fast_run_20,ecology_test_relative_cost_fast,483775,10634,1072,1063400,d,if-less,54721,0.05145852924581531,/Users/alinaqvi/Desktop/github_projects/avida/work/ecology_test_relative_cost_fast_run_20/data/detail-483775.spop
ecology_test_relative_cost_fast_run_20,ecology_test_relative_cost_fast,483775,10634,1072,1063400,e,if-not-0,12547,0.011798946774496897,/Users/alinaqvi/Desktop/github_projects/avida/work/ecology_test_relative_cost_fast_run_20/data/detail-483775.spop
ecology_test_relative_cost_fast_run_20,ecology_test_relative_cost_fast,483775,10634,1072,1063400,f,if-les-0,78374,0.07370133533947715,/Users/alinaqvi/Desktop/github_projects/avida/work/ecology_test_relative_cost_fast_run_20/data/detail-483775.spop
ecology_test_relative_cost_fast_run_20,ecology_test_relative_cost_fast,483775,10634,1072,1063400,g,if-grt-0,44101,0.0414716945646041,/Users/alinaqvi/Desktop/github_projects/avida/work/ecology_test_relative_cost_fast_run_20/data/detail-483775.spop
ecology_test_relative_cost_fast_run_20,ecology_test_relative_cost_fast,483775,10634,1072,1063400,h,if-label,22490,0.021149144254278728,/Users/alinaqvi/Desktop/github_projects/avida/work/ecology_test_relative_cost_fast_run_20/data/detail-483775.spop
ecology_test_relative_cost_fast_run_20,ecology_test_relative_cost_fast,483775,10634,1072,1063400,i,zero,22478,0.021137859695316907,/Users/alinaqvi/Desktop/github_projects/avida/work/ecology_test_relative_cost_fast_run_20/data/detail-483775.spop
ecology_test_relative_cost_fast_run_20,ecology_test_relative_cost_fast,483775,10634,1072,1063400,j,inc,1128,0.001060748542411134,/Users/alinaqvi/Desktop/github_projects/avida/work/ecology_test_relative_cost_fast_run_20/data/detail-483775.spop
ecology_test_relative_cost_fast_run_20,ecology_test_relative_cost_fast,483775,10634,1072,1063400,k,dec,33724,0.031713372202369756,/Users/alinaqvi/Desktop/github_projects/avida/work/ecology_test_relative_cost_fast_run_20/data/detail-483775.spop
ecology_test_relative_cost_fast_run_20,ecology_test_relative_cost_fast,483775,10634,1072,1063400,l,push,41484,0.03901072033101373,/Users/alinaqvi/Desktop/github_projects/avida/work/ecology_test_relative_cost_fast_run_20/data/detail-483775.spop
ecology_test_relative_cost_fast_run_20,ecology_test_relative_cost_fast,483775,10634,1072,1063400,m,pop,1637,0.0015394019183750235,/Users/alinaqvi/Desktop/github_projects/avida/work/ecology_test_relative_cost_fast_run_20/data/detail-483775.spop
ecology_test_relative_cost_fast_run_20,ecology_test_relative_cost_fast,483775,10634,1072,1063400,n,swap-stk,41611,0.03913014858002633,/Users/alinaqvi/Desktop/github_projects/avida/work/ecology_test_relative_cost_fast_run_20/data/detail-483775.spop
ecology_test_relative_cost_fast_run_20,ecology_test_relative_cost_fast,483775,10634,1072,1063400,o,swap,24312,0.022862516456648486,/Users/alinaqvi/Desktop/github_projects/avida/work/ecology_test_relative_cost_fast_run_20/data/detail-483775.spop
ecology_test_relative_cost_fast_run_20,ecology_test_relative_cost_fast,483775,10634,1072,1063400,p,add,41084,0.03863456836561971,/Users/alinaqvi/Desktop/github_projects/avida/work/ecology_test_relative_cost_fast_run_20/data/detail-483775.spop
ecology_test_relative_cost_fast_run_20,ecology_test_relative_cost_fast,483775,10634,1072,1063400,q,sub,24983,0.023493511378596954,/Users/alinaqvi/Desktop/github_projects/avida/work/ecology_test_relative_cost_fast_run_20/data/detail-483775.spop
ecology_test_relative_cost_fast_run_20,ecology_test_relative_cost_fast,483775,10634,1072,1063400,r,nand,6707,0.006307128079744217,/Users/alinaqvi/Desktop/github_projects/avida/work/ecology_test_relative_cost_fast_run_20/data/detail-483775.spop
ecology_test_relative_cost_fast_run_20,ecology_test_relative_cost_fast,483775,10634,1072,1063400,s,repro,21680,0.02038743652435584,/Users/alinaqvi/Desktop/github_projects/avida/work/ecology_test_relative_cost_fast_run_20/data/detail-483775.spop
ecology_test_relative_cost_fast_run_20,ecology_test_relative_cost_fast,483775,10634,1072,1063400,t,repro-semel,37406,0.035175851043821704,/Users/alinaqvi/Desktop/github_projects/avida/work/ecology_test_relative_cost_fast_run_20/data/detail-483775.spop
ecology_test_relative_cost_fast_run_20,ecology_test_relative_cost_fast,483775,10634,1072,1063400,u,move,190185,0.17884615384615385,/Users/alinaqvi/Desktop/github_projects/avida/work/ecology_test_relative_cost_fast_run_20/data/detail-483775.spop
ecology_test_relative_cost_fast_run_20,ecology_test_relative_cost_fast,483775,10634,1072,1063400,v,rotate-left-one,11140,0.010475832236223434,/Users/alinaqvi/Desktop/github_projects/avida/work/ecology_test_relative_cost_fast_run_20/data/detail-483775.spop
ecology_test_relative_cost_fast_run_20,ecology_test_relative_cost_fast,483775,10634,1072,1063400,w,rotate-right-one,19751,0.01857344367124318,/Users/alinaqvi/Desktop/github_projects/avida/work/ecology_test_relative_cost_fast_run_20/data/detail-483775.spop
ecology_test_relative_cost_fast_run_20,ecology_test_relative_cost_fast,483775,10634,1072,1063400,x,sense-resource0,23255,0.02186853488809479,/Users/alinaqvi/Desktop/github_projects/avida/work/ecology_test_relative_cost_fast_run_20/data/detail-483775.spop
ecology_test_relative_cost_fast_run_20,ecology_test_relative_cost_fast,483775,10634,1072,1063400,y,sense-faced-resource0,21565,0.02027929283430506,/Users/alinaqvi/Desktop/github_projects/avida/work/ecology_test_relative_cost_fast_run_20/data/detail-483775.spop
ecology_test_relative_cost_medium_run_1,ecology_test_relative_cost_medium,352471,12220,1123,1222000,a,nop-B,68823,0.05631996726677578,/Users/alinaqvi/Desktop/github_projects/avida/work/ecology_test_relative_cost_medium_run_1/data/detail-352471.spop
ecology_test_relative_cost_medium_run_1,ecology_test_relative_cost_medium,352471,12220,1123,1222000,b,nop-C,287373,0.23516612111292962,/Users/alinaqvi/Desktop/github_projects/avida/work/ecology_test_relative_cost_medium_run_1/data/detail-352471.spop
ecology_test_relative_cost_medium_run_1,ecology_test_relative_cost_medium,352471,12220,1123,1222000,c,if-n-equ,30457,0.024923895253682486,/Users/alinaqvi/Desktop/github_projects/avida/work/ecology_test_relative_cost_medium_run_1/data/detail-352471.spop
ecology_test_relative_cost_medium_run_1,ecology_test_relative_cost_medium,352471,12220,1123,1222000,d,if-less,79940,0.06541734860883797,/Users/alinaqvi/Desktop/github_projects/avida/work/ecology_test_relative_cost_medium_run_1/data/detail-352471.spop
ecology_test_relative_cost_medium_run_1,ecology_test_relative_cost_medium,352471,12220,1123,1222000,e,if-not-0,23212,0.018995090016366612,/Users/alinaqvi/Desktop/github_projects/avida/work/ecology_test_relative_cost_medium_run_1/data/detail-352471.spop
ecology_test_relative_cost_medium_run_1,ecology_test_relative_cost_medium,352471,12220,1123,1222000,f,if-les-0,17870,0.014623567921440261,/Users/alinaqvi/Desktop/github_projects/avida/work/ecology_test_relative_cost_medium_run_1/data/detail-352471.spop
ecology_test_relative_cost_medium_run_1,ecology_test_relative_cost_medium,352471,12220,1123,1222000,g,if-grt-0,19130,0.015654664484451717,/Users/alinaqvi/Desktop/github_projects/avida/work/ecology_test_relative_cost_medium_run_1/data/detail-352471.spop
ecology_test_relative_cost_medium_run_1,ecology_test_relative_cost_medium,352471,12220,1123,1222000,h,if-label,48155,0.03940671031096563,/Users/alinaqvi/Desktop/github_projects/avida/work/ecology_test_relative_cost_medium_run_1/data/detail-352471.spop
ecology_test_relative_cost_medium_run_1,ecology_test_relative_cost_medium,352471,12220,1123,1222000,i,zero,17897,0.014645662847790508,/Users/alinaqvi/Desktop/github_projects/avida/work/ecology_test_relative_cost_medium_run_1/data/detail-352471.spop
ecology_test_relative_cost_medium_run_1,ecology_test_relative_cost_medium,352471,12220,1123,1222000,j,inc,9957,0.008148117839607201,/Users/alinaqvi/Desktop/github_projects/avida/work/ecology_test_relative_cost_medium_run_1/data/detail-352471.spop
ecology_test_relative_cost_medium_run_1,ecology_test_relative_cost_medium,352471,12220,1123,1222000,k,dec,18999,0.015547463175122749,/Users/alinaqvi/Desktop/github_projects/avida/work/ecology_test_relative_cost_medium_run_1/data/detail-352471.spop
ecology_test_relative_cost_medium_run_1,ecology_test_relative_cost_medium,352471,12220,1123,1222000,l,push,8670,0.007094926350245499,/Users/alinaqvi/Desktop/github_projects/avida/work/ecology_test_relative_cost_medium_run_1/data/detail-352471.spop
ecology_test_relative_cost_medium_run_1,ecology_test_relative_cost_medium,352471,12220,1123,1222000,m,pop,48273,0.03950327332242226,/Users/alinaqvi/Desktop/github_projects/avida/work/ecology_test_relative_cost_medium_run_1/data/detail-352471.spop
ecology_test_relative_cost_medium_run_1,ecology_test_relative_cost_medium,352471,12220,1123,1222000,n,swap-stk,15821,0.012946808510638298,/Users/alinaqvi/Desktop/github_projects/avida/work/ecology_test_relative_cost_medium_run_1/data/detail-352471.spop
ecology_test_relative_cost_medium_run_1,ecology_test_relative_cost_medium,352471,12220,1123,1222000,o,swap,27159,0.022225040916530277,/Users/alinaqvi/Desktop/github_projects/avida/work/ecology_test_relative_cost_medium_run_1/data/detail-352471.spop
ecology_test_relative_cost_medium_run_1,ecology_test_relative_cost_medium,352471,12220,1123,1222000,p,add,30835,0.025233224222585924,/Users/alinaqvi/Desktop/github_projects/avida/work/ecology_test_relative_cost_medium_run_1/data/detail-352471.spop
ecology_test_relative_cost_medium_run_1,ecology_test_relative_cost_medium,352471,12220,1123,1222000,q,sub,33139,0.027118657937806875,/Users/alinaqvi/Desktop/github_projects/avida/work/ecology_test_relative_cost_medium_run_1/data/detail-352471.spop
ecology_test_relative_cost_medium_run_1,ecology_test_relative_cost_medium,352471,12220,1123,1222000,r,nand,23039,0.018853518821603927,/Users/alinaqvi/Desktop/github_projects/avida/work/ecology_test_relative_cost_medium_run_1/data/detail-352471.spop
ecology_test_relative_cost_medium_run_1,ecology_test_relative_cost_medium,352471,12220,1123,1222000,s,repro,56112,0.04591816693944353,/Users/alinaqvi/Desktop/github_projects/avida/work/ecology_test_relative_cost_medium_run_1/data/detail-352471.spop
ecology_test_relative_cost_medium_run_1,ecology_test_relative_cost_medium,352471,12220,1123,1222000,t,repro-semel,7243,0.005927168576104746,/Users/alinaqvi/Desktop/github_projects/avida/work/ecology_test_relative_cost_medium_run_1/data/detail-352471.spop
ecology_test_relative_cost_medium_run_1,ecology_test_relative_cost_medium,352471,12220,1123,1222000,u,move,296465,0.24260638297872342,/Users/alinaqvi/Desktop/github_projects/avida/work/ecology_test_relative_cost_medium_run_1/data/detail-352471.spop
ecology_test_relative_cost_medium_run_1,ecology_test_relative_cost_medium,352471,12220,1123,1222000,v,rotate-left-one,10133,0.00829214402618658,/Users/alinaqvi/Desktop/github_projects/avida/work/ecology_test_relative_cost_medium_run_1/data/detail-352471.spop
ecology_test_relative_cost_medium_run_1,ecology_test_relative_cost_medium,352471,12220,1123,1222000,w,rotate-right-one,1385,0.0011333878887070377,/Users/alinaqvi/Desktop/github_projects/avida/work/ecology_test_relative_cost_medium_run_1/data/detail-352471.spop
ecology_test_relative_cost_medium_run_1,ecology_test_relative_cost_medium,352471,12220,1123,1222000,x,sense-resource0,17246,0.014112929623567921,/Users/alinaqvi/Desktop/github_projects/avida/work/ecology_test_relative_cost_medium_run_1/data/detail-352471.spop
ecology_test_relative_cost_medium_run_1,ecology_test_relative_cost_medium,352471,12220,1123,1222000,y,sense-faced-resource0,24667,0.020185761047463176,/Users/alinaqvi/Desktop/github_projects/avida/work/ecology_test_relative_cost_medium_run_1/data/detail-352471.spop
ecology_test_relative_cost_medium_run_2,ecology_test_relative_cost_medium,379222,12915,901,1291500,a,nop-B,47309,0.03663104916763453,/Users/alinaqvi/Desktop/github_projects/avida/work/ecology_test_relative_cost_medium_run_2/data/detail-379222.spop
ecology_test_relative_cost_medium_run_2,ecology_test_relative_cost_medium,379222,12915,901,1291500,b,nop-C,226860,0.17565621370499418,/Users/alinaqvi/Desktop/github_projects/avida/work/ecology_test_relative_cost_medium_run_2/data/detail-379222.spop
ecology_test_relative_cost_medium_run_2,ecology_test_relative_cost_medium,379222,12915,901,1291500,c,if-n-equ,29793,0.023068524970963997,/Users/alinaqvi/Desktop/github_projects/avida/work/ecology_test_relative_cost_medium_run_2/data/detail-379222.spop
ecology_test_relative_cost_medium_run_2,ecology_test_relative_cost_medium,379222,12915,901,1291500,d,if-less,41212,0.03191018195896245,/Users/alinaqvi/Desktop/github_projects/avida/work/ecology_test_relative_cost_medium_run_2/data/detail-379222.spop
ecology_test_relative_cost_medium_run_2,ecology_test_relative_cost_medium,379222,12915,901,1291500,e,if-not-0,33559,0.025984514130855594,/Users/alinaqvi/Desktop/github_projects/avida/work/ecology_test_relative_cost_medium_run_2/data/detail-379222.spop
ecology_test_relative_cost_medium_run_2,ecology_test_relative_cost_medium,379222,12915,901,1291500,f,if-les-0,109719,0.08495470383275261,/Users/alinaqvi/Desktop/github_projects/avida/work/ecology_test_relative_cost_medium_run_2/data/detail-379222.spop
ecology_test_relative_cost_medium_run_2,ecology_test_relative_cost_medium,379222,12915,901,1291500,g,if-grt-0,19407,0.0150267131242741,/Users/alinaqvi/Desktop/github_projects/avida/work/ecology_test_relative_cost_medium_run_2/data/detail-379222.spop
ecology_test_relative_cost_medium_run_2,ecology_test_relative_cost_medium,379222,12915,901,1291500,h,if-label,35644,0.02759891598915989,/Users/alinaqvi/Desktop/github_projects/avida/work/ecology_test_relative_cost_medium_run_2/data/detail-379222.spop
ecology_test_relative_cost_medium_run_2,ecology_test_relative_cost_medium,379222,12915,901,1291500,i,zero,27603,0.021372822299651567,/Users/alinaqvi/Desktop/github_projects/avida/work/ecology_test_relative_cost_medium_run_2/data/detail-379222.spop
ecology_test_relative_cost_medium_run_2,ecology_test_relative_cost_medium,379222,12915,901,1291500,j,inc,52497,0.04064808362369338,/Users/alinaqvi/Desktop/github_projects/avida/work/ecology_test_relative_cost_medium_run_2/data/detail-379222.spop
ecology_test_relative_cost_medium_run_2,ecology_test_relative_cost_medium,379222,12915,901,1291500,k,dec,18225,0.014111498257839722,/Users/alinaqvi/Desktop/github_projects/avida/work/ecology_test_relative_cost_medium_run_2/data/detail-379222.spop
ecology_test_relative_cost_medium_run_2,ecology_test_relative_cost_medium,379222,12915,901,1291500,l,push,35011,0.02710878823073945,/Users/alinaqvi/Desktop/github_projects/avida/work/ecology_test_relative_cost_medium_run_2/data/detail-379222.spop
ecology_test_relative_cost_medium_run_2,ecology_test_relative_cost_medium,379222,12915,901,1291500,m,pop,17548,0.013587301587301587,/Users/alinaqvi/Desktop/github_projects/avida/work/ecology_test_relative_cost_medium_run_2/data/detail-379222.spop
ecology_test_relative_cost_medium_run_2,ecology_test_relative_cost_medium,379222,12915,901,1291500,n,swap-stk,17191,0.013310878823073946,/Users/alinaqvi/Desktop/github_projects/avida/work/ecology_test_relative_cost_medium_run_2/data/detail-379222.spop
ecology_test_relative_cost_medium_run_2,ecology_test_relative_cost_medium,379222,12915,901,1291500,o,swap,40894,0.03166395663956639,/Users/alinaqvi/Desktop/github_projects/avida/work/ecology_test_relative_cost_medium_run_2/data/detail-379222.spop
ecology_test_relative_cost_medium_run_2,ecology_test_relative_cost_medium,379222,12915,901,1291500,p,add,1021,0.0007905536198219125,/Users/alinaqvi/Desktop/github_projects/avida/work/ecology_test_relative_cost_medium_run_2/data/detail-379222.spop
ecology_test_relative_cost_medium_run_2,ecology_test_relative_cost_medium,379222,12915,901,1291500,q,sub,44486,0.03444521873790166,/Users/alinaqvi/Desktop/github_projects/avida/work/ecology_test_relative_cost_medium_run_2/data/detail-379222.spop
ecology_test_relative_cost_medium_run_2,ecology_test_relative_cost_medium,379222,12915,901,1291500,r,nand,56929,0.04407975222609369,/Users/alinaqvi/Desktop/github_projects/avida/work/ecology_test_relative_cost_medium_run_2/data/detail-379222.spop
ecology_test_relative_cost_medium_run_2,ecology_test_relative_cost_medium,379222,12915,901,1291500,s,repro,61137,0.04733797909407666,/Users/alinaqvi/Desktop/github_projects/avida/work/ecology_test_relative_cost_medium_run_2/data/detail-379222.spop
ecology_test_relative_cost_medium_run_2,ecology_test_relative_cost_medium,379222,12915,901,1291500,t,repro-semel,4016,0.0031095625241966706,/Users/alinaqvi/Desktop/github_projects/avida/work/ecology_test_relative_cost_medium_run_2/data/detail-379222.spop
ecology_test_relative_cost_medium_run_2,ecology_test_relative_cost_medium,379222,12915,901,1291500,u,move,332059,0.2571111111111111,/Users/alinaqvi/Desktop/github_projects/avida/work/ecology_test_relative_cost_medium_run_2/data/detail-379222.spop
ecology_test_relative_cost_medium_run_2,ecology_test_relative_cost_medium,379222,12915,901,1291500,v,rotate-left-one,16234,0.01256987998451413,/Users/alinaqvi/Desktop/github_projects/avida/work/ecology_test_relative_cost_medium_run_2/data/detail-379222.spop
ecology_test_relative_cost_medium_run_2,ecology_test_relative_cost_medium,379222,12915,901,1291500,w,rotate-right-one,9357,0.007245063879210221,/Users/alinaqvi/Desktop/github_projects/avida/work/ecology_test_relative_cost_medium_run_2/data/detail-379222.spop
ecology_test_relative_cost_medium_run_2,ecology_test_relative_cost_medium,379222,12915,901,1291500,x,sense-resource0,7344,0.005686411149825784,/Users/alinaqvi/Desktop/github_projects/avida/work/ecology_test_relative_cost_medium_run_2/data/detail-379222.spop
ecology_test_relative_cost_medium_run_2,ecology_test_relative_cost_medium,379222,12915,901,1291500,y,sense-faced-resource0,6445,0.004990321331784746,/Users/alinaqvi/Desktop/github_projects/avida/work/ecology_test_relative_cost_medium_run_2/data/detail-379222.spop
ecology_test_relative_cost_medium_run_3,ecology_test_relative_cost_medium,0,167,2,16700,a,nop-B,0,0.0,/Users/alinaqvi/Desktop/github_projects/avida/work/ecology_test_relative_cost_medium_run_3/data/detail-0.spop
ecology_test_relative_cost_medium_run_3,ecology_test_relative_cost_medium,0,167,2,16700,b,nop-C,16233,0.9720359281437125,/Users/alinaqvi/Desktop/github_projects/avida/work/ecology_test_relative_cost_medium_run_3/data/detail-0.spop
ecology_test_relative_cost_medium_run_3,ecology_test_relative_cost_medium,0,167,2,16700,c,if-n-equ,0,0.0,/Users/alinaqvi/Desktop/github_projects/avida/work/ecology_test_relative_cost_medium_run_3/data/detail-0.spop
ecology_test_relative_cost_medium_run_3,ecology_test_relative_cost_medium,0,167,2,16700,d,if-less,0,0.0,/Users/alinaqvi/Desktop/github_projects/avida/work/ecology_test_relative_cost_medium_run_3/data/detail-0.spop
ecology_test_relative_cost_medium_run_3,ecology_test_relative_cost_medium,0,167,2,16700,e,if-not-0,0,0.0,/Users/alinaqvi/Desktop/github_projects/avida/work/ecology_test_relative_cost_medium_run_3/data/detail-0.spop
ecology_test_relative_cost_medium_run_3,ecology_test_relative_cost_medium,0,167,2,16700,f,if-les-0,0,0.0,/Users/alinaqvi/Desktop/github_projects/avida/work/ecology_test_relative_cost_medium_run_3/data/detail-0.spop
ecology_test_relative_cost_medium_run_3,ecology_test_relative_cost_medium,0,167,2,16700,g,if-grt-0,0,0.0,/Users/alinaqvi/Desktop/github_projects/avida/work/ecology_test_relative_cost_medium_run_3/data/detail-0.spop
ecology_test_relative_cost_medium_run_3,ecology_test_relative_cost_medium,0,167,2,16700,h,if-label,0,0.0,/Users/alinaqvi/Desktop/github_projects/avida/work/ecology_test_relative_cost_medium_run_3/data/detail-0.spop
ecology_test_relative_cost_medium_run_3,ecology_test_relative_cost_medium,0,167,2,16700,i,zero,0,0.0,/Users/alinaqvi/Desktop/github_projects/avida/work/ecology_test_relative_cost_medium_run_3/data/detail-0.spop
ecology_test_relative_cost_medium_run_3,ecology_test_relative_cost_medium,0,167,2,16700,j,inc,0,0.0,/Users/alinaqvi/Desktop/github_projects/avida/work/ecology_test_relative_cost_medium_run_3/data/detail-0.spop
ecology_test_relative_cost_medium_run_3,ecology_test_relative_cost_medium,0,167,2,16700,k,dec,0,0.0,/Users/alinaqvi/Desktop/github_projects/avida/work/ecology_test_relative_cost_medium_run_3/data/detail-0.spop
ecology_test_relative_cost_medium_run_3,ecology_test_relative_cost_medium,0,167,2,16700,l,push,0,0.0,/Users/alinaqvi/Desktop/github_projects/avida/work/ecology_test_relative_cost_medium_run_3/data/detail-0.spop
ecology_test_relative_cost_medium_run_3,ecology_test_relative_cost_medium,0,167,2,16700,m,pop,0,0.0,/Users/alinaqvi/Desktop/github_projects/avida/work/ecology_test_relative_cost_medium_run_3/data/detail-0.spop
ecology_test_relative_cost_medium_run_3,ecology_test_relative_cost_medium,0,167,2,16700,n,swap-stk,0,0.0,/Users/alinaqvi/Desktop/github_projects/avida/work/ecology_test_relative_cost_medium_run_3/data/detail-0.spop
ecology_test_relative_cost_medium_run_3,ecology_test_relative_cost_medium,0,167,2,16700,o,swap,0,0.0,/Users/alinaqvi/Desktop/github_projects/avida/work/ecology_test_relative_cost_medium_run_3/data/detail-0.spop
ecology_test_relative_cost_medium_run_3,ecology_test_relative_cost_medium,0,167,2,16700,p,add,0,0.0,/Users/alinaqvi/Desktop/github_projects/avida/work/ecology_test_relative_cost_medium_run_3/data/detail-0.spop
ecology_test_relative_cost_medium_run_3,ecology_test_relative_cost_medium,0,167,2,16700,q,sub,0,0.0,/Users/alinaqvi/Desktop/github_projects/avida/work/ecology_test_relative_cost_medium_run_3/data/detail-0.spop
ecology_test_relative_cost_medium_run_3,ecology_test_relative_cost_medium,0,167,2,16700,r,nand,0,0.0,/Users/alinaqvi/Desktop/github_projects/avida/work/ecology_test_relative_cost_medium_run_3/data/detail-0.spop
ecology_test_relative_cost_medium_run_3,ecology_test_relative_cost_medium,0,167,2,16700,s,repro,400,0.023952095808383235,/Users/alinaqvi/Desktop/github_projects/avida/work/ecology_test_relative_cost_medium_run_3/data/detail-0.spop
ecology_test_relative_cost_medium_run_3,ecology_test_relative_cost_medium,0,167,2,16700,t,repro-semel,67,0.0040119760479041915,/Users/alinaqvi/Desktop/github_projects/avida/work/ecology_test_relative_cost_medium_run_3/data/detail-0.spop
ecology_test_relative_cost_medium_run_3,ecology_test_relative_cost_medium,0,167,2,16700,u,move,0,0.0,/Users/alinaqvi/Desktop/github_projects/avida/work/ecology_test_relative_cost_medium_run_3/data/detail-0.spop
ecology_test_relative_cost_medium_run_3,ecology_test_relative_cost_medium,0,167,2,16700,v,rotate-left-one,0,0.0,/Users/alinaqvi/Desktop/github_projects/avida/work/ecology_test_relative_cost_medium_run_3/data/detail-0.spop
ecology_test_relative_cost_medium_run_3,ecology_test_relative_cost_medium,0,167,2,16700,w,rotate-right-one,0,0.0,/Users/alinaqvi/Desktop/github_projects/avida/work/ecology_test_relative_cost_medium_run_3/data/detail-0.spop
ecology_test_relative_cost_medium_run_3,ecology_test_relative_cost_medium,0,167,2,16700,x,sense-resource0,0,0.0,/Users/alinaqvi/Desktop/github_projects/avida/work/ecology_test_relative_cost_medium_run_3/data/detail-0.spop
ecology_test_relative_cost_medium_run_3,ecology_test_relative_cost_medium,0,167,2,16700,y,sense-faced-resource0,0,0.0,/Users/alinaqvi/Desktop/github_projects/avida/work/ecology_test_relative_cost_medium_run_3/data/detail-0.spop
ecology_test_relative_cost_medium_run_4,ecology_test_relative_cost_medium,352998,11769,1321,1176900,a,nop-B,48805,0.041469113773472684,/Users/alinaqvi/Desktop/github_projects/avida/work/ecology_test_relative_cost_medium_run_4/data/detail-352998.spop
ecology_test_relative_cost_medium_run_4,ecology_test_relative_cost_medium,352998,11769,1321,1176900,b,nop-C,331104,0.2813357124649503,/Users/alinaqvi/Desktop/github_projects/avida/work/ecology_test_relative_cost_medium_run_4/data/detail-352998.spop
ecology_test_relative_cost_medium_run_4,ecology_test_relative_cost_medium,352998,11769,1321,1176900,c,if-n-equ,16979,0.014426884187271645,/Users/alinaqvi/Desktop/github_projects/avida/work/ecology_test_relative_cost_medium_run_4/data/detail-352998.spop
ecology_test_relative_cost_medium_run_4,ecology_test_relative_cost_medium,352998,11769,1321,1176900,d,if-less,10887,0.00925057354065766,/Users/alinaqvi/Desktop/github_projects/avida/work/ecology_test_relative_cost_medium_run_4/data/detail-352998.spop
ecology_test_relative_cost_medium_run_4,ecology_test_relative_cost_medium,352998,11769,1321,1176900,e,if-not-0,59228,0.050325431217605576,/Users/alinaqvi/Desktop/github_projects/avida/work/ecology_test_relative_cost_medium_run_4/data/detail-352998.spop
ecology_test_relative_cost_medium_run_4,ecology_test_relative_cost_medium,352998,11769,1321,1176900,f,if-les-0,18933,0.01608717817996431,/Users/alinaqvi/Desktop/github_projects/avida/work/ecology_test_relative_cost_medium_run_4/data/detail-352998.spop
ecology_test_relative_cost_medium_run_4,ecology_test_relative_cost_medium,352998,11769,1321,1176900,g,if-grt-0,36562,0.031066360778315916,/Users/alinaqvi/Desktop/github_projects/avida/work/ecology_test_relative_cost_medium_run_4/data/detail-352998.spop
ecology_test_relative_cost_medium_run_4,ecology_test_relative_cost_medium,352998,11769,1321,1176900,h,if-label,54229,0.046077831591469116,/Users/alinaqvi/Desktop/github_projects/avida/work/ecology_test_relative_cost_medium_run_4/data/detail-352998.spop
ecology_test_relative_cost_medium_run_4,ecology_test_relative_cost_medium,352998,11769,1321,1176900,i,zero,859,0.0007298835924887416,/Users/alinaqvi/Desktop/github_projects/avida/work/ecology_test_relative_cost_medium_run_4/data/detail-352998.spop
ecology_test_relative_cost_medium_run_4,ecology_test_relative_cost_medium,352998,11769,1321,1176900,j,inc,18612,0.015814427733877135,/Users/alinaqvi/Desktop/github_projects/avida/work/ecology_test_relative_cost_medium_run_4/data/detail-352998.spop
ecology_test_relative_cost_medium_run_4,ecology_test_relative_cost_medium,352998,11769,1321,1176900,k,dec,16152,0.013724190670405301,/Users/alinaqvi/Desktop/github_projects/avida/work/ecology_test_relative_cost_medium_run_4/data/detail-352998.spop
ecology_test_relative_cost_medium_run_4,ecology_test_relative_cost_medium,352998,11769,1321,1176900,l,push,19589,0.016644574730223467,/Users/alinaqvi/Desktop/github_projects/avida/work/ecology_test_relative_cost_medium_run_4/data/detail-352998.spop
ecology_test_relative_cost_medium_run_4,ecology_test_relative_cost_medium,352998,11769,1321,1176900,m,pop,29384,0.024967286940266804,/Users/alinaqvi/Desktop/github_projects/avida/work/ecology_test_relative_cost_medium_run_4/data/detail-352998.spop
ecology_test_relative_cost_medium_run_4,ecology_test_relative_cost_medium,352998,11769,1321,1176900,n,swap-stk,5804,0.0049315999660124055,/Users/alinaqvi/Desktop/github_projects/avida/work/ecology_test_relative_cost_medium_run_4/data/detail-352998.spop
ecology_test_relative_cost_medium_run_4,ecology_test_relative_cost_medium,352998,11769,1321,1176900,o,swap,21720,0.018455263828702523,/Users/alinaqvi/Desktop/github_projects/avida/work/ecology_test_relative_cost_medium_run_4/data/detail-352998.spop
ecology_test_relative_cost_medium_run_4,ecology_test_relative_cost_medium,352998,11769,1321,1176900,p,add,43315,0.03680431642450505,/Users/alinaqvi/Desktop/github_projects/avida/work/ecology_test_relative_cost_medium_run_4/data/detail-352998.spop
ecology_test_relative_cost_medium_run_4,ecology_test_relative_cost_medium,352998,11769,1321,1176900,q,sub,12541,0.010655960574390347,/Users/alinaqvi/Desktop/github_projects/avida/work/ecology_test_relative_cost_medium_run_4/data/detail-352998.spop
ecology_test_relative_cost_medium_run_4,ecology_test_relative_cost_medium,352998,11769,1321,1176900,r,nand,15770,0.013399609142662928,/Users/alinaqvi/Desktop/github_projects/avida/work/ecology_test_relative_cost_medium_run_4/data/detail-352998.spop
ecology_test_relative_cost_medium_run_4,ecology_test_relative_cost_medium,352998,11769,1321,1176900,s,repro,48234,0.04098394086158552,/Users/alinaqvi/Desktop/github_projects/avida/work/ecology_test_relative_cost_medium_run_4/data/detail-352998.spop
ecology_test_relative_cost_medium_run_4,ecology_test_relative_cost_medium,352998,11769,1321,1176900,t,repro-semel,11854,0.010072223638371994,/Users/alinaqvi/Desktop/github_projects/avida/work/ecology_test_relative_cost_medium_run_4/data/detail-352998.spop
ecology_test_relative_cost_medium_run_4,ecology_test_relative_cost_medium,352998,11769,1321,1176900,u,move,316692,0.26908998215651286,/Users/alinaqvi/Desktop/github_projects/avida/work/ecology_test_relative_cost_medium_run_4/data/detail-352998.spop
ecology_test_relative_cost_medium_run_4,ecology_test_relative_cost_medium,352998,11769,1321,1176900,v,rotate-left-one,18319,0.015565468603959555,/Users/alinaqvi/Desktop/github_projects/avida/work/ecology_test_relative_cost_medium_run_4/data/detail-352998.spop
ecology_test_relative_cost_medium_run_4,ecology_test_relative_cost_medium,352998,11769,1321,1176900,w,rotate-right-one,4357,0.003702098733962104,/Users/alinaqvi/Desktop/github_projects/avida/work/ecology_test_relative_cost_medium_run_4/data/detail-352998.spop
ecology_test_relative_cost_medium_run_4,ecology_test_relative_cost_medium,352998,11769,1321,1176900,x,sense-resource0,3173,0.0026960659359333843,/Users/alinaqvi/Desktop/github_projects/avida/work/ecology_test_relative_cost_medium_run_4/data/detail-352998.spop
ecology_test_relative_cost_medium_run_4,ecology_test_relative_cost_medium,352998,11769,1321,1176900,y,sense-faced-resource0,13798,0.011724020732432661,/Users/alinaqvi/Desktop/github_projects/avida/work/ecology_test_relative_cost_medium_run_4/data/detail-352998.spop
ecology_test_relative_cost_medium_run_5,ecology_test_relative_cost_medium,0,174,2,17400,a,nop-B,0,0.0,/Users/alinaqvi/Desktop/github_projects/avida/work/ecology_test_relative_cost_medium_run_5/data/detail-0.spop
ecology_test_relative_cost_medium_run_5,ecology_test_relative_cost_medium,0,174,2,17400,b,nop-C,16926,0.9727586206896551,/Users/alinaqvi/Desktop/github_projects/avida/work/ecology_test_relative_cost_medium_run_5/data/detail-0.spop
ecology_test_relative_cost_medium_run_5,ecology_test_relative_cost_medium,0,174,2,17400,c,if-n-equ,0,0.0,/Users/alinaqvi/Desktop/github_projects/avida/work/ecology_test_relative_cost_medium_run_5/data/detail-0.spop
ecology_test_relative_cost_medium_run_5,ecology_test_relative_cost_medium,0,174,2,17400,d,if-less,0,0.0,/Users/alinaqvi/Desktop/github_projects/avida/work/ecology_test_relative_cost_medium_run_5/data/detail-0.spop
ecology_test_relative_cost_medium_run_5,ecology_test_relative_cost_medium,0,174,2,17400,e,if-not-0,0,0.0,/Users/alinaqvi/Desktop/github_projects/avida/work/ecology_test_relative_cost_medium_run_5/data/detail-0.spop
ecology_test_relative_cost_medium_run_5,ecology_test_relative_cost_medium,0,174,2,17400,f,if-les-0,0,0.0,/Users/alinaqvi/Desktop/github_projects/avida/work/ecology_test_relative_cost_medium_run_5/data/detail-0.spop
ecology_test_relative_cost_medium_run_5,ecology_test_relative_cost_medium,0,174,2,17400,g,if-grt-0,0,0.0,/Users/alinaqvi/Desktop/github_projects/avida/work/ecology_test_relative_cost_medium_run_5/data/detail-0.spop
ecology_test_relative_cost_medium_run_5,ecology_test_relative_cost_medium,0,174,2,17400,h,if-label,0,0.0,/Users/alinaqvi/Desktop/github_projects/avida/work/ecology_test_relative_cost_medium_run_5/data/detail-0.spop
ecology_test_relative_cost_medium_run_5,ecology_test_relative_cost_medium,0,174,2,17400,i,zero,0,0.0,/Users/alinaqvi/Desktop/github_projects/avida/work/ecology_test_relative_cost_medium_run_5/data/detail-0.spop
ecology_test_relative_cost_medium_run_5,ecology_test_relative_cost_medium,0,174,2,17400,j,inc,0,0.0,/Users/alinaqvi/Desktop/github_projects/avida/work/ecology_test_relative_cost_medium_run_5/data/detail-0.spop
ecology_test_relative_cost_medium_run_5,ecology_test_relative_cost_medium,0,174,2,17400,k,dec,0,0.0,/Users/alinaqvi/Desktop/github_projects/avida/work/ecology_test_relative_cost_medium_run_5/data/detail-0.spop
ecology_test_relative_cost_medium_run_5,ecology_test_relative_cost_medium,0,174,2,17400,l,push,0,0.0,/Users/alinaqvi/Desktop/github_projects/avida/work/ecology_test_relative_cost_medium_run_5/data/detail-0.spop
ecology_test_relative_cost_medium_run_5,ecology_test_relative_cost_medium,0,174,2,17400,m,pop,0,0.0,/Users/alinaqvi/Desktop/github_projects/avida/work/ecology_test_relative_cost_medium_run_5/data/detail-0.spop
ecology_test_relative_cost_medium_run_5,ecology_test_relative_cost_medium,0,174,2,17400,n,swap-stk,0,0.0,/Users/alinaqvi/Desktop/github_projects/avida/work/ecology_test_relative_cost_medium_run_5/data/detail-0.spop
ecology_test_relative_cost_medium_run_5,ecology_test_relative_cost_medium,0,174,2,17400,o,swap,0,0.0,/Users/alinaqvi/Desktop/github_projects/avida/work/ecology_test_relative_cost_medium_run_5/data/detail-0.spop
ecology_test_relative_cost_medium_run_5,ecology_test_relative_cost_medium,0,174,2,17400,p,add,0,0.0,/Users/alinaqvi/Desktop/github_projects/avida/work/ecology_test_relative_cost_medium_run_5/data/detail-0.spop
ecology_test_relative_cost_medium_run_5,ecology_test_relative_cost_medium,0,174,2,17400,q,sub,0,0.0,/Users/alinaqvi/Desktop/github_projects/avida/work/ecology_test_relative_cost_medium_run_5/data/detail-0.spop
ecology_test_relative_cost_medium_run_5,ecology_test_relative_cost_medium,0,174,2,17400,r,nand,0,0.0,/Users/alinaqvi/Desktop/github_projects/avida/work/ecology_test_relative_cost_medium_run_5/data/detail-0.spop
ecology_test_relative_cost_medium_run_5,ecology_test_relative_cost_medium,0,174,2,17400,s,repro,400,0.022988505747126436,/Users/alinaqvi/Desktop/github_projects/avida/work/ecology_test_relative_cost_medium_run_5/data/detail-0.spop
ecology_test_relative_cost_medium_run_5,ecology_test_relative_cost_medium,0,174,2,17400,t,repro-semel,74,0.004252873563218391,/Users/alinaqvi/Desktop/github_projects/avida/work/ecology_test_relative_cost_medium_run_5/data/detail-0.spop
ecology_test_relative_cost_medium_run_5,ecology_test_relative_cost_medium,0,174,2,17400,u,move,0,0.0,/Users/alinaqvi/Desktop/github_projects/avida/work/ecology_test_relative_cost_medium_run_5/data/detail-0.spop
ecology_test_relative_cost_medium_run_5,ecology_test_relative_cost_medium,0,174,2,17400,v,rotate-left-one,0,0.0,/Users/alinaqvi/Desktop/github_projects/avida/work/ecology_test_relative_cost_medium_run_5/data/detail-0.spop
ecology_test_relative_cost_medium_run_5,ecology_test_relative_cost_medium,0,174,2,17400,w,rotate-right-one,0,0.0,/Users/alinaqvi/Desktop/github_projects/avida/work/ecology_test_relative_cost_medium_run_5/data/detail-0.spop
ecology_test_relative_cost_medium_run_5,ecology_test_relative_cost_medium,0,174,2,17400,x,sense-resource0,0,0.0,/Users/alinaqvi/Desktop/github_projects/avida/work/ecology_test_relative_cost_medium_run_5/data/detail-0.spop
ecology_test_relative_cost_medium_run_5,ecology_test_relative_cost_medium,0,174,2,17400,y,sense-faced-resource0,0,0.0,/Users/alinaqvi/Desktop/github_projects/avida/work/ecology_test_relative_cost_medium_run_5/data/detail-0.spop
ecology_test_relative_cost_medium_run_6,ecology_test_relative_cost_medium,0,175,2,17500,a,nop-B,0,0.0,/Users/alinaqvi/Desktop/github_projects/avida/work/ecology_test_relative_cost_medium_run_6/data/detail-0.spop
ecology_test_relative_cost_medium_run_6,ecology_test_relative_cost_medium,0,175,2,17500,b,nop-C,17025,0.9728571428571429,/Users/alinaqvi/Desktop/github_projects/avida/work/ecology_test_relative_cost_medium_run_6/data/detail-0.spop
ecology_test_relative_cost_medium_run_6,ecology_test_relative_cost_medium,0,175,2,17500,c,if-n-equ,0,0.0,/Users/alinaqvi/Desktop/github_projects/avida/work/ecology_test_relative_cost_medium_run_6/data/detail-0.spop
ecology_test_relative_cost_medium_run_6,ecology_test_relative_cost_medium,0,175,2,17500,d,if-less,0,0.0,/Users/alinaqvi/Desktop/github_projects/avida/work/ecology_test_relative_cost_medium_run_6/data/detail-0.spop
ecology_test_relative_cost_medium_run_6,ecology_test_relative_cost_medium,0,175,2,17500,e,if-not-0,0,0.0,/Users/alinaqvi/Desktop/github_projects/avida/work/ecology_test_relative_cost_medium_run_6/data/detail-0.spop
ecology_test_relative_cost_medium_run_6,ecology_test_relative_cost_medium,0,175,2,17500,f,if-les-0,0,0.0,/Users/alinaqvi/Desktop/github_projects/avida/work/ecology_test_relative_cost_medium_run_6/data/detail-0.spop
ecology_test_relative_cost_medium_run_6,ecology_test_relative_cost_medium,0,175,2,17500,g,if-grt-0,0,0.0,/Users/alinaqvi/Desktop/github_projects/avida/work/ecology_test_relative_cost_medium_run_6/data/detail-0.spop
ecology_test_relative_cost_medium_run_6,ecology_test_relative_cost_medium,0,175,2,17500,h,if-label,0,0.0,/Users/alinaqvi/Desktop/github_projects/avida/work/ecology_test_relative_cost_medium_run_6/data/detail-0.spop
ecology_test_relative_cost_medium_run_6,ecology_test_relative_cost_medium,0,175,2,17500,i,zero,0,0.0,/Users/alinaqvi/Desktop/github_projects/avida/work/ecology_test_relative_cost_medium_run_6/data/detail-0.spop
ecology_test_relative_cost_medium_run_6,ecology_test_relative_cost_medium,0,175,2,17500,j,inc,0,0.0,/Users/alinaqvi/Desktop/github_projects/avida/work/ecology_test_relative_cost_medium_run_6/data/detail-0.spop
ecology_test_relative_cost_medium_run_6,ecology_test_relative_cost_medium,0,175,2,17500,k,dec,0,0.0,/Users/alinaqvi/Desktop/github_projects/avida/work/ecology_test_relative_cost_medium_run_6/data/detail-0.spop
ecology_test_relative_cost_medium_run_6,ecology_test_relative_cost_medium,0,175,2,17500,l,push,0,0.0,/Users/alinaqvi/Desktop/github_projects/avida/work/ecology_test_relative_cost_medium_run_6/data/detail-0.spop
ecology_test_relative_cost_medium_run_6,ecology_test_relative_cost_medium,0,175,2,17500,m,pop,0,0.0,/Users/alinaqvi/Desktop/github_projects/avida/work/ecology_test_relative_cost_medium_run_6/data/detail-0.spop
ecology_test_relative_cost_medium_run_6,ecology_test_relative_cost_medium,0,175,2,17500,n,swap-stk,0,0.0,/Users/alinaqvi/Desktop/github_projects/avida/work/ecology_test_relative_cost_medium_run_6/data/detail-0.spop
ecology_test_relative_cost_medium_run_6,ecology_test_relative_cost_medium,0,175,2,17500,o,swap,0,0.0,/Users/alinaqvi/Desktop/github_projects/avida/work/ecology_test_relative_cost_medium_run_6/data/detail-0.spop
ecology_test_relative_cost_medium_run_6,ecology_test_relative_cost_medium,0,175,2,17500,p,add,0,0.0,/Users/alinaqvi/Desktop/github_projects/avida/work/ecology_test_relative_cost_medium_run_6/data/detail-0.spop
ecology_test_relative_cost_medium_run_6,ecology_test_relative_cost_medium,0,175,2,17500,q,sub,0,0.0,/Users/alinaqvi/Desktop/github_projects/avida/work/ecology_test_relative_cost_medium_run_6/data/detail-0.spop
ecology_test_relative_cost_medium_run_6,ecology_test_relative_cost_medium,0,175,2,17500,r,nand,0,0.0,/Users/alinaqvi/Desktop/github_projects/avida/work/ecology_test_relative_cost_medium_run_6/data/detail-0.spop
ecology_test_relative_cost_medium_run_6,ecology_test_relative_cost_medium,0,175,2,17500,s,repro,400,0.022857142857142857,/Users/alinaqvi/Desktop/github_projects/avida/work/ecology_test_relative_cost_medium_run_6/data/detail-0.spop
ecology_test_relative_cost_medium_run_6,ecology_test_relative_cost_medium,0,175,2,17500,t,repro-semel,75,0.004285714285714286,/Users/alinaqvi/Desktop/github_projects/avida/work/ecology_test_relative_cost_medium_run_6/data/detail-0.spop
ecology_test_relative_cost_medium_run_6,ecology_test_relative_cost_medium,0,175,2,17500,u,move,0,0.0,/Users/alinaqvi/Desktop/github_projects/avida/work/ecology_test_relative_cost_medium_run_6/data/detail-0.spop
ecology_test_relative_cost_medium_run_6,ecology_test_relative_cost_medium,0,175,2,17500,v,rotate-left-one,0,0.0,/Users/alinaqvi/Desktop/github_projects/avida/work/ecology_test_relative_cost_medium_run_6/data/detail-0.spop
ecology_test_relative_cost_medium_run_6,ecology_test_relative_cost_medium,0,175,2,17500,w,rotate-right-one,0,0.0,/Users/alinaqvi/Desktop/github_projects/avida/work/ecology_test_relative_cost_medium_run_6/data/detail-0.spop
ecology_test_relative_cost_medium_run_6,ecology_test_relative_cost_medium,0,175,2,17500,x,sense-resource0,0,0.0,/Users/alinaqvi/Desktop/github_projects/avida/work/ecology_test_relative_cost_medium_run_6/data/detail-0.spop
ecology_test_relative_cost_medium_run_6,ecology_test_relative_cost_medium,0,175,2,17500,y,sense-faced-resource0,0,0.0,/Users/alinaqvi/Desktop/github_projects/avida/work/ecology_test_relative_cost_medium_run_6/data/detail-0.spop
ecology_test_relative_cost_medium_run_7,ecology_test_relative_cost_medium,410334,11090,1025,1109000,a,nop-B,26911,0.024266005410279533,/Users/alinaqvi/Desktop/github_projects/avida/work/ecology_test_relative_cost_medium_run_7/data/detail-410334.spop
ecology_test_relative_cost_medium_run_7,ecology_test_relative_cost_medium,410334,11090,1025,1109000,b,nop-C,300233,0.27072407574391344,/Users/alinaqvi/Desktop/github_projects/avida/work/ecology_test_relative_cost_medium_run_7/data/detail-410334.spop
ecology_test_relative_cost_medium_run_7,ecology_test_relative_cost_medium,410334,11090,1025,1109000,c,if-n-equ,1239,0.0011172227231740306,/Users/alinaqvi/Desktop/github_projects/avida/work/ecology_test_relative_cost_medium_run_7/data/detail-410334.spop
ecology_test_relative_cost_medium_run_7,ecology_test_relative_cost_medium,410334,11090,1025,1109000,d,if-less,43334,0.03907484220018034,/Users/alinaqvi/Desktop/github_projects/avida/work/ecology_test_relative_cost_medium_run_7/data/detail-410334.spop
ecology_test_relative_cost_medium_run_7,ecology_test_relative_cost_medium,410334,11090,1025,1109000,e,if-not-0,54947,0.04954643823264202,/Users/alinaqvi/Desktop/github_projects/avida/work/ecology_test_relative_cost_medium_run_7/data/detail-410334.spop
ecology_test_relative_cost_medium_run_7,ecology_test_relative_cost_medium,410334,11090,1025,1109000,f,if-les-0,19450,0.017538322813345355,/Users/alinaqvi/Desktop/github_projects/avida/work/ecology_test_relative_cost_medium_run_7/data/detail-410334.spop
ecology_test_relative_cost_medium_run_7,ecology_test_relative_cost_medium,410334,11090,1025,1109000,g,if-grt-0,34327,0.03095311091073039,/Users/alinaqvi/Desktop/github_projects/avida/work/ecology_test_relative_cost_medium_run_7/data/detail-410334.spop
ecology_test_relative_cost_medium_run_7,ecology_test_relative_cost_medium,410334,11090,1025,1109000,h,if-label,46123,0.041589720468890895,/Users/alinaqvi/Desktop/github_projects/avida/work/ecology_test_relative_cost_medium_run_7/data/detail-410334.spop
ecology_test_relative_cost_medium_run_7,ecology_test_relative_cost_medium,410334,11090,1025,1109000,i,zero,45650,0.041163210099188455,/Users/alinaqvi/Desktop/github_projects/avida/work/ecology_test_relative_cost_medium_run_7/data/detail-410334.spop
ecology_test_relative_cost_medium_run_7,ecology_test_relative_cost_medium,410334,11090,1025,1109000,j,inc,3283,0.0029603246167718665,/Users/alinaqvi/Desktop/github_projects/avida/work/ecology_test_relative_cost_medium_run_7/data/detail-410334.spop
ecology_test_relative_cost_medium_run_7,ecology_test_relative_cost_medium,410334,11090,1025,1109000,k,dec,28520,0.025716862037871956,/Users/alinaqvi/Desktop/github_projects/avida/work/ecology_test_relative_cost_medium_run_7/data/detail-410334.spop
ecology_test_relative_cost_medium_run_7,ecology_test_relative_cost_medium,410334,11090,1025,1109000,l,push,819,0.0007385031559963932,/Users/alinaqvi/Desktop/github_projects/avida/work/ecology_test_relative_cost_medium_run_7/data/detail-410334.spop
ecology_test_relative_cost_medium_run_7,ecology_test_relative_cost_medium,410334,11090,1025,1109000,m,pop,8892,0.008018034265103696,/Users/alinaqvi/Desktop/github_projects/avida/work/ecology_test_relative_cost_medium_run_7/data/detail-410334.spop
ecology_test_relative_cost_medium_run_7,ecology_test_relative_cost_medium,410334,11090,1025,1109000,n,swap-stk,3636,0.0032786293958521192,/Users/alinaqvi/Desktop/github_projects/avida/work/ecology_test_relative_cost_medium_run_7/data/detail-410334.spop
ecology_test_relative_cost_medium_run_7,ecology_test_relative_cost_medium,410334,11090,1025,1109000,o,swap,42525,0.0383453561767358,/Users/alinaqvi/Desktop/github_projects/avida/work/ecology_test_relative_cost_medium_run_7/data/detail-410334.spop
ecology_test_relative_cost_medium_run_7,ecology_test_relative_cost_medium,410334,11090,1025,1109000,p,add,12100,0.010910730387736699,/Users/alinaqvi/Desktop/github_projects/avida/work/ecology_test_relative_cost_medium_run_7/data/detail-410334.spop
ecology_test_relative_cost_medium_run_7,ecology_test_relative_cost_medium,410334,11090,1025,1109000,q,sub,43168,0.03892515779981966,/Users/alinaqvi/Desktop/github_projects/avida/work/ecology_test_relative_cost_medium_run_7/data/detail-410334.spop
ecology_test_relative_cost_medium_run_7,ecology_test_relative_cost_medium,410334,11090,1025,1109000,r,nand,24205,0.021825969341749324,/Users/alinaqvi/Desktop/github_projects/avida/work/ecology_test_relative_cost_medium_run_7/data/detail-410334.spop
ecology_test_relative_cost_medium_run_7,ecology_test_relative_cost_medium,410334,11090,1025,1109000,s,repro,41599,0.037510369702434626,/Users/alinaqvi/Desktop/github_projects/avida/work/ecology_test_relative_cost_medium_run_7/data/detail-410334.spop
ecology_test_relative_cost_medium_run_7,ecology_test_relative_cost_medium,410334,11090,1025,1109000,t,repro-semel,750,0.0006762849413886385,/Users/alinaqvi/Desktop/github_projects/avida/work/ecology_test_relative_cost_medium_run_7/data/detail-410334.spop
ecology_test_relative_cost_medium_run_7,ecology_test_relative_cost_medium,410334,11090,1025,1109000,u,move,284505,0.2565419296663661,/Users/alinaqvi/Desktop/github_projects/avida/work/ecology_test_relative_cost_medium_run_7/data/detail-410334.spop
ecology_test_relative_cost_medium_run_7,ecology_test_relative_cost_medium,410334,11090,1025,1109000,v,rotate-left-one,9905,0.00893146979260595,/Users/alinaqvi/Desktop/github_projects/avida/work/ecology_test_relative_cost_medium_run_7/data/detail-410334.spop
ecology_test_relative_cost_medium_run_7,ecology_test_relative_cost_medium,410334,11090,1025,1109000,w,rotate-right-one,12130,0.010937781785392245,/Users/alinaqvi/Desktop/github_projects/avida/work/ecology_test_relative_cost_medium_run_7/data/detail-410334.spop
ecology_test_relative_cost_medium_run_7,ecology_test_relative_cost_medium,410334,11090,1025,1109000,x,sense-resource0,2413,0.002175834084761046,/Users/alinaqvi/Desktop/github_projects/avida/work/ecology_test_relative_cost_medium_run_7/data/detail-410334.spop
ecology_test_relative_cost_medium_run_7,ecology_test_relative_cost_medium,410334,11090,1025,1109000,y,sense-faced-resource0,18336,0.01653381424706943,/Users/alinaqvi/Desktop/github_projects/avida/work/ecology_test_relative_cost_medium_run_7/data/detail-410334.spop
ecology_test_relative_cost_medium_run_8,ecology_test_relative_cost_medium,350841,19881,1174,1988100,a,nop-B,111763,0.05621598511141291,/Users/alinaqvi/Desktop/github_projects/avida/work/ecology_test_relative_cost_medium_run_8/data/detail-350841.spop
ecology_test_relative_cost_medium_run_8,ecology_test_relative_cost_medium,350841,19881,1174,1988100,b,nop-C,736935,0.3706730043760374,/Users/alinaqvi/Desktop/github_projects/avida/work/ecology_test_relative_cost_medium_run_8/data/detail-350841.spop
ecology_test_relative_cost_medium_run_8,ecology_test_relative_cost_medium,350841,19881,1174,1988100,c,if-n-equ,41863,0.021056787887933203,/Users/alinaqvi/Desktop/github_projects/avida/work/ecology_test_relative_cost_medium_run_8/data/detail-350841.spop
ecology_test_relative_cost_medium_run_8,ecology_test_relative_cost_medium,350841,19881,1174,1988100,d,if-less,93044,0.04680046275338263,/Users/alinaqvi/Desktop/github_projects/avida/work/ecology_test_relative_cost_medium_run_8/data/detail-350841.spop
ecology_test_relative_cost_medium_run_8,ecology_test_relative_cost_medium,350841,19881,1174,1988100,e,if-not-0,6285,0.0031613097932699564,/Users/alinaqvi/Desktop/github_projects/avida/work/ecology_test_relative_cost_medium_run_8/data/detail-350841.spop
ecology_test_relative_cost_medium_run_8,ecology_test_relative_cost_medium,350841,19881,1174,1988100,f,if-les-0,33275,0.016737085659675067,/Users/alinaqvi/Desktop/github_projects/avida/work/ecology_test_relative_cost_medium_run_8/data/detail-350841.spop
ecology_test_relative_cost_medium_run_8,ecology_test_relative_cost_medium,350841,19881,1174,1988100,g,if-grt-0,16097,0.00809667521754439,/Users/alinaqvi/Desktop/github_projects/avida/work/ecology_test_relative_cost_medium_run_8/data/detail-350841.spop
ecology_test_relative_cost_medium_run_8,ecology_test_relative_cost_medium,350841,19881,1174,1988100,h,if-label,60082,0.030220813842362054,/Users/alinaqvi/Desktop/github_projects/avida/work/ecology_test_relative_cost_medium_run_8/data/detail-350841.spop
ecology_test_relative_cost_medium_run_8,ecology_test_relative_cost_medium,350841,19881,1174,1988100,i,zero,32857,0.016526834666264274,/Users/alinaqvi/Desktop/github_projects/avida/work/ecology_test_relative_cost_medium_run_8/data/detail-350841.spop
ecology_test_relative_cost_medium_run_8,ecology_test_relative_cost_medium,350841,19881,1174,1988100,j,inc,18598,0.009354660228358734,/Users/alinaqvi/Desktop/github_projects/avida/work/ecology_test_relative_cost_medium_run_8/data/detail-350841.spop
ecology_test_relative_cost_medium_run_8,ecology_test_relative_cost_medium,350841,19881,1174,1988100,k,dec,39716,0.019976862330868667,/Users/alinaqvi/Desktop/github_projects/avida/work/ecology_test_relative_cost_medium_run_8/data/detail-350841.spop
ecology_test_relative_cost_medium_run_8,ecology_test_relative_cost_medium,350841,19881,1174,1988100,l,push,27359,0.013761380212262964,/Users/alinaqvi/Desktop/github_projects/avida/work/ecology_test_relative_cost_medium_run_8/data/detail-350841.spop
ecology_test_relative_cost_medium_run_8,ecology_test_relative_cost_medium,350841,19881,1174,1988100,m,pop,53913,0.02711785121472763,/Users/alinaqvi/Desktop/github_projects/avida/work/ecology_test_relative_cost_medium_run_8/data/detail-350841.spop
ecology_test_relative_cost_medium_run_8,ecology_test_relative_cost_medium,350841,19881,1174,1988100,n,swap-stk,1612,0.0008108244052110055,/Users/alinaqvi/Desktop/github_projects/avida/work/ecology_test_relative_cost_medium_run_8/data/detail-350841.spop
ecology_test_relative_cost_medium_run_8,ecology_test_relative_cost_medium,350841,19881,1174,1988100,o,swap,27902,0.014034505306574116,/Users/alinaqvi/Desktop/github_projects/avida/work/ecology_test_relative_cost_medium_run_8/data/detail-350841.spop
ecology_test_relative_cost_medium_run_8,ecology_test_relative_cost_medium,350841,19881,1174,1988100,p,add,5922,0.0029787234042553193,/Users/alinaqvi/Desktop/github_projects/avida/work/ecology_test_relative_cost_medium_run_8/data/detail-350841.spop
ecology_test_relative_cost_medium_run_8,ecology_test_relative_cost_medium,350841,19881,1174,1988100,q,sub,718,0.0003611488355716513,/Users/alinaqvi/Desktop/github_projects/avida/work/ecology_test_relative_cost_medium_run_8/data/detail-350841.spop
ecology_test_relative_cost_medium_run_8,ecology_test_relative_cost_medium,350841,19881,1174,1988100,r,nand,13748,0.006915145113424878,/Users/alinaqvi/Desktop/github_projects/avida/work/ecology_test_relative_cost_medium_run_8/data/detail-350841.spop
ecology_test_relative_cost_medium_run_8,ecology_test_relative_cost_medium,350841,19881,1174,1988100,s,repro,60796,0.030579950706704894,/Users/alinaqvi/Desktop/github_projects/avida/work/ecology_test_relative_cost_medium_run_8/data/detail-350841.spop
ecology_test_relative_cost_medium_run_8,ecology_test_relative_cost_medium,350841,19881,1174,1988100,t,repro-semel,54423,0.027374377546401086,/Users/alinaqvi/Desktop/github_projects/avida/work/ecology_test_relative_cost_medium_run_8/data/detail-350841.spop
ecology_test_relative_cost_medium_run_8,ecology_test_relative_cost_medium,350841,19881,1174,1988100,u,move,482307,0.24259695186358834,/Users/alinaqvi/Desktop/github_projects/avida/work/ecology_test_relative_cost_medium_run_8/data/detail-350841.spop
ecology_test_relative_cost_medium_run_8,ecology_test_relative_cost_medium,350841,19881,1174,1988100,v,rotate-left-one,21205,0.010665962476736582,/Users/alinaqvi/Desktop/github_projects/avida/work/ecology_test_relative_cost_medium_run_8/data/detail-350841.spop
ecology_test_relative_cost_medium_run_8,ecology_test_relative_cost_medium,350841,19881,1174,1988100,w,rotate-right-one,22205,0.01116895528393944,/Users/alinaqvi/Desktop/github_projects/avida/work/ecology_test_relative_cost_medium_run_8/data/detail-350841.spop
ecology_test_relative_cost_medium_run_8,ecology_test_relative_cost_medium,350841,19881,1174,1988100,x,sense-resource0,13313,0.006696343242291635,/Users/alinaqvi/Desktop/github_projects/avida/work/ecology_test_relative_cost_medium_run_8/data/detail-350841.spop
ecology_test_relative_cost_medium_run_8,ecology_test_relative_cost_medium,350841,19881,1174,1988100,y,sense-faced-resource0,12162,0.006117398521201147,/Users/alinaqvi/Desktop/github_projects/avida/work/ecology_test_relative_cost_medium_run_8/data/detail-350841.spop
ecology_test_relative_cost_medium_run_9,ecology_test_relative_cost_medium,30437,4074,209,407400,a,nop-B,4241,0.010409916543937163,/Users/alinaqvi/Desktop/github_projects/avida/work/ecology_test_relative_cost_medium_run_9/data/detail-30437.spop
ecology_test_relative_cost_medium_run_9,ecology_test_relative_cost_medium,30437,4074,209,407400,b,nop-C,314136,0.7710751104565537,/Users/alinaqvi/Desktop/github_projects/avida/work/ecology_test_relative_cost_medium_run_9/data/detail-30437.spop
ecology_test_relative_cost_medium_run_9,ecology_test_relative_cost_medium,30437,4074,209,407400,c,if-n-equ,2658,0.006524300441826215,/Users/alinaqvi/Desktop/github_projects/avida/work/ecology_test_relative_cost_medium_run_9/data/detail-30437.spop
ecology_test_relative_cost_medium_run_9,ecology_test_relative_cost_medium,30437,4074,209,407400,d,if-less,56,0.0001374570446735395,/Users/alinaqvi/Desktop/github_projects/avida/work/ecology_test_relative_cost_medium_run_9/data/detail-30437.spop
ecology_test_relative_cost_medium_run_9,ecology_test_relative_cost_medium,30437,4074,209,407400,e,if-not-0,4107,0.01008100147275405,/Users/alinaqvi/Desktop/github_projects/avida/work/ecology_test_relative_cost_medium_run_9/data/detail-30437.spop
ecology_test_relative_cost_medium_run_9,ecology_test_relative_cost_medium,30437,4074,209,407400,f,if-les-0,11150,0.0273686794305351,/Users/alinaqvi/Desktop/github_projects/avida/work/ecology_test_relative_cost_medium_run_9/data/detail-30437.spop
ecology_test_relative_cost_medium_run_9,ecology_test_relative_cost_medium,30437,4074,209,407400,g,if-grt-0,10049,0.024666175748649974,/Users/alinaqvi/Desktop/github_projects/avida/work/ecology_test_relative_cost_medium_run_9/data/detail-30437.spop
ecology_test_relative_cost_medium_run_9,ecology_test_relative_cost_medium,30437,4074,209,407400,h,if-label,11020,0.027049582719685814,/Users/alinaqvi/Desktop/github_projects/avida/work/ecology_test_relative_cost_medium_run_9/data/detail-30437.spop
ecology_test_relative_cost_medium_run_9,ecology_test_relative_cost_medium,30437,4074,209,407400,i,zero,221,0.0005424644084437898,/Users/alinaqvi/Desktop/github_projects/avida/work/ecology_test_relative_cost_medium_run_9/data/detail-30437.spop
ecology_test_relative_cost_medium_run_9,ecology_test_relative_cost_medium,30437,4074,209,407400,j,inc,4658,0.01143348060873834,/Users/alinaqvi/Desktop/github_projects/avida/work/ecology_test_relative_cost_medium_run_9/data/detail-30437.spop
ecology_test_relative_cost_medium_run_9,ecology_test_relative_cost_medium,30437,4074,209,407400,k,dec,252,0.0006185567010309278,/Users/alinaqvi/Desktop/github_projects/avida/work/ecology_test_relative_cost_medium_run_9/data/detail-30437.spop
ecology_test_relative_cost_medium_run_9,ecology_test_relative_cost_medium,30437,4074,209,407400,l,push,1768,0.004339715267550319,/Users/alinaqvi/Desktop/github_projects/avida/work/ecology_test_relative_cost_medium_run_9/data/detail-30437.spop
ecology_test_relative_cost_medium_run_9,ecology_test_relative_cost_medium,30437,4074,209,407400,m,pop,2767,0.006791850760922926,/Users/alinaqvi/Desktop/github_projects/avida/work/ecology_test_relative_cost_medium_run_9/data/detail-30437.spop
ecology_test_relative_cost_medium_run_9,ecology_test_relative_cost_medium,30437,4074,209,407400,n,swap-stk,92,0.00022582228767795777,/Users/alinaqvi/Desktop/github_projects/avida/work/ecology_test_relative_cost_medium_run_9/data/detail-30437.spop
ecology_test_relative_cost_medium_run_9,ecology_test_relative_cost_medium,30437,4074,209,407400,o,swap,348,0.0008541973490427099,/Users/alinaqvi/Desktop/github_projects/avida/work/ecology_test_relative_cost_medium_run_9/data/detail-30437.spop
ecology_test_relative_cost_medium_run_9,ecology_test_relative_cost_medium,30437,4074,209,407400,p,add,234,0.0005743740795287187,/Users/alinaqvi/Desktop/github_projects/avida/work/ecology_test_relative_cost_medium_run_9/data/detail-30437.spop
ecology_test_relative_cost_medium_run_9,ecology_test_relative_cost_medium,30437,4074,209,407400,q,sub,4127,0.010130093274423171,/Users/alinaqvi/Desktop/github_projects/avida/work/ecology_test_relative_cost_medium_run_9/data/detail-30437.spop
ecology_test_relative_cost_medium_run_9,ecology_test_relative_cost_medium,30437,4074,209,407400,r,nand,1110,0.0027245949926362296,/Users/alinaqvi/Desktop/github_projects/avida/work/ecology_test_relative_cost_medium_run_9/data/detail-30437.spop
ecology_test_relative_cost_medium_run_9,ecology_test_relative_cost_medium,30437,4074,209,407400,s,repro,17685,0.04340942562592047,/Users/alinaqvi/Desktop/github_projects/avida/work/ecology_test_relative_cost_medium_run_9/data/detail-30437.spop
ecology_test_relative_cost_medium_run_9,ecology_test_relative_cost_medium,30437,4074,209,407400,t,repro-semel,1053,0.002584683357879234,/Users/alinaqvi/Desktop/github_projects/avida/work/ecology_test_relative_cost_medium_run_9/data/detail-30437.spop
ecology_test_relative_cost_medium_run_9,ecology_test_relative_cost_medium,30437,4074,209,407400,u,move,12049,0.0295753559155621,/Users/alinaqvi/Desktop/github_projects/avida/work/ecology_test_relative_cost_medium_run_9/data/detail-30437.spop
ecology_test_relative_cost_medium_run_9,ecology_test_relative_cost_medium,30437,4074,209,407400,v,rotate-left-one,55,0.00013500245459008346,/Users/alinaqvi/Desktop/github_projects/avida/work/ecology_test_relative_cost_medium_run_9/data/detail-30437.spop
ecology_test_relative_cost_medium_run_9,ecology_test_relative_cost_medium,30437,4074,209,407400,w,rotate-right-one,3262,0.008006872852233678,/Users/alinaqvi/Desktop/github_projects/avida/work/ecology_test_relative_cost_medium_run_9/data/detail-30437.spop
ecology_test_relative_cost_medium_run_9,ecology_test_relative_cost_medium,30437,4074,209,407400,x,sense-resource0,214,0.0005252822778595975,/Users/alinaqvi/Desktop/github_projects/avida/work/ecology_test_relative_cost_medium_run_9/data/detail-30437.spop
ecology_test_relative_cost_medium_run_9,ecology_test_relative_cost_medium,30437,4074,209,407400,y,sense-faced-resource0,88,0.00021600392734413354,/Users/alinaqvi/Desktop/github_projects/avida/work/ecology_test_relative_cost_medium_run_9/data/detail-30437.spop
ecology_test_relative_cost_medium_run_10,ecology_test_relative_cost_medium,413637,14756,1219,1475600,a,nop-B,71713,0.048599213879100024,/Users/alinaqvi/Desktop/github_projects/avida/work/ecology_test_relative_cost_medium_run_10/data/detail-413637.spop
ecology_test_relative_cost_medium_run_10,ecology_test_relative_cost_medium,413637,14756,1219,1475600,b,nop-C,370980,0.2514095960965031,/Users/alinaqvi/Desktop/github_projects/avida/work/ecology_test_relative_cost_medium_run_10/data/detail-413637.spop
ecology_test_relative_cost_medium_run_10,ecology_test_relative_cost_medium,413637,14756,1219,1475600,c,if-n-equ,47109,0.031925318514502574,/Users/alinaqvi/Desktop/github_projects/avida/work/ecology_test_relative_cost_medium_run_10/data/detail-413637.spop
ecology_test_relative_cost_medium_run_10,ecology_test_relative_cost_medium,413637,14756,1219,1475600,d,if-less,50900,0.03449444293846571,/Users/alinaqvi/Desktop/github_projects/avida/work/ecology_test_relative_cost_medium_run_10/data/detail-413637.spop
ecology_test_relative_cost_medium_run_10,ecology_test_relative_cost_medium,413637,14756,1219,1475600,e,if-not-0,21471,0.014550691244239631,/Users/alinaqvi/Desktop/github_projects/avida/work/ecology_test_relative_cost_medium_run_10/data/detail-413637.spop
ecology_test_relative_cost_medium_run_10,ecology_test_relative_cost_medium,413637,14756,1219,1475600,f,if-les-0,22657,0.015354432095418813,/Users/alinaqvi/Desktop/github_projects/avida/work/ecology_test_relative_cost_medium_run_10/data/detail-413637.spop
ecology_test_relative_cost_medium_run_10,ecology_test_relative_cost_medium,413637,14756,1219,1475600,g,if-grt-0,23737,0.016086337760910816,/Users/alinaqvi/Desktop/github_projects/avida/work/ecology_test_relative_cost_medium_run_10/data/detail-413637.spop
ecology_test_relative_cost_medium_run_10,ecology_test_relative_cost_medium,413637,14756,1219,1475600,h,if-label,53832,0.036481431282190294,/Users/alinaqvi/Desktop/github_projects/avida/work/ecology_test_relative_cost_medium_run_10/data/detail-413637.spop
ecology_test_relative_cost_medium_run_10,ecology_test_relative_cost_medium,413637,14756,1219,1475600,i,zero,49595,0.0336100569259962,/Users/alinaqvi/Desktop/github_projects/avida/work/ecology_test_relative_cost_medium_run_10/data/detail-413637.spop
ecology_test_relative_cost_medium_run_10,ecology_test_relative_cost_medium,413637,14756,1219,1475600,j,inc,30404,0.020604499864461914,/Users/alinaqvi/Desktop/github_projects/avida/work/ecology_test_relative_cost_medium_run_10/data/detail-413637.spop
ecology_test_relative_cost_medium_run_10,ecology_test_relative_cost_medium,413637,14756,1219,1475600,k,dec,27906,0.01891162916779615,/Users/alinaqvi/Desktop/github_projects/avida/work/ecology_test_relative_cost_medium_run_10/data/detail-413637.spop
ecology_test_relative_cost_medium_run_10,ecology_test_relative_cost_medium,413637,14756,1219,1475600,l,push,39537,0.026793846570886418,/Users/alinaqvi/Desktop/github_projects/avida/work/ecology_test_relative_cost_medium_run_10/data/detail-413637.spop
ecology_test_relative_cost_medium_run_10,ecology_test_relative_cost_medium,413637,14756,1219,1475600,m,pop,38922,0.026377066955814585,/Users/alinaqvi/Desktop/github_projects/avida/work/ecology_test_relative_cost_medium_run_10/data/detail-413637.spop
ecology_test_relative_cost_medium_run_10,ecology_test_relative_cost_medium,413637,14756,1219,1475600,n,swap-stk,45030,0.03051640010843047,/Users/alinaqvi/Desktop/github_projects/avida/work/ecology_test_relative_cost_medium_run_10/data/detail-413637.spop
ecology_test_relative_cost_medium_run_10,ecology_test_relative_cost_medium,413637,14756,1219,1475600,o,swap,20358,0.013796421794524262,/Users/alinaqvi/Desktop/github_projects/avida/work/ecology_test_relative_cost_medium_run_10/data/detail-413637.spop
ecology_test_relative_cost_medium_run_10,ecology_test_relative_cost_medium,413637,14756,1219,1475600,p,add,14262,0.00966522092708051,/Users/alinaqvi/Desktop/github_projects/avida/work/ecology_test_relative_cost_medium_run_10/data/detail-413637.spop
ecology_test_relative_cost_medium_run_10,ecology_test_relative_cost_medium,413637,14756,1219,1475600,q,sub,8522,0.005775277853076715,/Users/alinaqvi/Desktop/github_projects/avida/work/ecology_test_relative_cost_medium_run_10/data/detail-413637.spop
ecology_test_relative_cost_medium_run_10,ecology_test_relative_cost_medium,413637,14756,1219,1475600,r,nand,17927,0.012148956356736244,/Users/alinaqvi/Desktop/github_projects/avida/work/ecology_test_relative_cost_medium_run_10/data/detail-413637.spop
ecology_test_relative_cost_medium_run_10,ecology_test_relative_cost_medium,413637,14756,1219,1475600,s,repro,75721,0.051315397126592575,/Users/alinaqvi/Desktop/github_projects/avida/work/ecology_test_relative_cost_medium_run_10/data/detail-413637.spop
ecology_test_relative_cost_medium_run_10,ecology_test_relative_cost_medium,413637,14756,1219,1475600,t,repro-semel,1235,0.000836947682298726,/Users/alinaqvi/Desktop/github_projects/avida/work/ecology_test_relative_cost_medium_run_10/data/detail-413637.spop
ecology_test_relative_cost_medium_run_10,ecology_test_relative_cost_medium,413637,14756,1219,1475600,u,move,376181,0.2549342640281919,/Users/alinaqvi/Desktop/github_projects/avida/work/ecology_test_relative_cost_medium_run_10/data/detail-413637.spop
ecology_test_relative_cost_medium_run_10,ecology_test_relative_cost_medium,413637,14756,1219,1475600,v,rotate-left-one,35904,0.02433179723502304,/Users/alinaqvi/Desktop/github_projects/avida/work/ecology_test_relative_cost_medium_run_10/data/detail-413637.spop
ecology_test_relative_cost_medium_run_10,ecology_test_relative_cost_medium,413637,14756,1219,1475600,w,rotate-right-one,7200,0.004879371103280022,/Users/alinaqvi/Desktop/github_projects/avida/work/ecology_test_relative_cost_medium_run_10/data/detail-413637.spop
ecology_test_relative_cost_medium_run_10,ecology_test_relative_cost_medium,413637,14756,1219,1475600,x,sense-resource0,9575,0.006488885876931418,/Users/alinaqvi/Desktop/github_projects/avida/work/ecology_test_relative_cost_medium_run_10/data/detail-413637.spop
ecology_test_relative_cost_medium_run_10,ecology_test_relative_cost_medium,413637,14756,1219,1475600,y,sense-faced-resource0,14922,0.010112496611547846,/Users/alinaqvi/Desktop/github_projects/avida/work/ecology_test_relative_cost_medium_run_10/data/detail-413637.spop
ecology_test_relative_cost_medium_run_11,ecology_test_relative_cost_medium,381400,14617,1130,1461700,a,nop-B,81242,0.055580488472326744,/Users/alinaqvi/Desktop/github_projects/avida/work/ecology_test_relative_cost_medium_run_11/data/detail-381400.spop
ecology_test_relative_cost_medium_run_11,ecology_test_relative_cost_medium,381400,14617,1130,1461700,b,nop-C,444956,0.3044099336389136,/Users/alinaqvi/Desktop/github_projects/avida/work/ecology_test_relative_cost_medium_run_11/data/detail-381400.spop
ecology_test_relative_cost_medium_run_11,ecology_test_relative_cost_medium,381400,14617,1130,1461700,c,if-n-equ,7304,0.004996921392898679,/Users/alinaqvi/Desktop/github_projects/avida/work/ecology_test_relative_cost_medium_run_11/data/detail-381400.spop
ecology_test_relative_cost_medium_run_11,ecology_test_relative_cost_medium,381400,14617,1130,1461700,d,if-less,26222,0.01793938564684956,/Users/alinaqvi/Desktop/github_projects/avida/work/ecology_test_relative_cost_medium_run_11/data/detail-381400.spop
ecology_test_relative_cost_medium_run_11,ecology_test_relative_cost_medium,381400,14617,1130,1461700,e,if-not-0,59745,0.040873640281863584,/Users/alinaqvi/Desktop/github_projects/avida/work/ecology_test_relative_cost_medium_run_11/data/detail-381400.spop
ecology_test_relative_cost_medium_run_11,ecology_test_relative_cost_medium,381400,14617,1130,1461700,f,if-les-0,27021,0.01848600944106178,/Users/alinaqvi/Desktop/github_projects/avida/work/ecology_test_relative_cost_medium_run_11/data/detail-381400.spop
ecology_test_relative_cost_medium_run_11,ecology_test_relative_cost_medium,381400,14617,1130,1461700,g,if-grt-0,29022,0.01985496339878224,/Users/alinaqvi/Desktop/github_projects/avida/work/ecology_test_relative_cost_medium_run_11/data/detail-381400.spop
ecology_test_relative_cost_medium_run_11,ecology_test_relative_cost_medium,381400,14617,1130,1461700,h,if-label,66939,0.04579530683450776,/Users/alinaqvi/Desktop/github_projects/avida/work/ecology_test_relative_cost_medium_run_11/data/detail-381400.spop
ecology_test_relative_cost_medium_run_11,ecology_test_relative_cost_medium,381400,14617,1130,1461700,i,zero,825,0.0005644113019087364,/Users/alinaqvi/Desktop/github_projects/avida/work/ecology_test_relative_cost_medium_run_11/data/detail-381400.spop
ecology_test_relative_cost_medium_run_11,ecology_test_relative_cost_medium,381400,14617,1130,1461700,j,inc,36961,0.025286310460422796,/Users/alinaqvi/Desktop/github_projects/avida/work/ecology_test_relative_cost_medium_run_11/data/detail-381400.spop
ecology_test_relative_cost_medium_run_11,ecology_test_relative_cost_medium,381400,14617,1130,1461700,k,dec,21058,0.014406512964356572,/Users/alinaqvi/Desktop/github_projects/avida/work/ecology_test_relative_cost_medium_run_11/data/detail-381400.spop
ecology_test_relative_cost_medium_run_11,ecology_test_relative_cost_medium,381400,14617,1130,1461700,l,push,55320,0.03784634329889854,/Users/alinaqvi/Desktop/github_projects/avida/work/ecology_test_relative_cost_medium_run_11/data/detail-381400.spop
ecology_test_relative_cost_medium_run_11,ecology_test_relative_cost_medium,381400,14617,1130,1461700,m,pop,4140,0.00283231853321475,/Users/alinaqvi/Desktop/github_projects/avida/work/ecology_test_relative_cost_medium_run_11/data/detail-381400.spop
ecology_test_relative_cost_medium_run_11,ecology_test_relative_cost_medium,381400,14617,1130,1461700,n,swap-stk,1468,0.0010043100499418486,/Users/alinaqvi/Desktop/github_projects/avida/work/ecology_test_relative_cost_medium_run_11/data/detail-381400.spop
ecology_test_relative_cost_medium_run_11,ecology_test_relative_cost_medium,381400,14617,1130,1461700,o,swap,16020,0.010959841280700554,/Users/alinaqvi/Desktop/github_projects/avida/work/ecology_test_relative_cost_medium_run_11/data/detail-381400.spop
ecology_test_relative_cost_medium_run_11,ecology_test_relative_cost_medium,381400,14617,1130,1461700,p,add,37237,0.025475131695970446,/Users/alinaqvi/Desktop/github_projects/avida/work/ecology_test_relative_cost_medium_run_11/data/detail-381400.spop
ecology_test_relative_cost_medium_run_11,ecology_test_relative_cost_medium,381400,14617,1130,1461700,q,sub,11983,0.00819798864336047,/Users/alinaqvi/Desktop/github_projects/avida/work/ecology_test_relative_cost_medium_run_11/data/detail-381400.spop
ecology_test_relative_cost_medium_run_11,ecology_test_relative_cost_medium,381400,14617,1130,1461700,r,nand,34737,0.02376479441745912,/Users/alinaqvi/Desktop/github_projects/avida/work/ecology_test_relative_cost_medium_run_11/data/detail-381400.spop
ecology_test_relative_cost_medium_run_11,ecology_test_relative_cost_medium,381400,14617,1130,1461700,s,repro,64612,0.04420332489566942,/Users/alinaqvi/Desktop/github_projects/avida/work/ecology_test_relative_cost_medium_run_11/data/detail-381400.spop
ecology_test_relative_cost_medium_run_11,ecology_test_relative_cost_medium,381400,14617,1130,1461700,t,repro-semel,9539,0.006525962919887802,/Users/alinaqvi/Desktop/github_projects/avida/work/ecology_test_relative_cost_medium_run_11/data/detail-381400.spop
ecology_test_relative_cost_medium_run_11,ecology_test_relative_cost_medium,381400,14617,1130,1461700,u,move,377940,0.2585619484162277,/Users/alinaqvi/Desktop/github_projects/avida/work/ecology_test_relative_cost_medium_run_11/data/detail-381400.spop
ecology_test_relative_cost_medium_run_11,ecology_test_relative_cost_medium,381400,14617,1130,1461700,v,rotate-left-one,8815,0.006030649244030923,/Users/alinaqvi/Desktop/github_projects/avida/work/ecology_test_relative_cost_medium_run_11/data/detail-381400.spop
ecology_test_relative_cost_medium_run_11,ecology_test_relative_cost_medium,381400,14617,1130,1461700,w,rotate-right-one,1255,0.0008585893138126838,/Users/alinaqvi/Desktop/github_projects/avida/work/ecology_test_relative_cost_medium_run_11/data/detail-381400.spop
ecology_test_relative_cost_medium_run_11,ecology_test_relative_cost_medium,381400,14617,1130,1461700,x,sense-resource0,19291,0.013197646575904769,/Users/alinaqvi/Desktop/github_projects/avida/work/ecology_test_relative_cost_medium_run_11/data/detail-381400.spop
ecology_test_relative_cost_medium_run_11,ecology_test_relative_cost_medium,381400,14617,1130,1461700,y,sense-faced-resource0,18048,0.012347266881028938,/Users/alinaqvi/Desktop/github_projects/avida/work/ecology_test_relative_cost_medium_run_11/data/detail-381400.spop
ecology_test_relative_cost_medium_run_12,ecology_test_relative_cost_medium,381003,14197,1278,1419700,a,nop-B,104985,0.07394872156089315,/Users/alinaqvi/Desktop/github_projects/avida/work/ecology_test_relative_cost_medium_run_12/data/detail-381003.spop
ecology_test_relative_cost_medium_run_12,ecology_test_relative_cost_medium,381003,14197,1278,1419700,b,nop-C,368911,0.25985137705148975,/Users/alinaqvi/Desktop/github_projects/avida/work/ecology_test_relative_cost_medium_run_12/data/detail-381003.spop
ecology_test_relative_cost_medium_run_12,ecology_test_relative_cost_medium,381003,14197,1278,1419700,c,if-n-equ,17849,0.012572374445305345,/Users/alinaqvi/Desktop/github_projects/avida/work/ecology_test_relative_cost_medium_run_12/data/detail-381003.spop
ecology_test_relative_cost_medium_run_12,ecology_test_relative_cost_medium,381003,14197,1278,1419700,d,if-less,26524,0.018682820314150878,/Users/alinaqvi/Desktop/github_projects/avida/work/ecology_test_relative_cost_medium_run_12/data/detail-381003.spop
ecology_test_relative_cost_medium_run_12,ecology_test_relative_cost_medium,381003,14197,1278,1419700,e,if-not-0,43980,0.03097837571317884,/Users/alinaqvi/Desktop/github_projects/avida/work/ecology_test_relative_cost_medium_run_12/data/detail-381003.spop
ecology_test_relative_cost_medium_run_12,ecology_test_relative_cost_medium,381003,14197,1278,1419700,f,if-les-0,19538,0.01376206240755089,/Users/alinaqvi/Desktop/github_projects/avida/work/ecology_test_relative_cost_medium_run_12/data/detail-381003.spop
ecology_test_relative_cost_medium_run_12,ecology_test_relative_cost_medium,381003,14197,1278,1419700,g,if-grt-0,36071,0.02540748045361696,/Users/alinaqvi/Desktop/github_projects/avida/work/ecology_test_relative_cost_medium_run_12/data/detail-381003.spop
ecology_test_relative_cost_medium_run_12,ecology_test_relative_cost_medium,381003,14197,1278,1419700,h,if-label,95439,0.06722476579559061,/Users/alinaqvi/Desktop/github_projects/avida/work/ecology_test_relative_cost_medium_run_12/data/detail-381003.spop
ecology_test_relative_cost_medium_run_12,ecology_test_relative_cost_medium,381003,14197,1278,1419700,i,zero,18557,0.013071071353102768,/Users/alinaqvi/Desktop/github_projects/avida/work/ecology_test_relative_cost_medium_run_12/data/detail-381003.spop
ecology_test_relative_cost_medium_run_12,ecology_test_relative_cost_medium,381003,14197,1278,1419700,j,inc,17338,0.012212439247728394,/Users/alinaqvi/Desktop/github_projects/avida/work/ecology_test_relative_cost_medium_run_12/data/detail-381003.spop
ecology_test_relative_cost_medium_run_12,ecology_test_relative_cost_medium,381003,14197,1278,1419700,k,dec,5542,0.0039036416144255827,/Users/alinaqvi/Desktop/github_projects/avida/work/ecology_test_relative_cost_medium_run_12/data/detail-381003.spop
ecology_test_relative_cost_medium_run_12,ecology_test_relative_cost_medium,381003,14197,1278,1419700,l,push,35466,0.024981334084665775,/Users/alinaqvi/Desktop/github_projects/avida/work/ecology_test_relative_cost_medium_run_12/data/detail-381003.spop
ecology_test_relative_cost_medium_run_12,ecology_test_relative_cost_medium,381003,14197,1278,1419700,m,pop,1179,0.0008304571388321476,/Users/alinaqvi/Desktop/github_projects/avida/work/ecology_test_relative_cost_medium_run_12/data/detail-381003.spop
ecology_test_relative_cost_medium_run_12,ecology_test_relative_cost_medium,381003,14197,1278,1419700,n,swap-stk,18880,0.013298584207931253,/Users/alinaqvi/Desktop/github_projects/avida/work/ecology_test_relative_cost_medium_run_12/data/detail-381003.spop
ecology_test_relative_cost_medium_run_12,ecology_test_relative_cost_medium,381003,14197,1278,1419700,o,swap,25195,0.017746707050785376,/Users/alinaqvi/Desktop/github_projects/avida/work/ecology_test_relative_cost_medium_run_12/data/detail-381003.spop
ecology_test_relative_cost_medium_run_12,ecology_test_relative_cost_medium,381003,14197,1278,1419700,p,add,40318,0.028398957526237938,/Users/alinaqvi/Desktop/github_projects/avida/work/ecology_test_relative_cost_medium_run_12/data/detail-381003.spop
ecology_test_relative_cost_medium_run_12,ecology_test_relative_cost_medium,381003,14197,1278,1419700,q,sub,28412,0.020012678734944004,/Users/alinaqvi/Desktop/github_projects/avida/work/ecology_test_relative_cost_medium_run_12/data/detail-381003.spop
ecology_test_relative_cost_medium_run_12,ecology_test_relative_cost_medium,381003,14197,1278,1419700,r,nand,22734,0.016013242234274846,/Users/alinaqvi/Desktop/github_projects/avida/work/ecology_test_relative_cost_medium_run_12/data/detail-381003.spop
ecology_test_relative_cost_medium_run_12,ecology_test_relative_cost_medium,381003,14197,1278,1419700,s,repro,77547,0.05462210326125238,/Users/alinaqvi/Desktop/github_projects/avida/work/ecology_test_relative_cost_medium_run_12/data/detail-381003.spop
ecology_test_relative_cost_medium_run_12,ecology_test_relative_cost_medium,381003,14197,1278,1419700,t,repro-semel,25863,0.018217228992040573,/Users/alinaqvi/Desktop/github_projects/avida/work/ecology_test_relative_cost_medium_run_12/data/detail-381003.spop
ecology_test_relative_cost_medium_run_12,ecology_test_relative_cost_medium,381003,14197,1278,1419700,u,move,365526,0.2574670705078538,/Users/alinaqvi/Desktop/github_projects/avida/work/ecology_test_relative_cost_medium_run_12/data/detail-381003.spop
ecology_test_relative_cost_medium_run_12,ecology_test_relative_cost_medium,381003,14197,1278,1419700,v,rotate-left-one,19204,0.013526801436923294,/Users/alinaqvi/Desktop/github_projects/avida/work/ecology_test_relative_cost_medium_run_12/data/detail-381003.spop
ecology_test_relative_cost_medium_run_12,ecology_test_relative_cost_medium,381003,14197,1278,1419700,w,rotate-right-one,2743,0.0019320983306332323,/Users/alinaqvi/Desktop/github_projects/avida/work/ecology_test_relative_cost_medium_run_12/data/detail-381003.spop
ecology_test_relative_cost_medium_run_12,ecology_test_relative_cost_medium,381003,14197,1278,1419700,x,sense-resource0,1094,0.0007705853349299148,/Users/alinaqvi/Desktop/github_projects/avida/work/ecology_test_relative_cost_medium_run_12/data/detail-381003.spop
ecology_test_relative_cost_medium_run_12,ecology_test_relative_cost_medium,381003,14197,1278,1419700,y,sense-faced-resource0,805,0.000567021201662323,/Users/alinaqvi/Desktop/github_projects/avida/work/ecology_test_relative_cost_medium_run_12/data/detail-381003.spop
ecology_test_relative_cost_medium_run_13,ecology_test_relative_cost_medium,0,182,2,18200,a,nop-B,0,0.0,/Users/alinaqvi/Desktop/github_projects/avida/work/ecology_test_relative_cost_medium_run_13/data/detail-0.spop
ecology_test_relative_cost_medium_run_13,ecology_test_relative_cost_medium,0,182,2,18200,b,nop-C,17718,0.9735164835164836,/Users/alinaqvi/Desktop/github_projects/avida/work/ecology_test_relative_cost_medium_run_13/data/detail-0.spop
ecology_test_relative_cost_medium_run_13,ecology_test_relative_cost_medium,0,182,2,18200,c,if-n-equ,0,0.0,/Users/alinaqvi/Desktop/github_projects/avida/work/ecology_test_relative_cost_medium_run_13/data/detail-0.spop
ecology_test_relative_cost_medium_run_13,ecology_test_relative_cost_medium,0,182,2,18200,d,if-less,0,0.0,/Users/alinaqvi/Desktop/github_projects/avida/work/ecology_test_relative_cost_medium_run_13/data/detail-0.spop
ecology_test_relative_cost_medium_run_13,ecology_test_relative_cost_medium,0,182,2,18200,e,if-not-0,0,0.0,/Users/alinaqvi/Desktop/github_projects/avida/work/ecology_test_relative_cost_medium_run_13/data/detail-0.spop
ecology_test_relative_cost_medium_run_13,ecology_test_relative_cost_medium,0,182,2,18200,f,if-les-0,0,0.0,/Users/alinaqvi/Desktop/github_projects/avida/work/ecology_test_relative_cost_medium_run_13/data/detail-0.spop
ecology_test_relative_cost_medium_run_13,ecology_test_relative_cost_medium,0,182,2,18200,g,if-grt-0,0,0.0,/Users/alinaqvi/Desktop/github_projects/avida/work/ecology_test_relative_cost_medium_run_13/data/detail-0.spop
ecology_test_relative_cost_medium_run_13,ecology_test_relative_cost_medium,0,182,2,18200,h,if-label,0,0.0,/Users/alinaqvi/Desktop/github_projects/avida/work/ecology_test_relative_cost_medium_run_13/data/detail-0.spop
ecology_test_relative_cost_medium_run_13,ecology_test_relative_cost_medium,0,182,2,18200,i,zero,0,0.0,/Users/alinaqvi/Desktop/github_projects/avida/work/ecology_test_relative_cost_medium_run_13/data/detail-0.spop
ecology_test_relative_cost_medium_run_13,ecology_test_relative_cost_medium,0,182,2,18200,j,inc,0,0.0,/Users/alinaqvi/Desktop/github_projects/avida/work/ecology_test_relative_cost_medium_run_13/data/detail-0.spop
ecology_test_relative_cost_medium_run_13,ecology_test_relative_cost_medium,0,182,2,18200,k,dec,0,0.0,/Users/alinaqvi/Desktop/github_projects/avida/work/ecology_test_relative_cost_medium_run_13/data/detail-0.spop
ecology_test_relative_cost_medium_run_13,ecology_test_relative_cost_medium,0,182,2,18200,l,push,0,0.0,/Users/alinaqvi/Desktop/github_projects/avida/work/ecology_test_relative_cost_medium_run_13/data/detail-0.spop
ecology_test_relative_cost_medium_run_13,ecology_test_relative_cost_medium,0,182,2,18200,m,pop,0,0.0,/Users/alinaqvi/Desktop/github_projects/avida/work/ecology_test_relative_cost_medium_run_13/data/detail-0.spop
ecology_test_relative_cost_medium_run_13,ecology_test_relative_cost_medium,0,182,2,18200,n,swap-stk,0,0.0,/Users/alinaqvi/Desktop/github_projects/avida/work/ecology_test_relative_cost_medium_run_13/data/detail-0.spop
ecology_test_relative_cost_medium_run_13,ecology_test_relative_cost_medium,0,182,2,18200,o,swap,0,0.0,/Users/alinaqvi/Desktop/github_projects/avida/work/ecology_test_relative_cost_medium_run_13/data/detail-0.spop
ecology_test_relative_cost_medium_run_13,ecology_test_relative_cost_medium,0,182,2,18200,p,add,0,0.0,/Users/alinaqvi/Desktop/github_projects/avida/work/ecology_test_relative_cost_medium_run_13/data/detail-0.spop
ecology_test_relative_cost_medium_run_13,ecology_test_relative_cost_medium,0,182,2,18200,q,sub,0,0.0,/Users/alinaqvi/Desktop/github_projects/avida/work/ecology_test_relative_cost_medium_run_13/data/detail-0.spop
ecology_test_relative_cost_medium_run_13,ecology_test_relative_cost_medium,0,182,2,18200,r,nand,0,0.0,/Users/alinaqvi/Desktop/github_projects/avida/work/ecology_test_relative_cost_medium_run_13/data/detail-0.spop
ecology_test_relative_cost_medium_run_13,ecology_test_relative_cost_medium,0,182,2,18200,s,repro,400,0.02197802197802198,/Users/alinaqvi/Desktop/github_projects/avida/work/ecology_test_relative_cost_medium_run_13/data/detail-0.spop
ecology_test_relative_cost_medium_run_13,ecology_test_relative_cost_medium,0,182,2,18200,t,repro-semel,82,0.004505494505494505,/Users/alinaqvi/Desktop/github_projects/avida/work/ecology_test_relative_cost_medium_run_13/data/detail-0.spop
ecology_test_relative_cost_medium_run_13,ecology_test_relative_cost_medium,0,182,2,18200,u,move,0,0.0,/Users/alinaqvi/Desktop/github_projects/avida/work/ecology_test_relative_cost_medium_run_13/data/detail-0.spop
ecology_test_relative_cost_medium_run_13,ecology_test_relative_cost_medium,0,182,2,18200,v,rotate-left-one,0,0.0,/Users/alinaqvi/Desktop/github_projects/avida/work/ecology_test_relative_cost_medium_run_13/data/detail-0.spop
ecology_test_relative_cost_medium_run_13,ecology_test_relative_cost_medium,0,182,2,18200,w,rotate-right-one,0,0.0,/Users/alinaqvi/Desktop/github_projects/avida/work/ecology_test_relative_cost_medium_run_13/data/detail-0.spop
ecology_test_relative_cost_medium_run_13,ecology_test_relative_cost_medium,0,182,2,18200,x,sense-resource0,0,0.0,/Users/alinaqvi/Desktop/github_projects/avida/work/ecology_test_relative_cost_medium_run_13/data/detail-0.spop
ecology_test_relative_cost_medium_run_13,ecology_test_relative_cost_medium,0,182,2,18200,y,sense-faced-resource0,0,0.0,/Users/alinaqvi/Desktop/github_projects/avida/work/ecology_test_relative_cost_medium_run_13/data/detail-0.spop
ecology_test_relative_cost_medium_run_14,ecology_test_relative_cost_medium,412725,12100,1224,1210000,a,nop-B,38579,0.031883471074380165,/Users/alinaqvi/Desktop/github_projects/avida/work/ecology_test_relative_cost_medium_run_14/data/detail-412725.spop
ecology_test_relative_cost_medium_run_14,ecology_test_relative_cost_medium,412725,12100,1224,1210000,b,nop-C,263105,0.21744214876033058,/Users/alinaqvi/Desktop/github_projects/avida/work/ecology_test_relative_cost_medium_run_14/data/detail-412725.spop
ecology_test_relative_cost_medium_run_14,ecology_test_relative_cost_medium,412725,12100,1224,1210000,c,if-n-equ,44912,0.03711735537190083,/Users/alinaqvi/Desktop/github_projects/avida/work/ecology_test_relative_cost_medium_run_14/data/detail-412725.spop
ecology_test_relative_cost_medium_run_14,ecology_test_relative_cost_medium,412725,12100,1224,1210000,d,if-less,33047,0.027311570247933886,/Users/alinaqvi/Desktop/github_projects/avida/work/ecology_test_relative_cost_medium_run_14/data/detail-412725.spop
ecology_test_relative_cost_medium_run_14,ecology_test_relative_cost_medium,412725,12100,1224,1210000,e,if-not-0,35566,0.029393388429752067,/Users/alinaqvi/Desktop/github_projects/avida/work/ecology_test_relative_cost_medium_run_14/data/detail-412725.spop
ecology_test_relative_cost_medium_run_14,ecology_test_relative_cost_medium,412725,12100,1224,1210000,f,if-les-0,44200,0.03652892561983471,/Users/alinaqvi/Desktop/github_projects/avida/work/ecology_test_relative_cost_medium_run_14/data/detail-412725.spop
ecology_test_relative_cost_medium_run_14,ecology_test_relative_cost_medium,412725,12100,1224,1210000,g,if-grt-0,17329,0.014321487603305785,/Users/alinaqvi/Desktop/github_projects/avida/work/ecology_test_relative_cost_medium_run_14/data/detail-412725.spop
ecology_test_relative_cost_medium_run_14,ecology_test_relative_cost_medium,412725,12100,1224,1210000,h,if-label,27346,0.0226,/Users/alinaqvi/Desktop/github_projects/avida/work/ecology_test_relative_cost_medium_run_14/data/detail-412725.spop
ecology_test_relative_cost_medium_run_14,ecology_test_relative_cost_medium,412725,12100,1224,1210000,i,zero,33409,0.027610743801652893,/Users/alinaqvi/Desktop/github_projects/avida/work/ecology_test_relative_cost_medium_run_14/data/detail-412725.spop
ecology_test_relative_cost_medium_run_14,ecology_test_relative_cost_medium,412725,12100,1224,1210000,j,inc,21567,0.017823966942148762,/Users/alinaqvi/Desktop/github_projects/avida/work/ecology_test_relative_cost_medium_run_14/data/detail-412725.spop
ecology_test_relative_cost_medium_run_14,ecology_test_relative_cost_medium,412725,12100,1224,1210000,k,dec,44744,0.03697851239669422,/Users/alinaqvi/Desktop/github_projects/avida/work/ecology_test_relative_cost_medium_run_14/data/detail-412725.spop
ecology_test_relative_cost_medium_run_14,ecology_test_relative_cost_medium,412725,12100,1224,1210000,l,push,21577,0.017832231404958678,/Users/alinaqvi/Desktop/github_projects/avida/work/ecology_test_relative_cost_medium_run_14/data/detail-412725.spop
ecology_test_relative_cost_medium_run_14,ecology_test_relative_cost_medium,412725,12100,1224,1210000,m,pop,4513,0.0037297520661157026,/Users/alinaqvi/Desktop/github_projects/avida/work/ecology_test_relative_cost_medium_run_14/data/detail-412725.spop
ecology_test_relative_cost_medium_run_14,ecology_test_relative_cost_medium,412725,12100,1224,1210000,n,swap-stk,35996,0.02974876033057851,/Users/alinaqvi/Desktop/github_projects/avida/work/ecology_test_relative_cost_medium_run_14/data/detail-412725.spop
ecology_test_relative_cost_medium_run_14,ecology_test_relative_cost_medium,412725,12100,1224,1210000,o,swap,1969,0.0016272727272727272,/Users/alinaqvi/Desktop/github_projects/avida/work/ecology_test_relative_cost_medium_run_14/data/detail-412725.spop
ecology_test_relative_cost_medium_run_14,ecology_test_relative_cost_medium,412725,12100,1224,1210000,p,add,28245,0.02334297520661157,/Users/alinaqvi/Desktop/github_projects/avida/work/ecology_test_relative_cost_medium_run_14/data/detail-412725.spop
ecology_test_relative_cost_medium_run_14,ecology_test_relative_cost_medium,412725,12100,1224,1210000,q,sub,12565,0.010384297520661157,/Users/alinaqvi/Desktop/github_projects/avida/work/ecology_test_relative_cost_medium_run_14/data/detail-412725.spop
ecology_test_relative_cost_medium_run_14,ecology_test_relative_cost_medium,412725,12100,1224,1210000,r,nand,10167,0.008402479338842975,/Users/alinaqvi/Desktop/github_projects/avida/work/ecology_test_relative_cost_medium_run_14/data/detail-412725.spop
ecology_test_relative_cost_medium_run_14,ecology_test_relative_cost_medium,412725,12100,1224,1210000,s,repro,54708,0.04521322314049587,/Users/alinaqvi/Desktop/github_projects/avida/work/ecology_test_relative_cost_medium_run_14/data/detail-412725.spop
ecology_test_relative_cost_medium_run_14,ecology_test_relative_cost_medium,412725,12100,1224,1210000,t,repro-semel,20529,0.01696611570247934,/Users/alinaqvi/Desktop/github_projects/avida/work/ecology_test_relative_cost_medium_run_14/data/detail-412725.spop
ecology_test_relative_cost_medium_run_14,ecology_test_relative_cost_medium,412725,12100,1224,1210000,u,move,372287,0.3076752066115703,/Users/alinaqvi/Desktop/github_projects/avida/work/ecology_test_relative_cost_medium_run_14/data/detail-412725.spop
ecology_test_relative_cost_medium_run_14,ecology_test_relative_cost_medium,412725,12100,1224,1210000,v,rotate-left-one,12374,0.010226446280991735,/Users/alinaqvi/Desktop/github_projects/avida/work/ecology_test_relative_cost_medium_run_14/data/detail-412725.spop
ecology_test_relative_cost_medium_run_14,ecology_test_relative_cost_medium,412725,12100,1224,1210000,w,rotate-right-one,10123,0.008366115702479339,/Users/alinaqvi/Desktop/github_projects/avida/work/ecology_test_relative_cost_medium_run_14/data/detail-412725.spop
ecology_test_relative_cost_medium_run_14,ecology_test_relative_cost_medium,412725,12100,1224,1210000,x,sense-resource0,3317,0.0027413223140495867,/Users/alinaqvi/Desktop/github_projects/avida/work/ecology_test_relative_cost_medium_run_14/data/detail-412725.spop
ecology_test_relative_cost_medium_run_14,ecology_test_relative_cost_medium,412725,12100,1224,1210000,y,sense-faced-resource0,17826,0.014732231404958678,/Users/alinaqvi/Desktop/github_projects/avida/work/ecology_test_relative_cost_medium_run_14/data/detail-412725.spop
ecology_test_relative_cost_medium_run_15,ecology_test_relative_cost_medium,383325,15009,1430,1500900,a,nop-B,116358,0.07752548470917449,/Users/alinaqvi/Desktop/github_projects/avida/work/ecology_test_relative_cost_medium_run_15/data/detail-383325.spop
ecology_test_relative_cost_medium_run_15,ecology_test_relative_cost_medium,383325,15009,1430,1500900,b,nop-C,561061,0.37381637684056235,/Users/alinaqvi/Desktop/github_projects/avida/work/ecology_test_relative_cost_medium_run_15/data/detail-383325.spop
ecology_test_relative_cost_medium_run_15,ecology_test_relative_cost_medium,383325,15009,1430,1500900,c,if-n-equ,2141,0.001426477446865214,/Users/alinaqvi/Desktop/github_projects/avida/work/ecology_test_relative_cost_medium_run_15/data/detail-383325.spop
ecology_test_relative_cost_medium_run_15,ecology_test_relative_cost_medium,383325,15009,1430,1500900,d,if-less,31003,0.020656272902924912,/Users/alinaqvi/Desktop/github_projects/avida/work/ecology_test_relative_cost_medium_run_15/data/detail-383325.spop
ecology_test_relative_cost_medium_run_15,ecology_test_relative_cost_medium,383325,15009,1430,1500900,e,if-not-0,9833,0.00655140249183823,/Users/alinaqvi/Desktop/github_projects/avida/work/ecology_test_relative_cost_medium_run_15/data/detail-383325.spop
ecology_test_relative_cost_medium_run_15,ecology_test_relative_cost_medium,383325,15009,1430,1500900,f,if-les-0,60038,0.04000133253381304,/Users/alinaqvi/Desktop/github_projects/avida/work/ecology_test_relative_cost_medium_run_15/data/detail-383325.spop
ecology_test_relative_cost_medium_run_15,ecology_test_relative_cost_medium,383325,15009,1430,1500900,g,if-grt-0,3205,0.0021353854354054236,/Users/alinaqvi/Desktop/github_projects/avida/work/ecology_test_relative_cost_medium_run_15/data/detail-383325.spop
ecology_test_relative_cost_medium_run_15,ecology_test_relative_cost_medium,383325,15009,1430,1500900,h,if-label,75268,0.05014857752015457,/Users/alinaqvi/Desktop/github_projects/avida/work/ecology_test_relative_cost_medium_run_15/data/detail-383325.spop
ecology_test_relative_cost_medium_run_15,ecology_test_relative_cost_medium,383325,15009,1430,1500900,i,zero,46827,0.031199280431740955,/Users/alinaqvi/Desktop/github_projects/avida/work/ecology_test_relative_cost_medium_run_15/data/detail-383325.spop
ecology_test_relative_cost_medium_run_15,ecology_test_relative_cost_medium,383325,15009,1430,1500900,j,inc,22551,0.015024985008994603,/Users/alinaqvi/Desktop/github_projects/avida/work/ecology_test_relative_cost_medium_run_15/data/detail-383325.spop
ecology_test_relative_cost_medium_run_15,ecology_test_relative_cost_medium,383325,15009,1430,1500900,k,dec,31968,0.021299220467719367,/Users/alinaqvi/Desktop/github_projects/avida/work/ecology_test_relative_cost_medium_run_15/data/detail-383325.spop
ecology_test_relative_cost_medium_run_15,ecology_test_relative_cost_medium,383325,15009,1430,1500900,l,push,15892,0.01058831367845959,/Users/alinaqvi/Desktop/github_projects/avida/work/ecology_test_relative_cost_medium_run_15/data/detail-383325.spop
ecology_test_relative_cost_medium_run_15,ecology_test_relative_cost_medium,383325,15009,1430,1500900,m,pop,15152,0.010095276167632753,/Users/alinaqvi/Desktop/github_projects/avida/work/ecology_test_relative_cost_medium_run_15/data/detail-383325.spop
ecology_test_relative_cost_medium_run_15,ecology_test_relative_cost_medium,383325,15009,1430,1500900,n,swap-stk,14438,0.009619561596375508,/Users/alinaqvi/Desktop/github_projects/avida/work/ecology_test_relative_cost_medium_run_15/data/detail-383325.spop
ecology_test_relative_cost_medium_run_15,ecology_test_relative_cost_medium,383325,15009,1430,1500900,o,swap,765,0.0005096941834899061,/Users/alinaqvi/Desktop/github_projects/avida/work/ecology_test_relative_cost_medium_run_15/data/detail-383325.spop
ecology_test_relative_cost_medium_run_15,ecology_test_relative_cost_medium,383325,15009,1430,1500900,p,add,820,0.0005463388633486575,/Users/alinaqvi/Desktop/github_projects/avida/work/ecology_test_relative_cost_medium_run_15/data/detail-383325.spop
ecology_test_relative_cost_medium_run_15,ecology_test_relative_cost_medium,383325,15009,1430,1500900,q,sub,35740,0.02381237923912319,/Users/alinaqvi/Desktop/github_projects/avida/work/ecology_test_relative_cost_medium_run_15/data/detail-383325.spop
ecology_test_relative_cost_medium_run_15,ecology_test_relative_cost_medium,383325,15009,1430,1500900,r,nand,4710,0.0031381171297221668,/Users/alinaqvi/Desktop/github_projects/avida/work/ecology_test_relative_cost_medium_run_15/data/detail-383325.spop
ecology_test_relative_cost_medium_run_15,ecology_test_relative_cost_medium,383325,15009,1430,1500900,s,repro,41873,0.027898594176827236,/Users/alinaqvi/Desktop/github_projects/avida/work/ecology_test_relative_cost_medium_run_15/data/detail-383325.spop
ecology_test_relative_cost_medium_run_15,ecology_test_relative_cost_medium,383325,15009,1430,1500900,t,repro-semel,15570,0.010373775734559264,/Users/alinaqvi/Desktop/github_projects/avida/work/ecology_test_relative_cost_medium_run_15/data/detail-383325.spop
ecology_test_relative_cost_medium_run_15,ecology_test_relative_cost_medium,383325,15009,1430,1500900,u,move,342897,0.22846092344593244,/Users/alinaqvi/Desktop/github_projects/avida/work/ecology_test_relative_cost_medium_run_15/data/detail-383325.spop
ecology_test_relative_cost_medium_run_15,ecology_test_relative_cost_medium,383325,15009,1430,1500900,v,rotate-left-one,20749,0.013824372043440602,/Users/alinaqvi/Desktop/github_projects/avida/work/ecology_test_relative_cost_medium_run_15/data/detail-383325.spop
ecology_test_relative_cost_medium_run_15,ecology_test_relative_cost_medium,383325,15009,1430,1500900,w,rotate-right-one,14703,0.009796122326604038,/Users/alinaqvi/Desktop/github_projects/avida/work/ecology_test_relative_cost_medium_run_15/data/detail-383325.spop
ecology_test_relative_cost_medium_run_15,ecology_test_relative_cost_medium,383325,15009,1430,1500900,x,sense-resource0,1526,0.001016723299353721,/Users/alinaqvi/Desktop/github_projects/avida/work/ecology_test_relative_cost_medium_run_15/data/detail-383325.spop
ecology_test_relative_cost_medium_run_15,ecology_test_relative_cost_medium,383325,15009,1430,1500900,y,sense-faced-resource0,15812,0.010535012325937771,/Users/alinaqvi/Desktop/github_projects/avida/work/ecology_test_relative_cost_medium_run_15/data/detail-383325.spop
ecology_test_relative_cost_medium_run_16,ecology_test_relative_cost_medium,410952,13395,1147,1339500,a,nop-B,80748,0.06028219484882419,/Users/alinaqvi/Desktop/github_projects/avida/work/ecology_test_relative_cost_medium_run_16/data/detail-410952.spop
ecology_test_relative_cost_medium_run_16,ecology_test_relative_cost_medium,410952,13395,1147,1339500,b,nop-C,354323,0.26451885031728256,/Users/alinaqvi/Desktop/github_projects/avida/work/ecology_test_relative_cost_medium_run_16/data/detail-410952.spop
ecology_test_relative_cost_medium_run_16,ecology_test_relative_cost_medium,410952,13395,1147,1339500,c,if-n-equ,51890,0.03873833519970138,/Users/alinaqvi/Desktop/github_projects/avida/work/ecology_test_relative_cost_medium_run_16/data/detail-410952.spop
ecology_test_relative_cost_medium_run_16,ecology_test_relative_cost_medium,410952,13395,1147,1339500,d,if-less,40628,0.03033072041806644,/Users/alinaqvi/Desktop/github_projects/avida/work/ecology_test_relative_cost_medium_run_16/data/detail-410952.spop
ecology_test_relative_cost_medium_run_16,ecology_test_relative_cost_medium,410952,13395,1147,1339500,e,if-not-0,14835,0.011075027995520717,/Users/alinaqvi/Desktop/github_projects/avida/work/ecology_test_relative_cost_medium_run_16/data/detail-410952.spop
ecology_test_relative_cost_medium_run_16,ecology_test_relative_cost_medium,410952,13395,1147,1339500,f,if-les-0,30242,0.022577081000373273,/Users/alinaqvi/Desktop/github_projects/avida/work/ecology_test_relative_cost_medium_run_16/data/detail-410952.spop
ecology_test_relative_cost_medium_run_16,ecology_test_relative_cost_medium,410952,13395,1147,1339500,g,if-grt-0,12200,0.009107876073161627,/Users/alinaqvi/Desktop/github_projects/avida/work/ecology_test_relative_cost_medium_run_16/data/detail-410952.spop
ecology_test_relative_cost_medium_run_16,ecology_test_relative_cost_medium,410952,13395,1147,1339500,h,if-label,62271,0.04648824188129899,/Users/alinaqvi/Desktop/github_projects/avida/work/ecology_test_relative_cost_medium_run_16/data/detail-410952.spop
ecology_test_relative_cost_medium_run_16,ecology_test_relative_cost_medium,410952,13395,1147,1339500,i,zero,39688,0.02962896603210153,/Users/alinaqvi/Desktop/github_projects/avida/work/ecology_test_relative_cost_medium_run_16/data/detail-410952.spop
ecology_test_relative_cost_medium_run_16,ecology_test_relative_cost_medium,410952,13395,1147,1339500,j,inc,14628,0.010920492721164613,/Users/alinaqvi/Desktop/github_projects/avida/work/ecology_test_relative_cost_medium_run_16/data/detail-410952.spop
ecology_test_relative_cost_medium_run_16,ecology_test_relative_cost_medium,410952,13395,1147,1339500,k,dec,4199,0.0031347517730496454,/Users/alinaqvi/Desktop/github_projects/avida/work/ecology_test_relative_cost_medium_run_16/data/detail-410952.spop
ecology_test_relative_cost_medium_run_16,ecology_test_relative_cost_medium,410952,13395,1147,1339500,l,push,3779,0.00282120194102277,/Users/alinaqvi/Desktop/github_projects/avida/work/ecology_test_relative_cost_medium_run_16/data/detail-410952.spop
ecology_test_relative_cost_medium_run_16,ecology_test_relative_cost_medium,410952,13395,1147,1339500,m,pop,75037,0.05601866368047779,/Users/alinaqvi/Desktop/github_projects/avida/work/ecology_test_relative_cost_medium_run_16/data/detail-410952.spop
ecology_test_relative_cost_medium_run_16,ecology_test_relative_cost_medium,410952,13395,1147,1339500,n,swap-stk,26519,0.019797685703620754,/Users/alinaqvi/Desktop/github_projects/avida/work/ecology_test_relative_cost_medium_run_16/data/detail-410952.spop
ecology_test_relative_cost_medium_run_16,ecology_test_relative_cost_medium,410952,13395,1147,1339500,o,swap,14052,0.010490481522956327,/Users/alinaqvi/Desktop/github_projects/avida/work/ecology_test_relative_cost_medium_run_16/data/detail-410952.spop
ecology_test_relative_cost_medium_run_16,ecology_test_relative_cost_medium,410952,13395,1147,1339500,p,add,21583,0.01611272863008585,/Users/alinaqvi/Desktop/github_projects/avida/work/ecology_test_relative_cost_medium_run_16/data/detail-410952.spop
ecology_test_relative_cost_medium_run_16,ecology_test_relative_cost_medium,410952,13395,1147,1339500,q,sub,14069,0.010503172825681225,/Users/alinaqvi/Desktop/github_projects/avida/work/ecology_test_relative_cost_medium_run_16/data/detail-410952.spop
ecology_test_relative_cost_medium_run_16,ecology_test_relative_cost_medium,410952,13395,1147,1339500,r,nand,17374,0.012970511384845092,/Users/alinaqvi/Desktop/github_projects/avida/work/ecology_test_relative_cost_medium_run_16/data/detail-410952.spop
ecology_test_relative_cost_medium_run_16,ecology_test_relative_cost_medium,410952,13395,1147,1339500,s,repro,72144,0.053858902575587904,/Users/alinaqvi/Desktop/github_projects/avida/work/ecology_test_relative_cost_medium_run_16/data/detail-410952.spop
ecology_test_relative_cost_medium_run_16,ecology_test_relative_cost_medium,410952,13395,1147,1339500,t,repro-semel,28779,0.02148488241881299,/Users/alinaqvi/Desktop/github_projects/avida/work/ecology_test_relative_cost_medium_run_16/data/detail-410952.spop
ecology_test_relative_cost_medium_run_16,ecology_test_relative_cost_medium,410952,13395,1147,1339500,u,move,324145,0.24198954833893244,/Users/alinaqvi/Desktop/github_projects/avida/work/ecology_test_relative_cost_medium_run_16/data/detail-410952.spop
ecology_test_relative_cost_medium_run_16,ecology_test_relative_cost_medium,410952,13395,1147,1339500,v,rotate-left-one,13682,0.010214259051885033,/Users/alinaqvi/Desktop/github_projects/avida/work/ecology_test_relative_cost_medium_run_16/data/detail-410952.spop
ecology_test_relative_cost_medium_run_16,ecology_test_relative_cost_medium,410952,13395,1147,1339500,w,rotate-right-one,4808,0.003589399029488615,/Users/alinaqvi/Desktop/github_projects/avida/work/ecology_test_relative_cost_medium_run_16/data/detail-410952.spop
ecology_test_relative_cost_medium_run_16,ecology_test_relative_cost_medium,410952,13395,1147,1339500,x,sense-resource0,4832,0.0036073161627472937,/Users/alinaqvi/Desktop/github_projects/avida/work/ecology_test_relative_cost_medium_run_16/data/detail-410952.spop
ecology_test_relative_cost_medium_run_16,ecology_test_relative_cost_medium,410952,13395,1147,1339500,y,sense-faced-resource0,13045,0.009738708473310938,/Users/alinaqvi/Desktop/github_projects/avida/work/ecology_test_relative_cost_medium_run_16/data/detail-410952.spop
ecology_test_relative_cost_medium_run_17,ecology_test_relative_cost_medium,0,176,2,17600,a,nop-B,0,0.0,/Users/alinaqvi/Desktop/github_projects/avida/work/ecology_test_relative_cost_medium_run_17/data/detail-0.spop
ecology_test_relative_cost_medium_run_17,ecology_test_relative_cost_medium,0,176,2,17600,b,nop-C,17124,0.9729545454545454,/Users/alinaqvi/Desktop/github_projects/avida/work/ecology_test_relative_cost_medium_run_17/data/detail-0.spop
ecology_test_relative_cost_medium_run_17,ecology_test_relative_cost_medium,0,176,2,17600,c,if-n-equ,0,0.0,/Users/alinaqvi/Desktop/github_projects/avida/work/ecology_test_relative_cost_medium_run_17/data/detail-0.spop
ecology_test_relative_cost_medium_run_17,ecology_test_relative_cost_medium,0,176,2,17600,d,if-less,0,0.0,/Users/alinaqvi/Desktop/github_projects/avida/work/ecology_test_relative_cost_medium_run_17/data/detail-0.spop
ecology_test_relative_cost_medium_run_17,ecology_test_relative_cost_medium,0,176,2,17600,e,if-not-0,0,0.0,/Users/alinaqvi/Desktop/github_projects/avida/work/ecology_test_relative_cost_medium_run_17/data/detail-0.spop
ecology_test_relative_cost_medium_run_17,ecology_test_relative_cost_medium,0,176,2,17600,f,if-les-0,0,0.0,/Users/alinaqvi/Desktop/github_projects/avida/work/ecology_test_relative_cost_medium_run_17/data/detail-0.spop
ecology_test_relative_cost_medium_run_17,ecology_test_relative_cost_medium,0,176,2,17600,g,if-grt-0,0,0.0,/Users/alinaqvi/Desktop/github_projects/avida/work/ecology_test_relative_cost_medium_run_17/data/detail-0.spop
ecology_test_relative_cost_medium_run_17,ecology_test_relative_cost_medium,0,176,2,17600,h,if-label,0,0.0,/Users/alinaqvi/Desktop/github_projects/avida/work/ecology_test_relative_cost_medium_run_17/data/detail-0.spop
ecology_test_relative_cost_medium_run_17,ecology_test_relative_cost_medium,0,176,2,17600,i,zero,0,0.0,/Users/alinaqvi/Desktop/github_projects/avida/work/ecology_test_relative_cost_medium_run_17/data/detail-0.spop
ecology_test_relative_cost_medium_run_17,ecology_test_relative_cost_medium,0,176,2,17600,j,inc,0,0.0,/Users/alinaqvi/Desktop/github_projects/avida/work/ecology_test_relative_cost_medium_run_17/data/detail-0.spop
ecology_test_relative_cost_medium_run_17,ecology_test_relative_cost_medium,0,176,2,17600,k,dec,0,0.0,/Users/alinaqvi/Desktop/github_projects/avida/work/ecology_test_relative_cost_medium_run_17/data/detail-0.spop
ecology_test_relative_cost_medium_run_17,ecology_test_relative_cost_medium,0,176,2,17600,l,push,0,0.0,/Users/alinaqvi/Desktop/github_projects/avida/work/ecology_test_relative_cost_medium_run_17/data/detail-0.spop
ecology_test_relative_cost_medium_run_17,ecology_test_relative_cost_medium,0,176,2,17600,m,pop,0,0.0,/Users/alinaqvi/Desktop/github_projects/avida/work/ecology_test_relative_cost_medium_run_17/data/detail-0.spop
ecology_test_relative_cost_medium_run_17,ecology_test_relative_cost_medium,0,176,2,17600,n,swap-stk,0,0.0,/Users/alinaqvi/Desktop/github_projects/avida/work/ecology_test_relative_cost_medium_run_17/data/detail-0.spop
ecology_test_relative_cost_medium_run_17,ecology_test_relative_cost_medium,0,176,2,17600,o,swap,0,0.0,/Users/alinaqvi/Desktop/github_projects/avida/work/ecology_test_relative_cost_medium_run_17/data/detail-0.spop
ecology_test_relative_cost_medium_run_17,ecology_test_relative_cost_medium,0,176,2,17600,p,add,0,0.0,/Users/alinaqvi/Desktop/github_projects/avida/work/ecology_test_relative_cost_medium_run_17/data/detail-0.spop
ecology_test_relative_cost_medium_run_17,ecology_test_relative_cost_medium,0,176,2,17600,q,sub,0,0.0,/Users/alinaqvi/Desktop/github_projects/avida/work/ecology_test_relative_cost_medium_run_17/data/detail-0.spop
ecology_test_relative_cost_medium_run_17,ecology_test_relative_cost_medium,0,176,2,17600,r,nand,0,0.0,/Users/alinaqvi/Desktop/github_projects/avida/work/ecology_test_relative_cost_medium_run_17/data/detail-0.spop
ecology_test_relative_cost_medium_run_17,ecology_test_relative_cost_medium,0,176,2,17600,s,repro,400,0.022727272727272728,/Users/alinaqvi/Desktop/github_projects/avida/work/ecology_test_relative_cost_medium_run_17/data/detail-0.spop
ecology_test_relative_cost_medium_run_17,ecology_test_relative_cost_medium,0,176,2,17600,t,repro-semel,76,0.004318181818181818,/Users/alinaqvi/Desktop/github_projects/avida/work/ecology_test_relative_cost_medium_run_17/data/detail-0.spop
ecology_test_relative_cost_medium_run_17,ecology_test_relative_cost_medium,0,176,2,17600,u,move,0,0.0,/Users/alinaqvi/Desktop/github_projects/avida/work/ecology_test_relative_cost_medium_run_17/data/detail-0.spop
ecology_test_relative_cost_medium_run_17,ecology_test_relative_cost_medium,0,176,2,17600,v,rotate-left-one,0,0.0,/Users/alinaqvi/Desktop/github_projects/avida/work/ecology_test_relative_cost_medium_run_17/data/detail-0.spop
ecology_test_relative_cost_medium_run_17,ecology_test_relative_cost_medium,0,176,2,17600,w,rotate-right-one,0,0.0,/Users/alinaqvi/Desktop/github_projects/avida/work/ecology_test_relative_cost_medium_run_17/data/detail-0.spop
ecology_test_relative_cost_medium_run_17,ecology_test_relative_cost_medium,0,176,2,17600,x,sense-resource0,0,0.0,/Users/alinaqvi/Desktop/github_projects/avida/work/ecology_test_relative_cost_medium_run_17/data/detail-0.spop
ecology_test_relative_cost_medium_run_17,ecology_test_relative_cost_medium,0,176,2,17600,y,sense-faced-resource0,0,0.0,/Users/alinaqvi/Desktop/github_projects/avida/work/ecology_test_relative_cost_medium_run_17/data/detail-0.spop
ecology_test_relative_cost_medium_run_18,ecology_test_relative_cost_medium,0,166,2,16600,a,nop-B,0,0.0,/Users/alinaqvi/Desktop/github_projects/avida/work/ecology_test_relative_cost_medium_run_18/data/detail-0.spop
ecology_test_relative_cost_medium_run_18,ecology_test_relative_cost_medium,0,166,2,16600,b,nop-C,16134,0.9719277108433735,/Users/alinaqvi/Desktop/github_projects/avida/work/ecology_test_relative_cost_medium_run_18/data/detail-0.spop
ecology_test_relative_cost_medium_run_18,ecology_test_relative_cost_medium,0,166,2,16600,c,if-n-equ,0,0.0,/Users/alinaqvi/Desktop/github_projects/avida/work/ecology_test_relative_cost_medium_run_18/data/detail-0.spop
ecology_test_relative_cost_medium_run_18,ecology_test_relative_cost_medium,0,166,2,16600,d,if-less,0,0.0,/Users/alinaqvi/Desktop/github_projects/avida/work/ecology_test_relative_cost_medium_run_18/data/detail-0.spop
ecology_test_relative_cost_medium_run_18,ecology_test_relative_cost_medium,0,166,2,16600,e,if-not-0,0,0.0,/Users/alinaqvi/Desktop/github_projects/avida/work/ecology_test_relative_cost_medium_run_18/data/detail-0.spop
ecology_test_relative_cost_medium_run_18,ecology_test_relative_cost_medium,0,166,2,16600,f,if-les-0,0,0.0,/Users/alinaqvi/Desktop/github_projects/avida/work/ecology_test_relative_cost_medium_run_18/data/detail-0.spop
ecology_test_relative_cost_medium_run_18,ecology_test_relative_cost_medium,0,166,2,16600,g,if-grt-0,0,0.0,/Users/alinaqvi/Desktop/github_projects/avida/work/ecology_test_relative_cost_medium_run_18/data/detail-0.spop
ecology_test_relative_cost_medium_run_18,ecology_test_relative_cost_medium,0,166,2,16600,h,if-label,0,0.0,/Users/alinaqvi/Desktop/github_projects/avida/work/ecology_test_relative_cost_medium_run_18/data/detail-0.spop
ecology_test_relative_cost_medium_run_18,ecology_test_relative_cost_medium,0,166,2,16600,i,zero,0,0.0,/Users/alinaqvi/Desktop/github_projects/avida/work/ecology_test_relative_cost_medium_run_18/data/detail-0.spop
ecology_test_relative_cost_medium_run_18,ecology_test_relative_cost_medium,0,166,2,16600,j,inc,0,0.0,/Users/alinaqvi/Desktop/github_projects/avida/work/ecology_test_relative_cost_medium_run_18/data/detail-0.spop
ecology_test_relative_cost_medium_run_18,ecology_test_relative_cost_medium,0,166,2,16600,k,dec,0,0.0,/Users/alinaqvi/Desktop/github_projects/avida/work/ecology_test_relative_cost_medium_run_18/data/detail-0.spop
ecology_test_relative_cost_medium_run_18,ecology_test_relative_cost_medium,0,166,2,16600,l,push,0,0.0,/Users/alinaqvi/Desktop/github_projects/avida/work/ecology_test_relative_cost_medium_run_18/data/detail-0.spop
ecology_test_relative_cost_medium_run_18,ecology_test_relative_cost_medium,0,166,2,16600,m,pop,0,0.0,/Users/alinaqvi/Desktop/github_projects/avida/work/ecology_test_relative_cost_medium_run_18/data/detail-0.spop
ecology_test_relative_cost_medium_run_18,ecology_test_relative_cost_medium,0,166,2,16600,n,swap-stk,0,0.0,/Users/alinaqvi/Desktop/github_projects/avida/work/ecology_test_relative_cost_medium_run_18/data/detail-0.spop
ecology_test_relative_cost_medium_run_18,ecology_test_relative_cost_medium,0,166,2,16600,o,swap,0,0.0,/Users/alinaqvi/Desktop/github_projects/avida/work/ecology_test_relative_cost_medium_run_18/data/detail-0.spop
ecology_test_relative_cost_medium_run_18,ecology_test_relative_cost_medium,0,166,2,16600,p,add,0,0.0,/Users/alinaqvi/Desktop/github_projects/avida/work/ecology_test_relative_cost_medium_run_18/data/detail-0.spop
ecology_test_relative_cost_medium_run_18,ecology_test_relative_cost_medium,0,166,2,16600,q,sub,0,0.0,/Users/alinaqvi/Desktop/github_projects/avida/work/ecology_test_relative_cost_medium_run_18/data/detail-0.spop
ecology_test_relative_cost_medium_run_18,ecology_test_relative_cost_medium,0,166,2,16600,r,nand,0,0.0,/Users/alinaqvi/Desktop/github_projects/avida/work/ecology_test_relative_cost_medium_run_18/data/detail-0.spop
ecology_test_relative_cost_medium_run_18,ecology_test_relative_cost_medium,0,166,2,16600,s,repro,400,0.024096385542168676,/Users/alinaqvi/Desktop/github_projects/avida/work/ecology_test_relative_cost_medium_run_18/data/detail-0.spop
ecology_test_relative_cost_medium_run_18,ecology_test_relative_cost_medium,0,166,2,16600,t,repro-semel,66,0.003975903614457831,/Users/alinaqvi/Desktop/github_projects/avida/work/ecology_test_relative_cost_medium_run_18/data/detail-0.spop
ecology_test_relative_cost_medium_run_18,ecology_test_relative_cost_medium,0,166,2,16600,u,move,0,0.0,/Users/alinaqvi/Desktop/github_projects/avida/work/ecology_test_relative_cost_medium_run_18/data/detail-0.spop
ecology_test_relative_cost_medium_run_18,ecology_test_relative_cost_medium,0,166,2,16600,v,rotate-left-one,0,0.0,/Users/alinaqvi/Desktop/github_projects/avida/work/ecology_test_relative_cost_medium_run_18/data/detail-0.spop
ecology_test_relative_cost_medium_run_18,ecology_test_relative_cost_medium,0,166,2,16600,w,rotate-right-one,0,0.0,/Users/alinaqvi/Desktop/github_projects/avida/work/ecology_test_relative_cost_medium_run_18/data/detail-0.spop
ecology_test_relative_cost_medium_run_18,ecology_test_relative_cost_medium,0,166,2,16600,x,sense-resource0,0,0.0,/Users/alinaqvi/Desktop/github_projects/avida/work/ecology_test_relative_cost_medium_run_18/data/detail-0.spop
ecology_test_relative_cost_medium_run_18,ecology_test_relative_cost_medium,0,166,2,16600,y,sense-faced-resource0,0,0.0,/Users/alinaqvi/Desktop/github_projects/avida/work/ecology_test_relative_cost_medium_run_18/data/detail-0.spop
ecology_test_relative_cost_medium_run_19,ecology_test_relative_cost_medium,382812,12336,1125,1233600,a,nop-B,39430,0.031963359273670555,/Users/alinaqvi/Desktop/github_projects/avida/work/ecology_test_relative_cost_medium_run_19/data/detail-382812.spop
ecology_test_relative_cost_medium_run_19,ecology_test_relative_cost_medium,382812,12336,1125,1233600,b,nop-C,329147,0.26681825551232163,/Users/alinaqvi/Desktop/github_projects/avida/work/ecology_test_relative_cost_medium_run_19/data/detail-382812.spop
ecology_test_relative_cost_medium_run_19,ecology_test_relative_cost_medium,382812,12336,1125,1233600,c,if-n-equ,33589,0.027228437094682232,/Users/alinaqvi/Desktop/github_projects/avida/work/ecology_test_relative_cost_medium_run_19/data/detail-382812.spop
ecology_test_relative_cost_medium_run_19,ecology_test_relative_cost_medium,382812,12336,1125,1233600,d,if-less,37781,0.030626621271076526,/Users/alinaqvi/Desktop/github_projects/avida/work/ecology_test_relative_cost_medium_run_19/data/detail-382812.spop
ecology_test_relative_cost_medium_run_19,ecology_test_relative_cost_medium,382812,12336,1125,1233600,e,if-not-0,21895,0.017748865110246433,/Users/alinaqvi/Desktop/github_projects/avida/work/ecology_test_relative_cost_medium_run_19/data/detail-382812.spop
ecology_test_relative_cost_medium_run_19,ecology_test_relative_cost_medium,382812,12336,1125,1233600,f,if-les-0,14299,0.0115912775616083,/Users/alinaqvi/Desktop/github_projects/avida/work/ecology_test_relative_cost_medium_run_19/data/detail-382812.spop
ecology_test_relative_cost_medium_run_19,ecology_test_relative_cost_medium,382812,12336,1125,1233600,g,if-grt-0,15208,0.012328145265888456,/Users/alinaqvi/Desktop/github_projects/avida/work/ecology_test_relative_cost_medium_run_19/data/detail-382812.spop
ecology_test_relative_cost_medium_run_19,ecology_test_relative_cost_medium,382812,12336,1125,1233600,h,if-label,44711,0.036244325551232165,/Users/alinaqvi/Desktop/github_projects/avida/work/ecology_test_relative_cost_medium_run_19/data/detail-382812.spop
ecology_test_relative_cost_medium_run_19,ecology_test_relative_cost_medium,382812,12336,1125,1233600,i,zero,4477,0.0036292153047989624,/Users/alinaqvi/Desktop/github_projects/avida/work/ecology_test_relative_cost_medium_run_19/data/detail-382812.spop
ecology_test_relative_cost_medium_run_19,ecology_test_relative_cost_medium,382812,12336,1125,1233600,j,inc,9794,0.007939364461738003,/Users/alinaqvi/Desktop/github_projects/avida/work/ecology_test_relative_cost_medium_run_19/data/detail-382812.spop
ecology_test_relative_cost_medium_run_19,ecology_test_relative_cost_medium,382812,12336,1125,1233600,k,dec,4610,0.003737029831387808,/Users/alinaqvi/Desktop/github_projects/avida/work/ecology_test_relative_cost_medium_run_19/data/detail-382812.spop
ecology_test_relative_cost_medium_run_19,ecology_test_relative_cost_medium,382812,12336,1125,1233600,l,push,24066,0.01950875486381323,/Users/alinaqvi/Desktop/github_projects/avida/work/ecology_test_relative_cost_medium_run_19/data/detail-382812.spop
ecology_test_relative_cost_medium_run_19,ecology_test_relative_cost_medium,382812,12336,1125,1233600,m,pop,14308,0.011598573281452659,/Users/alinaqvi/Desktop/github_projects/avida/work/ecology_test_relative_cost_medium_run_19/data/detail-382812.spop
ecology_test_relative_cost_medium_run_19,ecology_test_relative_cost_medium,382812,12336,1125,1233600,n,swap-stk,9210,0.0074659533073929965,/Users/alinaqvi/Desktop/github_projects/avida/work/ecology_test_relative_cost_medium_run_19/data/detail-382812.spop
ecology_test_relative_cost_medium_run_19,ecology_test_relative_cost_medium,382812,12336,1125,1233600,o,swap,4155,0.0033681906614785994,/Users/alinaqvi/Desktop/github_projects/avida/work/ecology_test_relative_cost_medium_run_19/data/detail-382812.spop
ecology_test_relative_cost_medium_run_19,ecology_test_relative_cost_medium,382812,12336,1125,1233600,p,add,21843,0.01770671206225681,/Users/alinaqvi/Desktop/github_projects/avida/work/ecology_test_relative_cost_medium_run_19/data/detail-382812.spop
ecology_test_relative_cost_medium_run_19,ecology_test_relative_cost_medium,382812,12336,1125,1233600,q,sub,38317,0.031061121919584954,/Users/alinaqvi/Desktop/github_projects/avida/work/ecology_test_relative_cost_medium_run_19/data/detail-382812.spop
ecology_test_relative_cost_medium_run_19,ecology_test_relative_cost_medium,382812,12336,1125,1233600,r,nand,27104,0.021971465629053177,/Users/alinaqvi/Desktop/github_projects/avida/work/ecology_test_relative_cost_medium_run_19/data/detail-382812.spop
ecology_test_relative_cost_medium_run_19,ecology_test_relative_cost_medium,382812,12336,1125,1233600,s,repro,64184,0.05202983138780804,/Users/alinaqvi/Desktop/github_projects/avida/work/ecology_test_relative_cost_medium_run_19/data/detail-382812.spop
ecology_test_relative_cost_medium_run_19,ecology_test_relative_cost_medium,382812,12336,1125,1233600,t,repro-semel,6565,0.005321822308690013,/Users/alinaqvi/Desktop/github_projects/avida/work/ecology_test_relative_cost_medium_run_19/data/detail-382812.spop
ecology_test_relative_cost_medium_run_19,ecology_test_relative_cost_medium,382812,12336,1125,1233600,u,move,365129,0.29598654345006487,/Users/alinaqvi/Desktop/github_projects/avida/work/ecology_test_relative_cost_medium_run_19/data/detail-382812.spop
ecology_test_relative_cost_medium_run_19,ecology_test_relative_cost_medium,382812,12336,1125,1233600,v,rotate-left-one,27178,0.022031452658884565,/Users/alinaqvi/Desktop/github_projects/avida/work/ecology_test_relative_cost_medium_run_19/data/detail-382812.spop
ecology_test_relative_cost_medium_run_19,ecology_test_relative_cost_medium,382812,12336,1125,1233600,w,rotate-right-one,1488,0.001206225680933852,/Users/alinaqvi/Desktop/github_projects/avida/work/ecology_test_relative_cost_medium_run_19/data/detail-382812.spop
ecology_test_relative_cost_medium_run_19,ecology_test_relative_cost_medium,382812,12336,1125,1233600,x,sense-resource0,48667,0.039451199740596625,/Users/alinaqvi/Desktop/github_projects/avida/work/ecology_test_relative_cost_medium_run_19/data/detail-382812.spop
ecology_test_relative_cost_medium_run_19,ecology_test_relative_cost_medium,382812,12336,1125,1233600,y,sense-faced-resource0,26445,0.02143725680933852,/Users/alinaqvi/Desktop/github_projects/avida/work/ecology_test_relative_cost_medium_run_19/data/detail-382812.spop
ecology_test_relative_cost_medium_run_20,ecology_test_relative_cost_medium,412232,12449,1340,1244900,a,nop-B,42892,0.03445417302594586,/Users/alinaqvi/Desktop/github_projects/avida/work/ecology_test_relative_cost_medium_run_20/data/detail-412232.spop
ecology_test_relative_cost_medium_run_20,ecology_test_relative_cost_medium,412232,12449,1340,1244900,b,nop-C,330901,0.26580528556510563,/Users/alinaqvi/Desktop/github_projects/avida/work/ecology_test_relative_cost_medium_run_20/data/detail-412232.spop
ecology_test_relative_cost_medium_run_20,ecology_test_relative_cost_medium,412232,12449,1340,1244900,c,if-n-equ,14047,0.011283637239938952,/Users/alinaqvi/Desktop/github_projects/avida/work/ecology_test_relative_cost_medium_run_20/data/detail-412232.spop
ecology_test_relative_cost_medium_run_20,ecology_test_relative_cost_medium,412232,12449,1340,1244900,d,if-less,64547,0.05184914450959916,/Users/alinaqvi/Desktop/github_projects/avida/work/ecology_test_relative_cost_medium_run_20/data/detail-412232.spop
ecology_test_relative_cost_medium_run_20,ecology_test_relative_cost_medium,412232,12449,1340,1244900,e,if-not-0,32898,0.02642621897341152,/Users/alinaqvi/Desktop/github_projects/avida/work/ecology_test_relative_cost_medium_run_20/data/detail-412232.spop
ecology_test_relative_cost_medium_run_20,ecology_test_relative_cost_medium,412232,12449,1340,1244900,f,if-les-0,71056,0.05707767692184111,/Users/alinaqvi/Desktop/github_projects/avida/work/ecology_test_relative_cost_medium_run_20/data/detail-412232.spop
ecology_test_relative_cost_medium_run_20,ecology_test_relative_cost_medium,412232,12449,1340,1244900,g,if-grt-0,12595,0.01011727849626476,/Users/alinaqvi/Desktop/github_projects/avida/work/ecology_test_relative_cost_medium_run_20/data/detail-412232.spop
ecology_test_relative_cost_medium_run_20,ecology_test_relative_cost_medium,412232,12449,1340,1244900,h,if-label,28154,0.022615471122178488,/Users/alinaqvi/Desktop/github_projects/avida/work/ecology_test_relative_cost_medium_run_20/data/detail-412232.spop
ecology_test_relative_cost_medium_run_20,ecology_test_relative_cost_medium,412232,12449,1340,1244900,i,zero,13823,0.011103703108683428,/Users/alinaqvi/Desktop/github_projects/avida/work/ecology_test_relative_cost_medium_run_20/data/detail-412232.spop
ecology_test_relative_cost_medium_run_20,ecology_test_relative_cost_medium,412232,12449,1340,1244900,j,inc,37519,0.030138163707928347,/Users/alinaqvi/Desktop/github_projects/avida/work/ecology_test_relative_cost_medium_run_20/data/detail-412232.spop
ecology_test_relative_cost_medium_run_20,ecology_test_relative_cost_medium,412232,12449,1340,1244900,k,dec,2708,0.0021752751224997993,/Users/alinaqvi/Desktop/github_projects/avida/work/ecology_test_relative_cost_medium_run_20/data/detail-412232.spop
ecology_test_relative_cost_medium_run_20,ecology_test_relative_cost_medium,412232,12449,1340,1244900,l,push,28370,0.0227889790344606,/Users/alinaqvi/Desktop/github_projects/avida/work/ecology_test_relative_cost_medium_run_20/data/detail-412232.spop
ecology_test_relative_cost_medium_run_20,ecology_test_relative_cost_medium,412232,12449,1340,1244900,m,pop,21123,0.01696762792192144,/Users/alinaqvi/Desktop/github_projects/avida/work/ecology_test_relative_cost_medium_run_20/data/detail-412232.spop
ecology_test_relative_cost_medium_run_20,ecology_test_relative_cost_medium,412232,12449,1340,1244900,n,swap-stk,5129,0.00412000963932846,/Users/alinaqvi/Desktop/github_projects/avida/work/ecology_test_relative_cost_medium_run_20/data/detail-412232.spop
ecology_test_relative_cost_medium_run_20,ecology_test_relative_cost_medium,412232,12449,1340,1244900,o,swap,54071,0.04343401076391678,/Users/alinaqvi/Desktop/github_projects/avida/work/ecology_test_relative_cost_medium_run_20/data/detail-412232.spop
ecology_test_relative_cost_medium_run_20,ecology_test_relative_cost_medium,412232,12449,1340,1244900,p,add,28524,0.02291268374969877,/Users/alinaqvi/Desktop/github_projects/avida/work/ecology_test_relative_cost_medium_run_20/data/detail-412232.spop
ecology_test_relative_cost_medium_run_20,ecology_test_relative_cost_medium,412232,12449,1340,1244900,q,sub,37551,0.030163868583821994,/Users/alinaqvi/Desktop/github_projects/avida/work/ecology_test_relative_cost_medium_run_20/data/detail-412232.spop
ecology_test_relative_cost_medium_run_20,ecology_test_relative_cost_medium,412232,12449,1340,1244900,r,nand,1258,0.0010105229335689613,/Users/alinaqvi/Desktop/github_projects/avida/work/ecology_test_relative_cost_medium_run_20/data/detail-412232.spop
ecology_test_relative_cost_medium_run_20,ecology_test_relative_cost_medium,412232,12449,1340,1244900,s,repro,55904,0.0449064181861997,/Users/alinaqvi/Desktop/github_projects/avida/work/ecology_test_relative_cost_medium_run_20/data/detail-412232.spop
ecology_test_relative_cost_medium_run_20,ecology_test_relative_cost_medium,412232,12449,1340,1244900,t,repro-semel,1550,0.0012450799260984818,/Users/alinaqvi/Desktop/github_projects/avida/work/ecology_test_relative_cost_medium_run_20/data/detail-412232.spop
ecology_test_relative_cost_medium_run_20,ecology_test_relative_cost_medium,412232,12449,1340,1244900,u,move,313629,0.25193107880151017,/Users/alinaqvi/Desktop/github_projects/avida/work/ecology_test_relative_cost_medium_run_20/data/detail-412232.spop
ecology_test_relative_cost_medium_run_20,ecology_test_relative_cost_medium,412232,12449,1340,1244900,v,rotate-left-one,22114,0.01776367579725279,/Users/alinaqvi/Desktop/github_projects/avida/work/ecology_test_relative_cost_medium_run_20/data/detail-412232.spop
ecology_test_relative_cost_medium_run_20,ecology_test_relative_cost_medium,412232,12449,1340,1244900,w,rotate-right-one,10103,0.008115511286047072,/Users/alinaqvi/Desktop/github_projects/avida/work/ecology_test_relative_cost_medium_run_20/data/detail-412232.spop
ecology_test_relative_cost_medium_run_20,ecology_test_relative_cost_medium,412232,12449,1340,1244900,x,sense-resource0,555,0.0004458189412804241,/Users/alinaqvi/Desktop/github_projects/avida/work/ecology_test_relative_cost_medium_run_20/data/detail-412232.spop
ecology_test_relative_cost_medium_run_20,ecology_test_relative_cost_medium,412232,12449,1340,1244900,y,sense-faced-resource0,13879,0.01114868664149731,/Users/alinaqvi/Desktop/github_projects/avida/work/ecology_test_relative_cost_medium_run_20/data/detail-412232.spop
ecology_test_relative_cost_slow_run_1,ecology_test_relative_cost_slow,353432,11889,1216,1188900,a,nop-B,62345,0.05243922953991084,/Users/alinaqvi/Desktop/github_projects/avida/work/ecology_test_relative_cost_slow_run_1/data/detail-353432.spop
ecology_test_relative_cost_slow_run_1,ecology_test_relative_cost_slow,353432,11889,1216,1188900,b,nop-C,313769,0.2639153839683741,/Users/alinaqvi/Desktop/github_projects/avida/work/ecology_test_relative_cost_slow_run_1/data/detail-353432.spop
ecology_test_relative_cost_slow_run_1,ecology_test_relative_cost_slow,353432,11889,1216,1188900,c,if-n-equ,20576,0.01730675414248465,/Users/alinaqvi/Desktop/github_projects/avida/work/ecology_test_relative_cost_slow_run_1/data/detail-353432.spop
ecology_test_relative_cost_slow_run_1,ecology_test_relative_cost_slow,353432,11889,1216,1188900,d,if-less,20886,0.017567499369164775,/Users/alinaqvi/Desktop/github_projects/avida/work/ecology_test_relative_cost_slow_run_1/data/detail-353432.spop
ecology_test_relative_cost_slow_run_1,ecology_test_relative_cost_slow,353432,11889,1216,1188900,e,if-not-0,27632,0.023241651947178064,/Users/alinaqvi/Desktop/github_projects/avida/work/ecology_test_relative_cost_slow_run_1/data/detail-353432.spop
ecology_test_relative_cost_slow_run_1,ecology_test_relative_cost_slow,353432,11889,1216,1188900,f,if-les-0,48819,0.04106232652031289,/Users/alinaqvi/Desktop/github_projects/avida/work/ecology_test_relative_cost_slow_run_1/data/detail-353432.spop
ecology_test_relative_cost_slow_run_1,ecology_test_relative_cost_slow,353432,11889,1216,1188900,g,if-grt-0,5145,0.004327529649255615,/Users/alinaqvi/Desktop/github_projects/avida/work/ecology_test_relative_cost_slow_run_1/data/detail-353432.spop
ecology_test_relative_cost_slow_run_1,ecology_test_relative_cost_slow,353432,11889,1216,1188900,h,if-label,54044,0.04545714526032467,/Users/alinaqvi/Desktop/github_projects/avida/work/ecology_test_relative_cost_slow_run_1/data/detail-353432.spop
ecology_test_relative_cost_slow_run_1,ecology_test_relative_cost_slow,353432,11889,1216,1188900,i,zero,39181,0.03295567331146438,/Users/alinaqvi/Desktop/github_projects/avida/work/ecology_test_relative_cost_slow_run_1/data/detail-353432.spop
ecology_test_relative_cost_slow_run_1,ecology_test_relative_cost_slow,353432,11889,1216,1188900,j,inc,24126,0.0202927075447893,/Users/alinaqvi/Desktop/github_projects/avida/work/ecology_test_relative_cost_slow_run_1/data/detail-353432.spop
ecology_test_relative_cost_slow_run_1,ecology_test_relative_cost_slow,353432,11889,1216,1188900,k,dec,15356,0.012916140970645135,/Users/alinaqvi/Desktop/github_projects/avida/work/ecology_test_relative_cost_slow_run_1/data/detail-353432.spop
ecology_test_relative_cost_slow_run_1,ecology_test_relative_cost_slow,353432,11889,1216,1188900,l,push,14241,0.011978299268231138,/Users/alinaqvi/Desktop/github_projects/avida/work/ecology_test_relative_cost_slow_run_1/data/detail-353432.spop
ecology_test_relative_cost_slow_run_1,ecology_test_relative_cost_slow,353432,11889,1216,1188900,m,pop,19122,0.01608377491799142,/Users/alinaqvi/Desktop/github_projects/avida/work/ecology_test_relative_cost_slow_run_1/data/detail-353432.spop
ecology_test_relative_cost_slow_run_1,ecology_test_relative_cost_slow,353432,11889,1216,1188900,n,swap-stk,2629,0.0022112877449743462,/Users/alinaqvi/Desktop/github_projects/avida/work/ecology_test_relative_cost_slow_run_1/data/detail-353432.spop
ecology_test_relative_cost_slow_run_1,ecology_test_relative_cost_slow,353432,11889,1216,1188900,o,swap,23031,0.019371688115064345,/Users/alinaqvi/Desktop/github_projects/avida/work/ecology_test_relative_cost_slow_run_1/data/detail-353432.spop
ecology_test_relative_cost_slow_run_1,ecology_test_relative_cost_slow,353432,11889,1216,1188900,p,add,25676,0.021596433678189923,/Users/alinaqvi/Desktop/github_projects/avida/work/ecology_test_relative_cost_slow_run_1/data/detail-353432.spop
ecology_test_relative_cost_slow_run_1,ecology_test_relative_cost_slow,353432,11889,1216,1188900,q,sub,14803,0.01245100513079317,/Users/alinaqvi/Desktop/github_projects/avida/work/ecology_test_relative_cost_slow_run_1/data/detail-353432.spop
ecology_test_relative_cost_slow_run_1,ecology_test_relative_cost_slow,353432,11889,1216,1188900,r,nand,30922,0.02600891580452519,/Users/alinaqvi/Desktop/github_projects/avida/work/ecology_test_relative_cost_slow_run_1/data/detail-353432.spop
ecology_test_relative_cost_slow_run_1,ecology_test_relative_cost_slow,353432,11889,1216,1188900,s,repro,55340,0.04654722853057448,/Users/alinaqvi/Desktop/github_projects/avida/work/ecology_test_relative_cost_slow_run_1/data/detail-353432.spop
ecology_test_relative_cost_slow_run_1,ecology_test_relative_cost_slow,353432,11889,1216,1188900,t,repro-semel,7926,0.006666666666666667,/Users/alinaqvi/Desktop/github_projects/avida/work/ecology_test_relative_cost_slow_run_1/data/detail-353432.spop
ecology_test_relative_cost_slow_run_1,ecology_test_relative_cost_slow,353432,11889,1216,1188900,u,move,290579,0.24440995878543192,/Users/alinaqvi/Desktop/github_projects/avida/work/ecology_test_relative_cost_slow_run_1/data/detail-353432.spop
ecology_test_relative_cost_slow_run_1,ecology_test_relative_cost_slow,353432,11889,1216,1188900,v,rotate-left-one,17970,0.0151148120111027,/Users/alinaqvi/Desktop/github_projects/avida/work/ecology_test_relative_cost_slow_run_1/data/detail-353432.spop
ecology_test_relative_cost_slow_run_1,ecology_test_relative_cost_slow,353432,11889,1216,1188900,w,rotate-right-one,13474,0.011333165110606443,/Users/alinaqvi/Desktop/github_projects/avida/work/ecology_test_relative_cost_slow_run_1/data/detail-353432.spop
ecology_test_relative_cost_slow_run_1,ecology_test_relative_cost_slow,353432,11889,1216,1188900,x,sense-resource0,31252,0.026286483303894357,/Users/alinaqvi/Desktop/github_projects/avida/work/ecology_test_relative_cost_slow_run_1/data/detail-353432.spop
ecology_test_relative_cost_slow_run_1,ecology_test_relative_cost_slow,353432,11889,1216,1188900,y,sense-faced-resource0,10056,0.008458238708049457,/Users/alinaqvi/Desktop/github_projects/avida/work/ecology_test_relative_cost_slow_run_1/data/detail-353432.spop
ecology_test_relative_cost_slow_run_2,ecology_test_relative_cost_slow,355462,14941,1430,1494100,a,nop-B,62130,0.04158356201057493,/Users/alinaqvi/Desktop/github_projects/avida/work/ecology_test_relative_cost_slow_run_2/data/detail-355462.spop
ecology_test_relative_cost_slow_run_2,ecology_test_relative_cost_slow,355462,14941,1430,1494100,b,nop-C,584930,0.3914932066126765,/Users/alinaqvi/Desktop/github_projects/avida/work/ecology_test_relative_cost_slow_run_2/data/detail-355462.spop
ecology_test_relative_cost_slow_run_2,ecology_test_relative_cost_slow,355462,14941,1430,1494100,c,if-n-equ,5475,0.0036644133592129043,/Users/alinaqvi/Desktop/github_projects/avida/work/ecology_test_relative_cost_slow_run_2/data/detail-355462.spop
ecology_test_relative_cost_slow_run_2,ecology_test_relative_cost_slow,355462,14941,1430,1494100,d,if-less,1694,0.0011337929188140017,/Users/alinaqvi/Desktop/github_projects/avida/work/ecology_test_relative_cost_slow_run_2/data/detail-355462.spop
ecology_test_relative_cost_slow_run_2,ecology_test_relative_cost_slow,355462,14941,1430,1494100,e,if-not-0,13448,0.009000736229168062,/Users/alinaqvi/Desktop/github_projects/avida/work/ecology_test_relative_cost_slow_run_2/data/detail-355462.spop
ecology_test_relative_cost_slow_run_2,ecology_test_relative_cost_slow,355462,14941,1430,1494100,f,if-les-0,60242,0.04031992503848471,/Users/alinaqvi/Desktop/github_projects/avida/work/ecology_test_relative_cost_slow_run_2/data/detail-355462.spop
ecology_test_relative_cost_slow_run_2,ecology_test_relative_cost_slow,355462,14941,1430,1494100,g,if-grt-0,2620,0.0017535640184726592,/Users/alinaqvi/Desktop/github_projects/avida/work/ecology_test_relative_cost_slow_run_2/data/detail-355462.spop
ecology_test_relative_cost_slow_run_2,ecology_test_relative_cost_slow,355462,14941,1430,1494100,h,if-label,51157,0.03423934140954421,/Users/alinaqvi/Desktop/github_projects/avida/work/ecology_test_relative_cost_slow_run_2/data/detail-355462.spop
ecology_test_relative_cost_slow_run_2,ecology_test_relative_cost_slow,355462,14941,1430,1494100,i,zero,2453,0.0016417910447761193,/Users/alinaqvi/Desktop/github_projects/avida/work/ecology_test_relative_cost_slow_run_2/data/detail-355462.spop
ecology_test_relative_cost_slow_run_2,ecology_test_relative_cost_slow,355462,14941,1430,1494100,j,inc,64069,0.042881333244093434,/Users/alinaqvi/Desktop/github_projects/avida/work/ecology_test_relative_cost_slow_run_2/data/detail-355462.spop
ecology_test_relative_cost_slow_run_2,ecology_test_relative_cost_slow,355462,14941,1430,1494100,k,dec,5981,0.004003078776520982,/Users/alinaqvi/Desktop/github_projects/avida/work/ecology_test_relative_cost_slow_run_2/data/detail-355462.spop
ecology_test_relative_cost_slow_run_2,ecology_test_relative_cost_slow,355462,14941,1430,1494100,l,push,26487,0.017727729067666155,/Users/alinaqvi/Desktop/github_projects/avida/work/ecology_test_relative_cost_slow_run_2/data/detail-355462.spop
ecology_test_relative_cost_slow_run_2,ecology_test_relative_cost_slow,355462,14941,1430,1494100,m,pop,1441,0.0009644602101599626,/Users/alinaqvi/Desktop/github_projects/avida/work/ecology_test_relative_cost_slow_run_2/data/detail-355462.spop
ecology_test_relative_cost_slow_run_2,ecology_test_relative_cost_slow,355462,14941,1430,1494100,n,swap-stk,14985,0.010029449166722442,/Users/alinaqvi/Desktop/github_projects/avida/work/ecology_test_relative_cost_slow_run_2/data/detail-355462.spop
ecology_test_relative_cost_slow_run_2,ecology_test_relative_cost_slow,355462,14941,1430,1494100,o,swap,4881,0.0032668496084599426,/Users/alinaqvi/Desktop/github_projects/avida/work/ecology_test_relative_cost_slow_run_2/data/detail-355462.spop
ecology_test_relative_cost_slow_run_2,ecology_test_relative_cost_slow,355462,14941,1430,1494100,p,add,27083,0.0181266314169065,/Users/alinaqvi/Desktop/github_projects/avida/work/ecology_test_relative_cost_slow_run_2/data/detail-355462.spop
ecology_test_relative_cost_slow_run_2,ecology_test_relative_cost_slow,355462,14941,1430,1494100,q,sub,38361,0.025674988287263237,/Users/alinaqvi/Desktop/github_projects/avida/work/ecology_test_relative_cost_slow_run_2/data/detail-355462.spop
ecology_test_relative_cost_slow_run_2,ecology_test_relative_cost_slow,355462,14941,1430,1494100,r,nand,17548,0.011744863128304665,/Users/alinaqvi/Desktop/github_projects/avida/work/ecology_test_relative_cost_slow_run_2/data/detail-355462.spop
ecology_test_relative_cost_slow_run_2,ecology_test_relative_cost_slow,355462,14941,1430,1494100,s,repro,85448,0.057190281774981595,/Users/alinaqvi/Desktop/github_projects/avida/work/ecology_test_relative_cost_slow_run_2/data/detail-355462.spop
ecology_test_relative_cost_slow_run_2,ecology_test_relative_cost_slow,355462,14941,1430,1494100,t,repro-semel,3755,0.0025132186600629143,/Users/alinaqvi/Desktop/github_projects/avida/work/ecology_test_relative_cost_slow_run_2/data/detail-355462.spop
ecology_test_relative_cost_slow_run_2,ecology_test_relative_cost_slow,355462,14941,1430,1494100,u,move,360505,0.24128572384713207,/Users/alinaqvi/Desktop/github_projects/avida/work/ecology_test_relative_cost_slow_run_2/data/detail-355462.spop
ecology_test_relative_cost_slow_run_2,ecology_test_relative_cost_slow,355462,14941,1430,1494100,v,rotate-left-one,11275,0.007546348972625661,/Users/alinaqvi/Desktop/github_projects/avida/work/ecology_test_relative_cost_slow_run_2/data/detail-355462.spop
ecology_test_relative_cost_slow_run_2,ecology_test_relative_cost_slow,355462,14941,1430,1494100,w,rotate-right-one,537,0.0003594136938625259,/Users/alinaqvi/Desktop/github_projects/avida/work/ecology_test_relative_cost_slow_run_2/data/detail-355462.spop
ecology_test_relative_cost_slow_run_2,ecology_test_relative_cost_slow,355462,14941,1430,1494100,x,sense-resource0,16081,0.010763001137808714,/Users/alinaqvi/Desktop/github_projects/avida/work/ecology_test_relative_cost_slow_run_2/data/detail-355462.spop
ecology_test_relative_cost_slow_run_2,ecology_test_relative_cost_slow,355462,14941,1430,1494100,y,sense-faced-resource0,31514,0.021092296365705105,/Users/alinaqvi/Desktop/github_projects/avida/work/ecology_test_relative_cost_slow_run_2/data/detail-355462.spop
ecology_test_relative_cost_slow_run_3,ecology_test_relative_cost_slow,412764,12189,1384,1218900,a,nop-B,72863,0.059777668389531545,/Users/alinaqvi/Desktop/github_projects/avida/work/ecology_test_relative_cost_slow_run_3/data/detail-412764.spop
ecology_test_relative_cost_slow_run_3,ecology_test_relative_cost_slow,412764,12189,1384,1218900,b,nop-C,332237,0.2725711707277053,/Users/alinaqvi/Desktop/github_projects/avida/work/ecology_test_relative_cost_slow_run_3/data/detail-412764.spop
ecology_test_relative_cost_slow_run_3,ecology_test_relative_cost_slow,412764,12189,1384,1218900,c,if-n-equ,49483,0.04059643941258512,/Users/alinaqvi/Desktop/github_projects/avida/work/ecology_test_relative_cost_slow_run_3/data/detail-412764.spop
ecology_test_relative_cost_slow_run_3,ecology_test_relative_cost_slow,412764,12189,1384,1218900,d,if-less,41270,0.03385839691525146,/Users/alinaqvi/Desktop/github_projects/avida/work/ecology_test_relative_cost_slow_run_3/data/detail-412764.spop
ecology_test_relative_cost_slow_run_3,ecology_test_relative_cost_slow,412764,12189,1384,1218900,e,if-not-0,36829,0.03021494790384773,/Users/alinaqvi/Desktop/github_projects/avida/work/ecology_test_relative_cost_slow_run_3/data/detail-412764.spop
ecology_test_relative_cost_slow_run_3,ecology_test_relative_cost_slow,412764,12189,1384,1218900,f,if-les-0,14427,0.011836081713019937,/Users/alinaqvi/Desktop/github_projects/avida/work/ecology_test_relative_cost_slow_run_3/data/detail-412764.spop
ecology_test_relative_cost_slow_run_3,ecology_test_relative_cost_slow,412764,12189,1384,1218900,g,if-grt-0,26028,0.02135367954713266,/Users/alinaqvi/Desktop/github_projects/avida/work/ecology_test_relative_cost_slow_run_3/data/detail-412764.spop
ecology_test_relative_cost_slow_run_3,ecology_test_relative_cost_slow,412764,12189,1384,1218900,h,if-label,45064,0.03697103946180983,/Users/alinaqvi/Desktop/github_projects/avida/work/ecology_test_relative_cost_slow_run_3/data/detail-412764.spop
ecology_test_relative_cost_slow_run_3,ecology_test_relative_cost_slow,412764,12189,1384,1218900,i,zero,34823,0.028569201739273114,/Users/alinaqvi/Desktop/github_projects/avida/work/ecology_test_relative_cost_slow_run_3/data/detail-412764.spop
ecology_test_relative_cost_slow_run_3,ecology_test_relative_cost_slow,412764,12189,1384,1218900,j,inc,25137,0.020622692591681025,/Users/alinaqvi/Desktop/github_projects/avida/work/ecology_test_relative_cost_slow_run_3/data/detail-412764.spop
ecology_test_relative_cost_slow_run_3,ecology_test_relative_cost_slow,412764,12189,1384,1218900,k,dec,13175,0.010808926080892609,/Users/alinaqvi/Desktop/github_projects/avida/work/ecology_test_relative_cost_slow_run_3/data/detail-412764.spop
ecology_test_relative_cost_slow_run_3,ecology_test_relative_cost_slow,412764,12189,1384,1218900,l,push,2826,0.0023184838789072114,/Users/alinaqvi/Desktop/github_projects/avida/work/ecology_test_relative_cost_slow_run_3/data/detail-412764.spop
ecology_test_relative_cost_slow_run_3,ecology_test_relative_cost_slow,412764,12189,1384,1218900,m,pop,42266,0.03467552711461153,/Users/alinaqvi/Desktop/github_projects/avida/work/ecology_test_relative_cost_slow_run_3/data/detail-412764.spop
ecology_test_relative_cost_slow_run_3,ecology_test_relative_cost_slow,412764,12189,1384,1218900,n,swap-stk,14527,0.011918122897694642,/Users/alinaqvi/Desktop/github_projects/avida/work/ecology_test_relative_cost_slow_run_3/data/detail-412764.spop
ecology_test_relative_cost_slow_run_3,ecology_test_relative_cost_slow,412764,12189,1384,1218900,o,swap,24082,0.01975715809336287,/Users/alinaqvi/Desktop/github_projects/avida/work/ecology_test_relative_cost_slow_run_3/data/detail-412764.spop
ecology_test_relative_cost_slow_run_3,ecology_test_relative_cost_slow,412764,12189,1384,1218900,p,add,13939,0.011435720731807368,/Users/alinaqvi/Desktop/github_projects/avida/work/ecology_test_relative_cost_slow_run_3/data/detail-412764.spop
ecology_test_relative_cost_slow_run_3,ecology_test_relative_cost_slow,412764,12189,1384,1218900,q,sub,13841,0.011355320370826155,/Users/alinaqvi/Desktop/github_projects/avida/work/ecology_test_relative_cost_slow_run_3/data/detail-412764.spop
ecology_test_relative_cost_slow_run_3,ecology_test_relative_cost_slow,412764,12189,1384,1218900,r,nand,15697,0.012878004758388711,/Users/alinaqvi/Desktop/github_projects/avida/work/ecology_test_relative_cost_slow_run_3/data/detail-412764.spop
ecology_test_relative_cost_slow_run_3,ecology_test_relative_cost_slow,412764,12189,1384,1218900,s,repro,46977,0.03854048732463697,/Users/alinaqvi/Desktop/github_projects/avida/work/ecology_test_relative_cost_slow_run_3/data/detail-412764.spop
ecology_test_relative_cost_slow_run_3,ecology_test_relative_cost_slow,412764,12189,1384,1218900,t,repro-semel,24259,0.0199023709902371,/Users/alinaqvi/Desktop/github_projects/avida/work/ecology_test_relative_cost_slow_run_3/data/detail-412764.spop
ecology_test_relative_cost_slow_run_3,ecology_test_relative_cost_slow,412764,12189,1384,1218900,u,move,256161,0.21015751907457544,/Users/alinaqvi/Desktop/github_projects/avida/work/ecology_test_relative_cost_slow_run_3/data/detail-412764.spop
ecology_test_relative_cost_slow_run_3,ecology_test_relative_cost_slow,412764,12189,1384,1218900,v,rotate-left-one,36955,0.030318319796537863,/Users/alinaqvi/Desktop/github_projects/avida/work/ecology_test_relative_cost_slow_run_3/data/detail-412764.spop
ecology_test_relative_cost_slow_run_3,ecology_test_relative_cost_slow,412764,12189,1384,1218900,w,rotate-right-one,13283,0.010897530560341291,/Users/alinaqvi/Desktop/github_projects/avida/work/ecology_test_relative_cost_slow_run_3/data/detail-412764.spop
ecology_test_relative_cost_slow_run_3,ecology_test_relative_cost_slow,412764,12189,1384,1218900,x,sense-resource0,1103,0.0009049142669620149,/Users/alinaqvi/Desktop/github_projects/avida/work/ecology_test_relative_cost_slow_run_3/data/detail-412764.spop
ecology_test_relative_cost_slow_run_3,ecology_test_relative_cost_slow,412764,12189,1384,1218900,y,sense-faced-resource0,21648,0.017760275658380505,/Users/alinaqvi/Desktop/github_projects/avida/work/ecology_test_relative_cost_slow_run_3/data/detail-412764.spop
ecology_test_relative_cost_slow_run_4,ecology_test_relative_cost_slow,417769,11681,1501,1168100,a,nop-B,34138,0.029225237565276944,/Users/alinaqvi/Desktop/github_projects/avida/work/ecology_test_relative_cost_slow_run_4/data/detail-417769.spop
ecology_test_relative_cost_slow_run_4,ecology_test_relative_cost_slow,417769,11681,1501,1168100,b,nop-C,287928,0.24649259481208802,/Users/alinaqvi/Desktop/github_projects/avida/work/ecology_test_relative_cost_slow_run_4/data/detail-417769.spop
ecology_test_relative_cost_slow_run_4,ecology_test_relative_cost_slow,417769,11681,1501,1168100,c,if-n-equ,17086,0.014627172331136033,/Users/alinaqvi/Desktop/github_projects/avida/work/ecology_test_relative_cost_slow_run_4/data/detail-417769.spop
ecology_test_relative_cost_slow_run_4,ecology_test_relative_cost_slow,417769,11681,1501,1168100,d,if-less,19573,0.01675627086722027,/Users/alinaqvi/Desktop/github_projects/avida/work/ecology_test_relative_cost_slow_run_4/data/detail-417769.spop
ecology_test_relative_cost_slow_run_4,ecology_test_relative_cost_slow,417769,11681,1501,1168100,e,if-not-0,32244,0.027603801044431126,/Users/alinaqvi/Desktop/github_projects/avida/work/ecology_test_relative_cost_slow_run_4/data/detail-417769.spop
ecology_test_relative_cost_slow_run_4,ecology_test_relative_cost_slow,417769,11681,1501,1168100,f,if-les-0,46247,0.03959164455098022,/Users/alinaqvi/Desktop/github_projects/avida/work/ecology_test_relative_cost_slow_run_4/data/detail-417769.spop
ecology_test_relative_cost_slow_run_4,ecology_test_relative_cost_slow,417769,11681,1501,1168100,g,if-grt-0,9276,0.007941100933139286,/Users/alinaqvi/Desktop/github_projects/avida/work/ecology_test_relative_cost_slow_run_4/data/detail-417769.spop
ecology_test_relative_cost_slow_run_4,ecology_test_relative_cost_slow,417769,11681,1501,1168100,h,if-label,36879,0.031571783237736496,/Users/alinaqvi/Desktop/github_projects/avida/work/ecology_test_relative_cost_slow_run_4/data/detail-417769.spop
ecology_test_relative_cost_slow_run_4,ecology_test_relative_cost_slow,417769,11681,1501,1168100,i,zero,21324,0.018255286362468967,/Users/alinaqvi/Desktop/github_projects/avida/work/ecology_test_relative_cost_slow_run_4/data/detail-417769.spop
ecology_test_relative_cost_slow_run_4,ecology_test_relative_cost_slow,417769,11681,1501,1168100,j,inc,29450,0.025211882544302715,/Users/alinaqvi/Desktop/github_projects/avida/work/ecology_test_relative_cost_slow_run_4/data/detail-417769.spop
ecology_test_relative_cost_slow_run_4,ecology_test_relative_cost_slow,417769,11681,1501,1168100,k,dec,13769,0.011787518191935622,/Users/alinaqvi/Desktop/github_projects/avida/work/ecology_test_relative_cost_slow_run_4/data/detail-417769.spop
ecology_test_relative_cost_slow_run_4,ecology_test_relative_cost_slow,417769,11681,1501,1168100,l,push,29003,0.02482920982792569,/Users/alinaqvi/Desktop/github_projects/avida/work/ecology_test_relative_cost_slow_run_4/data/detail-417769.spop
ecology_test_relative_cost_slow_run_4,ecology_test_relative_cost_slow,417769,11681,1501,1168100,m,pop,31702,0.027139799674685387,/Users/alinaqvi/Desktop/github_projects/avida/work/ecology_test_relative_cost_slow_run_4/data/detail-417769.spop
ecology_test_relative_cost_slow_run_4,ecology_test_relative_cost_slow,417769,11681,1501,1168100,n,swap-stk,20405,0.017468538652512626,/Users/alinaqvi/Desktop/github_projects/avida/work/ecology_test_relative_cost_slow_run_4/data/detail-417769.spop
ecology_test_relative_cost_slow_run_4,ecology_test_relative_cost_slow,417769,11681,1501,1168100,o,swap,9747,0.00834431983563051,/Users/alinaqvi/Desktop/github_projects/avida/work/ecology_test_relative_cost_slow_run_4/data/detail-417769.spop
ecology_test_relative_cost_slow_run_4,ecology_test_relative_cost_slow,417769,11681,1501,1168100,p,add,7460,0.006386439517164626,/Users/alinaqvi/Desktop/github_projects/avida/work/ecology_test_relative_cost_slow_run_4/data/detail-417769.spop
ecology_test_relative_cost_slow_run_4,ecology_test_relative_cost_slow,417769,11681,1501,1168100,q,sub,52699,0.04511514425134834,/Users/alinaqvi/Desktop/github_projects/avida/work/ecology_test_relative_cost_slow_run_4/data/detail-417769.spop
ecology_test_relative_cost_slow_run_4,ecology_test_relative_cost_slow,417769,11681,1501,1168100,r,nand,15478,0.013250577861484461,/Users/alinaqvi/Desktop/github_projects/avida/work/ecology_test_relative_cost_slow_run_4/data/detail-417769.spop
ecology_test_relative_cost_slow_run_4,ecology_test_relative_cost_slow,417769,11681,1501,1168100,s,repro,52540,0.04497902576834175,/Users/alinaqvi/Desktop/github_projects/avida/work/ecology_test_relative_cost_slow_run_4/data/detail-417769.spop
ecology_test_relative_cost_slow_run_4,ecology_test_relative_cost_slow,417769,11681,1501,1168100,t,repro-semel,14939,0.012789144765002996,/Users/alinaqvi/Desktop/github_projects/avida/work/ecology_test_relative_cost_slow_run_4/data/detail-417769.spop
ecology_test_relative_cost_slow_run_4,ecology_test_relative_cost_slow,417769,11681,1501,1168100,u,move,306444,0.2623439773991953,/Users/alinaqvi/Desktop/github_projects/avida/work/ecology_test_relative_cost_slow_run_4/data/detail-417769.spop
ecology_test_relative_cost_slow_run_4,ecology_test_relative_cost_slow,417769,11681,1501,1168100,v,rotate-left-one,11676,0.009995719544559542,/Users/alinaqvi/Desktop/github_projects/avida/work/ecology_test_relative_cost_slow_run_4/data/detail-417769.spop
ecology_test_relative_cost_slow_run_4,ecology_test_relative_cost_slow,417769,11681,1501,1168100,w,rotate-right-one,11711,0.010025682732642753,/Users/alinaqvi/Desktop/github_projects/avida/work/ecology_test_relative_cost_slow_run_4/data/detail-417769.spop
ecology_test_relative_cost_slow_run_4,ecology_test_relative_cost_slow,417769,11681,1501,1168100,x,sense-resource0,40276,0.034479924663984245,/Users/alinaqvi/Desktop/github_projects/avida/work/ecology_test_relative_cost_slow_run_4/data/detail-417769.spop
ecology_test_relative_cost_slow_run_4,ecology_test_relative_cost_slow,417769,11681,1501,1168100,y,sense-faced-resource0,16106,0.013788203064806095,/Users/alinaqvi/Desktop/github_projects/avida/work/ecology_test_relative_cost_slow_run_4/data/detail-417769.spop
ecology_test_relative_cost_slow_run_5,ecology_test_relative_cost_slow,413637,11133,1393,1113300,a,nop-B,32906,0.029557172370430252,/Users/alinaqvi/Desktop/github_projects/avida/work/ecology_test_relative_cost_slow_run_5/data/detail-413637.spop
ecology_test_relative_cost_slow_run_5,ecology_test_relative_cost_slow,413637,11133,1393,1113300,b,nop-C,400471,0.3597152609359562,/Users/alinaqvi/Desktop/github_projects/avida/work/ecology_test_relative_cost_slow_run_5/data/detail-413637.spop
ecology_test_relative_cost_slow_run_5,ecology_test_relative_cost_slow,413637,11133,1393,1113300,c,if-n-equ,3286,0.002951585376807689,/Users/alinaqvi/Desktop/github_projects/avida/work/ecology_test_relative_cost_slow_run_5/data/detail-413637.spop
ecology_test_relative_cost_slow_run_5,ecology_test_relative_cost_slow,413637,11133,1393,1113300,d,if-less,20624,0.018525105542082098,/Users/alinaqvi/Desktop/github_projects/avida/work/ecology_test_relative_cost_slow_run_5/data/detail-413637.spop
ecology_test_relative_cost_slow_run_5,ecology_test_relative_cost_slow,413637,11133,1393,1113300,e,if-not-0,12756,0.01145782807868499,/Users/alinaqvi/Desktop/github_projects/avida/work/ecology_test_relative_cost_slow_run_5/data/detail-413637.spop
ecology_test_relative_cost_slow_run_5,ecology_test_relative_cost_slow,413637,11133,1393,1113300,f,if-les-0,22881,0.020552411748854756,/Users/alinaqvi/Desktop/github_projects/avida/work/ecology_test_relative_cost_slow_run_5/data/detail-413637.spop
ecology_test_relative_cost_slow_run_5,ecology_test_relative_cost_slow,413637,11133,1393,1113300,g,if-grt-0,1340,0.0012036288511632085,/Users/alinaqvi/Desktop/github_projects/avida/work/ecology_test_relative_cost_slow_run_5/data/detail-413637.spop
ecology_test_relative_cost_slow_run_5,ecology_test_relative_cost_slow,413637,11133,1393,1113300,h,if-label,42556,0.03822509655977724,/Users/alinaqvi/Desktop/github_projects/avida/work/ecology_test_relative_cost_slow_run_5/data/detail-413637.spop
ecology_test_relative_cost_slow_run_5,ecology_test_relative_cost_slow,413637,11133,1393,1113300,i,zero,45278,0.040670079942513246,/Users/alinaqvi/Desktop/github_projects/avida/work/ecology_test_relative_cost_slow_run_5/data/detail-413637.spop
ecology_test_relative_cost_slow_run_5,ecology_test_relative_cost_slow,413637,11133,1393,1113300,j,inc,13670,0.012278810742836611,/Users/alinaqvi/Desktop/github_projects/avida/work/ecology_test_relative_cost_slow_run_5/data/detail-413637.spop
ecology_test_relative_cost_slow_run_5,ecology_test_relative_cost_slow,413637,11133,1393,1113300,k,dec,2233,0.0020057486751100333,/Users/alinaqvi/Desktop/github_projects/avida/work/ecology_test_relative_cost_slow_run_5/data/detail-413637.spop
ecology_test_relative_cost_slow_run_5,ecology_test_relative_cost_slow,413637,11133,1393,1113300,l,push,1703,0.001529686517560406,/Users/alinaqvi/Desktop/github_projects/avida/work/ecology_test_relative_cost_slow_run_5/data/detail-413637.spop
ecology_test_relative_cost_slow_run_5,ecology_test_relative_cost_slow,413637,11133,1393,1113300,m,pop,23644,0.021237761609629032,/Users/alinaqvi/Desktop/github_projects/avida/work/ecology_test_relative_cost_slow_run_5/data/detail-413637.spop
ecology_test_relative_cost_slow_run_5,ecology_test_relative_cost_slow,413637,11133,1393,1113300,n,swap-stk,14604,0.013117758016707087,/Users/alinaqvi/Desktop/github_projects/avida/work/ecology_test_relative_cost_slow_run_5/data/detail-413637.spop
ecology_test_relative_cost_slow_run_5,ecology_test_relative_cost_slow,413637,11133,1393,1113300,o,swap,27036,0.024284559417946647,/Users/alinaqvi/Desktop/github_projects/avida/work/ecology_test_relative_cost_slow_run_5/data/detail-413637.spop
ecology_test_relative_cost_slow_run_5,ecology_test_relative_cost_slow,413637,11133,1393,1113300,p,add,46471,0.04174166891224288,/Users/alinaqvi/Desktop/github_projects/avida/work/ecology_test_relative_cost_slow_run_5/data/detail-413637.spop
ecology_test_relative_cost_slow_run_5,ecology_test_relative_cost_slow,413637,11133,1393,1113300,q,sub,32785,0.029448486481631186,/Users/alinaqvi/Desktop/github_projects/avida/work/ecology_test_relative_cost_slow_run_5/data/detail-413637.spop
ecology_test_relative_cost_slow_run_5,ecology_test_relative_cost_slow,413637,11133,1393,1113300,r,nand,10536,0.009463756399892212,/Users/alinaqvi/Desktop/github_projects/avida/work/ecology_test_relative_cost_slow_run_5/data/detail-413637.spop
ecology_test_relative_cost_slow_run_5,ecology_test_relative_cost_slow,413637,11133,1393,1113300,s,repro,37521,0.03370250606305578,/Users/alinaqvi/Desktop/github_projects/avida/work/ecology_test_relative_cost_slow_run_5/data/detail-413637.spop
ecology_test_relative_cost_slow_run_5,ecology_test_relative_cost_slow,413637,11133,1393,1113300,t,repro-semel,2438,0.002189885924728285,/Users/alinaqvi/Desktop/github_projects/avida/work/ecology_test_relative_cost_slow_run_5/data/detail-413637.spop
ecology_test_relative_cost_slow_run_5,ecology_test_relative_cost_slow,413637,11133,1393,1113300,u,move,257349,0.23115871732686608,/Users/alinaqvi/Desktop/github_projects/avida/work/ecology_test_relative_cost_slow_run_5/data/detail-413637.spop
ecology_test_relative_cost_slow_run_5,ecology_test_relative_cost_slow,413637,11133,1393,1113300,v,rotate-left-one,19953,0.017922392886014552,/Users/alinaqvi/Desktop/github_projects/avida/work/ecology_test_relative_cost_slow_run_5/data/detail-413637.spop
ecology_test_relative_cost_slow_run_5,ecology_test_relative_cost_slow,413637,11133,1393,1113300,w,rotate-right-one,9188,0.008252941704841463,/Users/alinaqvi/Desktop/github_projects/avida/work/ecology_test_relative_cost_slow_run_5/data/detail-413637.spop
ecology_test_relative_cost_slow_run_5,ecology_test_relative_cost_slow,413637,11133,1393,1113300,x,sense-resource0,11511,0.010339531123686338,/Users/alinaqvi/Desktop/github_projects/avida/work/ecology_test_relative_cost_slow_run_5/data/detail-413637.spop
ecology_test_relative_cost_slow_run_5,ecology_test_relative_cost_slow,413637,11133,1393,1113300,y,sense-faced-resource0,20560,0.018467618790981764,/Users/alinaqvi/Desktop/github_projects/avida/work/ecology_test_relative_cost_slow_run_5/data/detail-413637.spop
ecology_test_relative_cost_slow_run_6,ecology_test_relative_cost_slow,0,175,2,17500,a,nop-B,0,0.0,/Users/alinaqvi/Desktop/github_projects/avida/work/ecology_test_relative_cost_slow_run_6/data/detail-0.spop
ecology_test_relative_cost_slow_run_6,ecology_test_relative_cost_slow,0,175,2,17500,b,nop-C,17025,0.9728571428571429,/Users/alinaqvi/Desktop/github_projects/avida/work/ecology_test_relative_cost_slow_run_6/data/detail-0.spop
ecology_test_relative_cost_slow_run_6,ecology_test_relative_cost_slow,0,175,2,17500,c,if-n-equ,0,0.0,/Users/alinaqvi/Desktop/github_projects/avida/work/ecology_test_relative_cost_slow_run_6/data/detail-0.spop
ecology_test_relative_cost_slow_run_6,ecology_test_relative_cost_slow,0,175,2,17500,d,if-less,0,0.0,/Users/alinaqvi/Desktop/github_projects/avida/work/ecology_test_relative_cost_slow_run_6/data/detail-0.spop
ecology_test_relative_cost_slow_run_6,ecology_test_relative_cost_slow,0,175,2,17500,e,if-not-0,0,0.0,/Users/alinaqvi/Desktop/github_projects/avida/work/ecology_test_relative_cost_slow_run_6/data/detail-0.spop
ecology_test_relative_cost_slow_run_6,ecology_test_relative_cost_slow,0,175,2,17500,f,if-les-0,0,0.0,/Users/alinaqvi/Desktop/github_projects/avida/work/ecology_test_relative_cost_slow_run_6/data/detail-0.spop
ecology_test_relative_cost_slow_run_6,ecology_test_relative_cost_slow,0,175,2,17500,g,if-grt-0,0,0.0,/Users/alinaqvi/Desktop/github_projects/avida/work/ecology_test_relative_cost_slow_run_6/data/detail-0.spop
ecology_test_relative_cost_slow_run_6,ecology_test_relative_cost_slow,0,175,2,17500,h,if-label,0,0.0,/Users/alinaqvi/Desktop/github_projects/avida/work/ecology_test_relative_cost_slow_run_6/data/detail-0.spop
ecology_test_relative_cost_slow_run_6,ecology_test_relative_cost_slow,0,175,2,17500,i,zero,0,0.0,/Users/alinaqvi/Desktop/github_projects/avida/work/ecology_test_relative_cost_slow_run_6/data/detail-0.spop
ecology_test_relative_cost_slow_run_6,ecology_test_relative_cost_slow,0,175,2,17500,j,inc,0,0.0,/Users/alinaqvi/Desktop/github_projects/avida/work/ecology_test_relative_cost_slow_run_6/data/detail-0.spop
ecology_test_relative_cost_slow_run_6,ecology_test_relative_cost_slow,0,175,2,17500,k,dec,0,0.0,/Users/alinaqvi/Desktop/github_projects/avida/work/ecology_test_relative_cost_slow_run_6/data/detail-0.spop
ecology_test_relative_cost_slow_run_6,ecology_test_relative_cost_slow,0,175,2,17500,l,push,0,0.0,/Users/alinaqvi/Desktop/github_projects/avida/work/ecology_test_relative_cost_slow_run_6/data/detail-0.spop
ecology_test_relative_cost_slow_run_6,ecology_test_relative_cost_slow,0,175,2,17500,m,pop,0,0.0,/Users/alinaqvi/Desktop/github_projects/avida/work/ecology_test_relative_cost_slow_run_6/data/detail-0.spop
ecology_test_relative_cost_slow_run_6,ecology_test_relative_cost_slow,0,175,2,17500,n,swap-stk,0,0.0,/Users/alinaqvi/Desktop/github_projects/avida/work/ecology_test_relative_cost_slow_run_6/data/detail-0.spop
ecology_test_relative_cost_slow_run_6,ecology_test_relative_cost_slow,0,175,2,17500,o,swap,0,0.0,/Users/alinaqvi/Desktop/github_projects/avida/work/ecology_test_relative_cost_slow_run_6/data/detail-0.spop
ecology_test_relative_cost_slow_run_6,ecology_test_relative_cost_slow,0,175,2,17500,p,add,0,0.0,/Users/alinaqvi/Desktop/github_projects/avida/work/ecology_test_relative_cost_slow_run_6/data/detail-0.spop
ecology_test_relative_cost_slow_run_6,ecology_test_relative_cost_slow,0,175,2,17500,q,sub,0,0.0,/Users/alinaqvi/Desktop/github_projects/avida/work/ecology_test_relative_cost_slow_run_6/data/detail-0.spop
ecology_test_relative_cost_slow_run_6,ecology_test_relative_cost_slow,0,175,2,17500,r,nand,0,0.0,/Users/alinaqvi/Desktop/github_projects/avida/work/ecology_test_relative_cost_slow_run_6/data/detail-0.spop
ecology_test_relative_cost_slow_run_6,ecology_test_relative_cost_slow,0,175,2,17500,s,repro,400,0.022857142857142857,/Users/alinaqvi/Desktop/github_projects/avida/work/ecology_test_relative_cost_slow_run_6/data/detail-0.spop
ecology_test_relative_cost_slow_run_6,ecology_test_relative_cost_slow,0,175,2,17500,t,repro-semel,75,0.004285714285714286,/Users/alinaqvi/Desktop/github_projects/avida/work/ecology_test_relative_cost_slow_run_6/data/detail-0.spop
ecology_test_relative_cost_slow_run_6,ecology_test_relative_cost_slow,0,175,2,17500,u,move,0,0.0,/Users/alinaqvi/Desktop/github_projects/avida/work/ecology_test_relative_cost_slow_run_6/data/detail-0.spop
ecology_test_relative_cost_slow_run_6,ecology_test_relative_cost_slow,0,175,2,17500,v,rotate-left-one,0,0.0,/Users/alinaqvi/Desktop/github_projects/avida/work/ecology_test_relative_cost_slow_run_6/data/detail-0.spop
ecology_test_relative_cost_slow_run_6,ecology_test_relative_cost_slow,0,175,2,17500,w,rotate-right-one,0,0.0,/Users/alinaqvi/Desktop/github_projects/avida/work/ecology_test_relative_cost_slow_run_6/data/detail-0.spop
ecology_test_relative_cost_slow_run_6,ecology_test_relative_cost_slow,0,175,2,17500,x,sense-resource0,0,0.0,/Users/alinaqvi/Desktop/github_projects/avida/work/ecology_test_relative_cost_slow_run_6/data/detail-0.spop
ecology_test_relative_cost_slow_run_6,ecology_test_relative_cost_slow,0,175,2,17500,y,sense-faced-resource0,0,0.0,/Users/alinaqvi/Desktop/github_projects/avida/work/ecology_test_relative_cost_slow_run_6/data/detail-0.spop
ecology_test_relative_cost_slow_run_7,ecology_test_relative_cost_slow,446819,15180,1701,1518000,a,nop-B,86759,0.05715349143610013,/Users/alinaqvi/Desktop/github_projects/avida/work/ecology_test_relative_cost_slow_run_7/data/detail-446819.spop
ecology_test_relative_cost_slow_run_7,ecology_test_relative_cost_slow,446819,15180,1701,1518000,b,nop-C,409824,0.26997628458498024,/Users/alinaqvi/Desktop/github_projects/avida/work/ecology_test_relative_cost_slow_run_7/data/detail-446819.spop
ecology_test_relative_cost_slow_run_7,ecology_test_relative_cost_slow,446819,15180,1701,1518000,c,if-n-equ,48058,0.031658761528326744,/Users/alinaqvi/Desktop/github_projects/avida/work/ecology_test_relative_cost_slow_run_7/data/detail-446819.spop
ecology_test_relative_cost_slow_run_7,ecology_test_relative_cost_slow,446819,15180,1701,1518000,d,if-less,19339,0.012739789196310936,/Users/alinaqvi/Desktop/github_projects/avida/work/ecology_test_relative_cost_slow_run_7/data/detail-446819.spop
ecology_test_relative_cost_slow_run_7,ecology_test_relative_cost_slow,446819,15180,1701,1518000,e,if-not-0,17215,0.011340579710144927,/Users/alinaqvi/Desktop/github_projects/avida/work/ecology_test_relative_cost_slow_run_7/data/detail-446819.spop
ecology_test_relative_cost_slow_run_7,ecology_test_relative_cost_slow,446819,15180,1701,1518000,f,if-les-0,30476,0.020076416337285904,/Users/alinaqvi/Desktop/github_projects/avida/work/ecology_test_relative_cost_slow_run_7/data/detail-446819.spop
ecology_test_relative_cost_slow_run_7,ecology_test_relative_cost_slow,446819,15180,1701,1518000,g,if-grt-0,66851,0.044038866930171276,/Users/alinaqvi/Desktop/github_projects/avida/work/ecology_test_relative_cost_slow_run_7/data/detail-446819.spop
ecology_test_relative_cost_slow_run_7,ecology_test_relative_cost_slow,446819,15180,1701,1518000,h,if-label,76198,0.05019631093544137,/Users/alinaqvi/Desktop/github_projects/avida/work/ecology_test_relative_cost_slow_run_7/data/detail-446819.spop
ecology_test_relative_cost_slow_run_7,ecology_test_relative_cost_slow,446819,15180,1701,1518000,i,zero,36203,0.023849143610013175,/Users/alinaqvi/Desktop/github_projects/avida/work/ecology_test_relative_cost_slow_run_7/data/detail-446819.spop
ecology_test_relative_cost_slow_run_7,ecology_test_relative_cost_slow,446819,15180,1701,1518000,j,inc,42145,0.0277635046113307,/Users/alinaqvi/Desktop/github_projects/avida/work/ecology_test_relative_cost_slow_run_7/data/detail-446819.spop
ecology_test_relative_cost_slow_run_7,ecology_test_relative_cost_slow,446819,15180,1701,1518000,k,dec,15775,0.010391963109354413,/Users/alinaqvi/Desktop/github_projects/avida/work/ecology_test_relative_cost_slow_run_7/data/detail-446819.spop
ecology_test_relative_cost_slow_run_7,ecology_test_relative_cost_slow,446819,15180,1701,1518000,l,push,2804,0.001847167325428195,/Users/alinaqvi/Desktop/github_projects/avida/work/ecology_test_relative_cost_slow_run_7/data/detail-446819.spop
ecology_test_relative_cost_slow_run_7,ecology_test_relative_cost_slow,446819,15180,1701,1518000,m,pop,36107,0.023785902503293807,/Users/alinaqvi/Desktop/github_projects/avida/work/ecology_test_relative_cost_slow_run_7/data/detail-446819.spop
ecology_test_relative_cost_slow_run_7,ecology_test_relative_cost_slow,446819,15180,1701,1518000,n,swap-stk,1868,0.001230566534914361,/Users/alinaqvi/Desktop/github_projects/avida/work/ecology_test_relative_cost_slow_run_7/data/detail-446819.spop
ecology_test_relative_cost_slow_run_7,ecology_test_relative_cost_slow,446819,15180,1701,1518000,o,swap,30607,0.020162714097496707,/Users/alinaqvi/Desktop/github_projects/avida/work/ecology_test_relative_cost_slow_run_7/data/detail-446819.spop
ecology_test_relative_cost_slow_run_7,ecology_test_relative_cost_slow,446819,15180,1701,1518000,p,add,35761,0.023557971014492755,/Users/alinaqvi/Desktop/github_projects/avida/work/ecology_test_relative_cost_slow_run_7/data/detail-446819.spop
ecology_test_relative_cost_slow_run_7,ecology_test_relative_cost_slow,446819,15180,1701,1518000,q,sub,37298,0.02457048748353096,/Users/alinaqvi/Desktop/github_projects/avida/work/ecology_test_relative_cost_slow_run_7/data/detail-446819.spop
ecology_test_relative_cost_slow_run_7,ecology_test_relative_cost_slow,446819,15180,1701,1518000,r,nand,927,0.0006106719367588932,/Users/alinaqvi/Desktop/github_projects/avida/work/ecology_test_relative_cost_slow_run_7/data/detail-446819.spop
ecology_test_relative_cost_slow_run_7,ecology_test_relative_cost_slow,446819,15180,1701,1518000,s,repro,57896,0.03813965744400527,/Users/alinaqvi/Desktop/github_projects/avida/work/ecology_test_relative_cost_slow_run_7/data/detail-446819.spop
ecology_test_relative_cost_slow_run_7,ecology_test_relative_cost_slow,446819,15180,1701,1518000,t,repro-semel,51159,0.03370158102766799,/Users/alinaqvi/Desktop/github_projects/avida/work/ecology_test_relative_cost_slow_run_7/data/detail-446819.spop
ecology_test_relative_cost_slow_run_7,ecology_test_relative_cost_slow,446819,15180,1701,1518000,u,move,318559,0.20985441370223978,/Users/alinaqvi/Desktop/github_projects/avida/work/ecology_test_relative_cost_slow_run_7/data/detail-446819.spop
ecology_test_relative_cost_slow_run_7,ecology_test_relative_cost_slow,446819,15180,1701,1518000,v,rotate-left-one,32542,0.02143741765480896,/Users/alinaqvi/Desktop/github_projects/avida/work/ecology_test_relative_cost_slow_run_7/data/detail-446819.spop
ecology_test_relative_cost_slow_run_7,ecology_test_relative_cost_slow,446819,15180,1701,1518000,w,rotate-right-one,11038,0.007271409749670619,/Users/alinaqvi/Desktop/github_projects/avida/work/ecology_test_relative_cost_slow_run_7/data/detail-446819.spop
ecology_test_relative_cost_slow_run_7,ecology_test_relative_cost_slow,446819,15180,1701,1518000,x,sense-resource0,36344,0.023942028985507246,/Users/alinaqvi/Desktop/github_projects/avida/work/ecology_test_relative_cost_slow_run_7/data/detail-446819.spop
ecology_test_relative_cost_slow_run_7,ecology_test_relative_cost_slow,446819,15180,1701,1518000,y,sense-faced-resource0,16247,0.010702898550724638,/Users/alinaqvi/Desktop/github_projects/avida/work/ecology_test_relative_cost_slow_run_7/data/detail-446819.spop
ecology_test_relative_cost_slow_run_8,ecology_test_relative_cost_slow,415502,12674,1432,1267400,a,nop-B,97445,0.0768857503550576,/Users/alinaqvi/Desktop/github_projects/avida/work/ecology_test_relative_cost_slow_run_8/data/detail-415502.spop
ecology_test_relative_cost_slow_run_8,ecology_test_relative_cost_slow,415502,12674,1432,1267400,b,nop-C,270186,0.2131813160801641,/Users/alinaqvi/Desktop/github_projects/avida/work/ecology_test_relative_cost_slow_run_8/data/detail-415502.spop
ecology_test_relative_cost_slow_run_8,ecology_test_relative_cost_slow,415502,12674,1432,1267400,c,if-n-equ,23025,0.01816711377623481,/Users/alinaqvi/Desktop/github_projects/avida/work/ecology_test_relative_cost_slow_run_8/data/detail-415502.spop
ecology_test_relative_cost_slow_run_8,ecology_test_relative_cost_slow,415502,12674,1432,1267400,d,if-less,68352,0.053930882120877384,/Users/alinaqvi/Desktop/github_projects/avida/work/ecology_test_relative_cost_slow_run_8/data/detail-415502.spop
ecology_test_relative_cost_slow_run_8,ecology_test_relative_cost_slow,415502,12674,1432,1267400,e,if-not-0,42491,0.03352611645889222,/Users/alinaqvi/Desktop/github_projects/avida/work/ecology_test_relative_cost_slow_run_8/data/detail-415502.spop
ecology_test_relative_cost_slow_run_8,ecology_test_relative_cost_slow,415502,12674,1432,1267400,f,if-les-0,38037,0.03001183525327442,/Users/alinaqvi/Desktop/github_projects/avida/work/ecology_test_relative_cost_slow_run_8/data/detail-415502.spop
ecology_test_relative_cost_slow_run_8,ecology_test_relative_cost_slow,415502,12674,1432,1267400,g,if-grt-0,10298,0.008125295881331861,/Users/alinaqvi/Desktop/github_projects/avida/work/ecology_test_relative_cost_slow_run_8/data/detail-415502.spop
ecology_test_relative_cost_slow_run_8,ecology_test_relative_cost_slow,415502,12674,1432,1267400,h,if-label,52281,0.04125059176266372,/Users/alinaqvi/Desktop/github_projects/avida/work/ecology_test_relative_cost_slow_run_8/data/detail-415502.spop
ecology_test_relative_cost_slow_run_8,ecology_test_relative_cost_slow,415502,12674,1432,1267400,i,zero,16467,0.012992741044658355,/Users/alinaqvi/Desktop/github_projects/avida/work/ecology_test_relative_cost_slow_run_8/data/detail-415502.spop
ecology_test_relative_cost_slow_run_8,ecology_test_relative_cost_slow,415502,12674,1432,1267400,j,inc,38155,0.030104939245699857,/Users/alinaqvi/Desktop/github_projects/avida/work/ecology_test_relative_cost_slow_run_8/data/detail-415502.spop
ecology_test_relative_cost_slow_run_8,ecology_test_relative_cost_slow,415502,12674,1432,1267400,k,dec,13682,0.010795329020041029,/Users/alinaqvi/Desktop/github_projects/avida/work/ecology_test_relative_cost_slow_run_8/data/detail-415502.spop
ecology_test_relative_cost_slow_run_8,ecology_test_relative_cost_slow,415502,12674,1432,1267400,l,push,5224,0.0041218242070380304,/Users/alinaqvi/Desktop/github_projects/avida/work/ecology_test_relative_cost_slow_run_8/data/detail-415502.spop
ecology_test_relative_cost_slow_run_8,ecology_test_relative_cost_slow,415502,12674,1432,1267400,m,pop,47162,0.03721161432854663,/Users/alinaqvi/Desktop/github_projects/avida/work/ecology_test_relative_cost_slow_run_8/data/detail-415502.spop
ecology_test_relative_cost_slow_run_8,ecology_test_relative_cost_slow,415502,12674,1432,1267400,n,swap-stk,4458,0.0035174372731576454,/Users/alinaqvi/Desktop/github_projects/avida/work/ecology_test_relative_cost_slow_run_8/data/detail-415502.spop
ecology_test_relative_cost_slow_run_8,ecology_test_relative_cost_slow,415502,12674,1432,1267400,o,swap,11049,0.008717847561937825,/Users/alinaqvi/Desktop/github_projects/avida/work/ecology_test_relative_cost_slow_run_8/data/detail-415502.spop
ecology_test_relative_cost_slow_run_8,ecology_test_relative_cost_slow,415502,12674,1432,1267400,p,add,22446,0.017710272999842198,/Users/alinaqvi/Desktop/github_projects/avida/work/ecology_test_relative_cost_slow_run_8/data/detail-415502.spop
ecology_test_relative_cost_slow_run_8,ecology_test_relative_cost_slow,415502,12674,1432,1267400,q,sub,3862,0.003047183209720688,/Users/alinaqvi/Desktop/github_projects/avida/work/ecology_test_relative_cost_slow_run_8/data/detail-415502.spop
ecology_test_relative_cost_slow_run_8,ecology_test_relative_cost_slow,415502,12674,1432,1267400,r,nand,38741,0.030567303140287203,/Users/alinaqvi/Desktop/github_projects/avida/work/ecology_test_relative_cost_slow_run_8/data/detail-415502.spop
ecology_test_relative_cost_slow_run_8,ecology_test_relative_cost_slow,415502,12674,1432,1267400,s,repro,73923,0.058326495186997,/Users/alinaqvi/Desktop/github_projects/avida/work/ecology_test_relative_cost_slow_run_8/data/detail-415502.spop
ecology_test_relative_cost_slow_run_8,ecology_test_relative_cost_slow,415502,12674,1432,1267400,t,repro-semel,37423,0.02952737888590816,/Users/alinaqvi/Desktop/github_projects/avida/work/ecology_test_relative_cost_slow_run_8/data/detail-415502.spop
ecology_test_relative_cost_slow_run_8,ecology_test_relative_cost_slow,415502,12674,1432,1267400,u,move,320931,0.2532199779075272,/Users/alinaqvi/Desktop/github_projects/avida/work/ecology_test_relative_cost_slow_run_8/data/detail-415502.spop
ecology_test_relative_cost_slow_run_8,ecology_test_relative_cost_slow,415502,12674,1432,1267400,v,rotate-left-one,12973,0.01023591604860344,/Users/alinaqvi/Desktop/github_projects/avida/work/ecology_test_relative_cost_slow_run_8/data/detail-415502.spop
ecology_test_relative_cost_slow_run_8,ecology_test_relative_cost_slow,415502,12674,1432,1267400,w,rotate-right-one,1658,0.0013081899952658987,/Users/alinaqvi/Desktop/github_projects/avida/work/ecology_test_relative_cost_slow_run_8/data/detail-415502.spop
ecology_test_relative_cost_slow_run_8,ecology_test_relative_cost_slow,415502,12674,1432,1267400,x,sense-resource0,3357,0.002648729682815212,/Users/alinaqvi/Desktop/github_projects/avida/work/ecology_test_relative_cost_slow_run_8/data/detail-415502.spop
ecology_test_relative_cost_slow_run_8,ecology_test_relative_cost_slow,415502,12674,1432,1267400,y,sense-faced-resource0,13774,0.010867918573457471,/Users/alinaqvi/Desktop/github_projects/avida/work/ecology_test_relative_cost_slow_run_8/data/detail-415502.spop
ecology_test_relative_cost_slow_run_9,ecology_test_relative_cost_slow,385460,11857,1166,1185700,a,nop-B,77402,0.06527958168170701,/Users/alinaqvi/Desktop/github_projects/avida/work/ecology_test_relative_cost_slow_run_9/data/detail-385460.spop
ecology_test_relative_cost_slow_run_9,ecology_test_relative_cost_slow,385460,11857,1166,1185700,b,nop-C,341836,0.28829889516741164,/Users/alinaqvi/Desktop/github_projects/avida/work/ecology_test_relative_cost_slow_run_9/data/detail-385460.spop
ecology_test_relative_cost_slow_run_9,ecology_test_relative_cost_slow,385460,11857,1166,1185700,c,if-n-equ,10677,0.009004807286834782,/Users/alinaqvi/Desktop/github_projects/avida/work/ecology_test_relative_cost_slow_run_9/data/detail-385460.spop
ecology_test_relative_cost_slow_run_9,ecology_test_relative_cost_slow,385460,11857,1166,1185700,d,if-less,36496,0.030780129881082904,/Users/alinaqvi/Desktop/github_projects/avida/work/ecology_test_relative_cost_slow_run_9/data/detail-385460.spop
ecology_test_relative_cost_slow_run_9,ecology_test_relative_cost_slow,385460,11857,1166,1185700,e,if-not-0,38103,0.0321354474150291,/Users/alinaqvi/Desktop/github_projects/avida/work/ecology_test_relative_cost_slow_run_9/data/detail-385460.spop
ecology_test_relative_cost_slow_run_9,ecology_test_relative_cost_slow,385460,11857,1166,1185700,f,if-les-0,33638,0.028369739394450536,/Users/alinaqvi/Desktop/github_projects/avida/work/ecology_test_relative_cost_slow_run_9/data/detail-385460.spop
ecology_test_relative_cost_slow_run_9,ecology_test_relative_cost_slow,385460,11857,1166,1185700,g,if-grt-0,30334,0.025583199797587924,/Users/alinaqvi/Desktop/github_projects/avida/work/ecology_test_relative_cost_slow_run_9/data/detail-385460.spop
ecology_test_relative_cost_slow_run_9,ecology_test_relative_cost_slow,385460,11857,1166,1185700,h,if-label,42289,0.03566585139579995,/Users/alinaqvi/Desktop/github_projects/avida/work/ecology_test_relative_cost_slow_run_9/data/detail-385460.spop
ecology_test_relative_cost_slow_run_9,ecology_test_relative_cost_slow,385460,11857,1166,1185700,i,zero,29529,0.02490427595513199,/Users/alinaqvi/Desktop/github_projects/avida/work/ecology_test_relative_cost_slow_run_9/data/detail-385460.spop
ecology_test_relative_cost_slow_run_9,ecology_test_relative_cost_slow,385460,11857,1166,1185700,j,inc,33883,0.0285763683899806,/Users/alinaqvi/Desktop/github_projects/avida/work/ecology_test_relative_cost_slow_run_9/data/detail-385460.spop
ecology_test_relative_cost_slow_run_9,ecology_test_relative_cost_slow,385460,11857,1166,1185700,k,dec,31081,0.02621320738804082,/Users/alinaqvi/Desktop/github_projects/avida/work/ecology_test_relative_cost_slow_run_9/data/detail-385460.spop
ecology_test_relative_cost_slow_run_9,ecology_test_relative_cost_slow,385460,11857,1166,1185700,l,push,23208,0.01957324787045627,/Users/alinaqvi/Desktop/github_projects/avida/work/ecology_test_relative_cost_slow_run_9/data/detail-385460.spop
ecology_test_relative_cost_slow_run_9,ecology_test_relative_cost_slow,385460,11857,1166,1185700,m,pop,19697,0.01661212785696213,/Users/alinaqvi/Desktop/github_projects/avida/work/ecology_test_relative_cost_slow_run_9/data/detail-385460.spop
ecology_test_relative_cost_slow_run_9,ecology_test_relative_cost_slow,385460,11857,1166,1185700,n,swap-stk,12269,0.010347474065952602,/Users/alinaqvi/Desktop/github_projects/avida/work/ecology_test_relative_cost_slow_run_9/data/detail-385460.spop
ecology_test_relative_cost_slow_run_9,ecology_test_relative_cost_slow,385460,11857,1166,1185700,o,swap,1298,0.0010947119844817407,/Users/alinaqvi/Desktop/github_projects/avida/work/ecology_test_relative_cost_slow_run_9/data/detail-385460.spop
ecology_test_relative_cost_slow_run_9,ecology_test_relative_cost_slow,385460,11857,1166,1185700,p,add,7386,0.00622923167749009,/Users/alinaqvi/Desktop/github_projects/avida/work/ecology_test_relative_cost_slow_run_9/data/detail-385460.spop
ecology_test_relative_cost_slow_run_9,ecology_test_relative_cost_slow,385460,11857,1166,1185700,q,sub,19435,0.016391161339293244,/Users/alinaqvi/Desktop/github_projects/avida/work/ecology_test_relative_cost_slow_run_9/data/detail-385460.spop
ecology_test_relative_cost_slow_run_9,ecology_test_relative_cost_slow,385460,11857,1166,1185700,r,nand,24836,0.02094627646116218,/Users/alinaqvi/Desktop/github_projects/avida/work/ecology_test_relative_cost_slow_run_9/data/detail-385460.spop
ecology_test_relative_cost_slow_run_9,ecology_test_relative_cost_slow,385460,11857,1166,1185700,s,repro,49053,0.041370498439740236,/Users/alinaqvi/Desktop/github_projects/avida/work/ecology_test_relative_cost_slow_run_9/data/detail-385460.spop
ecology_test_relative_cost_slow_run_9,ecology_test_relative_cost_slow,385460,11857,1166,1185700,t,repro-semel,26432,0.022292316774900903,/Users/alinaqvi/Desktop/github_projects/avida/work/ecology_test_relative_cost_slow_run_9/data/detail-385460.spop
ecology_test_relative_cost_slow_run_9,ecology_test_relative_cost_slow,385460,11857,1166,1185700,u,move,257875,0.21748756009108544,/Users/alinaqvi/Desktop/github_projects/avida/work/ecology_test_relative_cost_slow_run_9/data/detail-385460.spop
ecology_test_relative_cost_slow_run_9,ecology_test_relative_cost_slow,385460,11857,1166,1185700,v,rotate-left-one,11375,0.009593489078181664,/Users/alinaqvi/Desktop/github_projects/avida/work/ecology_test_relative_cost_slow_run_9/data/detail-385460.spop
ecology_test_relative_cost_slow_run_9,ecology_test_relative_cost_slow,385460,11857,1166,1185700,w,rotate-right-one,2726,0.0022990638441427007,/Users/alinaqvi/Desktop/github_projects/avida/work/ecology_test_relative_cost_slow_run_9/data/detail-385460.spop
ecology_test_relative_cost_slow_run_9,ecology_test_relative_cost_slow,385460,11857,1166,1185700,x,sense-resource0,22629,0.019084928734081134,/Users/alinaqvi/Desktop/github_projects/avida/work/ecology_test_relative_cost_slow_run_9/data/detail-385460.spop
ecology_test_relative_cost_slow_run_9,ecology_test_relative_cost_slow,385460,11857,1166,1185700,y,sense-faced-resource0,2213,0.0018664080290123977,/Users/alinaqvi/Desktop/github_projects/avida/work/ecology_test_relative_cost_slow_run_9/data/detail-385460.spop
ecology_test_relative_cost_slow_run_10,ecology_test_relative_cost_slow,0,176,2,17600,a,nop-B,0,0.0,/Users/alinaqvi/Desktop/github_projects/avida/work/ecology_test_relative_cost_slow_run_10/data/detail-0.spop
ecology_test_relative_cost_slow_run_10,ecology_test_relative_cost_slow,0,176,2,17600,b,nop-C,17124,0.9729545454545454,/Users/alinaqvi/Desktop/github_projects/avida/work/ecology_test_relative_cost_slow_run_10/data/detail-0.spop
ecology_test_relative_cost_slow_run_10,ecology_test_relative_cost_slow,0,176,2,17600,c,if-n-equ,0,0.0,/Users/alinaqvi/Desktop/github_projects/avida/work/ecology_test_relative_cost_slow_run_10/data/detail-0.spop
ecology_test_relative_cost_slow_run_10,ecology_test_relative_cost_slow,0,176,2,17600,d,if-less,0,0.0,/Users/alinaqvi/Desktop/github_projects/avida/work/ecology_test_relative_cost_slow_run_10/data/detail-0.spop
ecology_test_relative_cost_slow_run_10,ecology_test_relative_cost_slow,0,176,2,17600,e,if-not-0,0,0.0,/Users/alinaqvi/Desktop/github_projects/avida/work/ecology_test_relative_cost_slow_run_10/data/detail-0.spop
ecology_test_relative_cost_slow_run_10,ecology_test_relative_cost_slow,0,176,2,17600,f,if-les-0,0,0.0,/Users/alinaqvi/Desktop/github_projects/avida/work/ecology_test_relative_cost_slow_run_10/data/detail-0.spop
ecology_test_relative_cost_slow_run_10,ecology_test_relative_cost_slow,0,176,2,17600,g,if-grt-0,0,0.0,/Users/alinaqvi/Desktop/github_projects/avida/work/ecology_test_relative_cost_slow_run_10/data/detail-0.spop
ecology_test_relative_cost_slow_run_10,ecology_test_relative_cost_slow,0,176,2,17600,h,if-label,0,0.0,/Users/alinaqvi/Desktop/github_projects/avida/work/ecology_test_relative_cost_slow_run_10/data/detail-0.spop
ecology_test_relative_cost_slow_run_10,ecology_test_relative_cost_slow,0,176,2,17600,i,zero,0,0.0,/Users/alinaqvi/Desktop/github_projects/avida/work/ecology_test_relative_cost_slow_run_10/data/detail-0.spop
ecology_test_relative_cost_slow_run_10,ecology_test_relative_cost_slow,0,176,2,17600,j,inc,0,0.0,/Users/alinaqvi/Desktop/github_projects/avida/work/ecology_test_relative_cost_slow_run_10/data/detail-0.spop
ecology_test_relative_cost_slow_run_10,ecology_test_relative_cost_slow,0,176,2,17600,k,dec,0,0.0,/Users/alinaqvi/Desktop/github_projects/avida/work/ecology_test_relative_cost_slow_run_10/data/detail-0.spop
ecology_test_relative_cost_slow_run_10,ecology_test_relative_cost_slow,0,176,2,17600,l,push,0,0.0,/Users/alinaqvi/Desktop/github_projects/avida/work/ecology_test_relative_cost_slow_run_10/data/detail-0.spop
ecology_test_relative_cost_slow_run_10,ecology_test_relative_cost_slow,0,176,2,17600,m,pop,0,0.0,/Users/alinaqvi/Desktop/github_projects/avida/work/ecology_test_relative_cost_slow_run_10/data/detail-0.spop
ecology_test_relative_cost_slow_run_10,ecology_test_relative_cost_slow,0,176,2,17600,n,swap-stk,0,0.0,/Users/alinaqvi/Desktop/github_projects/avida/work/ecology_test_relative_cost_slow_run_10/data/detail-0.spop
ecology_test_relative_cost_slow_run_10,ecology_test_relative_cost_slow,0,176,2,17600,o,swap,0,0.0,/Users/alinaqvi/Desktop/github_projects/avida/work/ecology_test_relative_cost_slow_run_10/data/detail-0.spop
ecology_test_relative_cost_slow_run_10,ecology_test_relative_cost_slow,0,176,2,17600,p,add,0,0.0,/Users/alinaqvi/Desktop/github_projects/avida/work/ecology_test_relative_cost_slow_run_10/data/detail-0.spop
ecology_test_relative_cost_slow_run_10,ecology_test_relative_cost_slow,0,176,2,17600,q,sub,0,0.0,/Users/alinaqvi/Desktop/github_projects/avida/work/ecology_test_relative_cost_slow_run_10/data/detail-0.spop
ecology_test_relative_cost_slow_run_10,ecology_test_relative_cost_slow,0,176,2,17600,r,nand,0,0.0,/Users/alinaqvi/Desktop/github_projects/avida/work/ecology_test_relative_cost_slow_run_10/data/detail-0.spop
ecology_test_relative_cost_slow_run_10,ecology_test_relative_cost_slow,0,176,2,17600,s,repro,400,0.022727272727272728,/Users/alinaqvi/Desktop/github_projects/avida/work/ecology_test_relative_cost_slow_run_10/data/detail-0.spop
ecology_test_relative_cost_slow_run_10,ecology_test_relative_cost_slow,0,176,2,17600,t,repro-semel,76,0.004318181818181818,/Users/alinaqvi/Desktop/github_projects/avida/work/ecology_test_relative_cost_slow_run_10/data/detail-0.spop
ecology_test_relative_cost_slow_run_10,ecology_test_relative_cost_slow,0,176,2,17600,u,move,0,0.0,/Users/alinaqvi/Desktop/github_projects/avida/work/ecology_test_relative_cost_slow_run_10/data/detail-0.spop
ecology_test_relative_cost_slow_run_10,ecology_test_relative_cost_slow,0,176,2,17600,v,rotate-left-one,0,0.0,/Users/alinaqvi/Desktop/github_projects/avida/work/ecology_test_relative_cost_slow_run_10/data/detail-0.spop
ecology_test_relative_cost_slow_run_10,ecology_test_relative_cost_slow,0,176,2,17600,w,rotate-right-one,0,0.0,/Users/alinaqvi/Desktop/github_projects/avida/work/ecology_test_relative_cost_slow_run_10/data/detail-0.spop
ecology_test_relative_cost_slow_run_10,ecology_test_relative_cost_slow,0,176,2,17600,x,sense-resource0,0,0.0,/Users/alinaqvi/Desktop/github_projects/avida/work/ecology_test_relative_cost_slow_run_10/data/detail-0.spop
ecology_test_relative_cost_slow_run_10,ecology_test_relative_cost_slow,0,176,2,17600,y,sense-faced-resource0,0,0.0,/Users/alinaqvi/Desktop/github_projects/avida/work/ecology_test_relative_cost_slow_run_10/data/detail-0.spop
ecology_test_relative_cost_slow_run_11,ecology_test_relative_cost_slow,506861,12594,1963,1259400,a,nop-B,59375,0.04714546609496586,/Users/alinaqvi/Desktop/github_projects/avida/work/ecology_test_relative_cost_slow_run_11/data/detail-506861.spop
ecology_test_relative_cost_slow_run_11,ecology_test_relative_cost_slow,506861,12594,1963,1259400,b,nop-C,364105,0.28910989360012707,/Users/alinaqvi/Desktop/github_projects/avida/work/ecology_test_relative_cost_slow_run_11/data/detail-506861.spop
ecology_test_relative_cost_slow_run_11,ecology_test_relative_cost_slow,506861,12594,1963,1259400,c,if-n-equ,23126,0.01836271240273146,/Users/alinaqvi/Desktop/github_projects/avida/work/ecology_test_relative_cost_slow_run_11/data/detail-506861.spop
ecology_test_relative_cost_slow_run_11,ecology_test_relative_cost_slow,506861,12594,1963,1259400,d,if-less,21721,0.01724710179450532,/Users/alinaqvi/Desktop/github_projects/avida/work/ecology_test_relative_cost_slow_run_11/data/detail-506861.spop
ecology_test_relative_cost_slow_run_11,ecology_test_relative_cost_slow,506861,12594,1963,1259400,e,if-not-0,15008,0.011916785771002065,/Users/alinaqvi/Desktop/github_projects/avida/work/ecology_test_relative_cost_slow_run_11/data/detail-506861.spop
ecology_test_relative_cost_slow_run_11,ecology_test_relative_cost_slow,506861,12594,1963,1259400,f,if-les-0,52710,0.0418532634587899,/Users/alinaqvi/Desktop/github_projects/avida/work/ecology_test_relative_cost_slow_run_11/data/detail-506861.spop
ecology_test_relative_cost_slow_run_11,ecology_test_relative_cost_slow,506861,12594,1963,1259400,g,if-grt-0,23774,0.01887724313164999,/Users/alinaqvi/Desktop/github_projects/avida/work/ecology_test_relative_cost_slow_run_11/data/detail-506861.spop
ecology_test_relative_cost_slow_run_11,ecology_test_relative_cost_slow,506861,12594,1963,1259400,h,if-label,62728,0.0498078450055582,/Users/alinaqvi/Desktop/github_projects/avida/work/ecology_test_relative_cost_slow_run_11/data/detail-506861.spop
ecology_test_relative_cost_slow_run_11,ecology_test_relative_cost_slow,506861,12594,1963,1259400,i,zero,79344,0.06300142925202477,/Users/alinaqvi/Desktop/github_projects/avida/work/ecology_test_relative_cost_slow_run_11/data/detail-506861.spop
ecology_test_relative_cost_slow_run_11,ecology_test_relative_cost_slow,506861,12594,1963,1259400,j,inc,26028,0.02066698427822773,/Users/alinaqvi/Desktop/github_projects/avida/work/ecology_test_relative_cost_slow_run_11/data/detail-506861.spop
ecology_test_relative_cost_slow_run_11,ecology_test_relative_cost_slow,506861,12594,1963,1259400,k,dec,8173,0.0064895982213752585,/Users/alinaqvi/Desktop/github_projects/avida/work/ecology_test_relative_cost_slow_run_11/data/detail-506861.spop
ecology_test_relative_cost_slow_run_11,ecology_test_relative_cost_slow,506861,12594,1963,1259400,l,push,1681,0.001334762585358107,/Users/alinaqvi/Desktop/github_projects/avida/work/ecology_test_relative_cost_slow_run_11/data/detail-506861.spop
ecology_test_relative_cost_slow_run_11,ecology_test_relative_cost_slow,506861,12594,1963,1259400,m,pop,44636,0.0354422740987772,/Users/alinaqvi/Desktop/github_projects/avida/work/ecology_test_relative_cost_slow_run_11/data/detail-506861.spop
ecology_test_relative_cost_slow_run_11,ecology_test_relative_cost_slow,506861,12594,1963,1259400,n,swap-stk,37962,0.03014292520247737,/Users/alinaqvi/Desktop/github_projects/avida/work/ecology_test_relative_cost_slow_run_11/data/detail-506861.spop
ecology_test_relative_cost_slow_run_11,ecology_test_relative_cost_slow,506861,12594,1963,1259400,o,swap,16722,0.01327775131014769,/Users/alinaqvi/Desktop/github_projects/avida/work/ecology_test_relative_cost_slow_run_11/data/detail-506861.spop
ecology_test_relative_cost_slow_run_11,ecology_test_relative_cost_slow,506861,12594,1963,1259400,p,add,13689,0.010869461648404003,/Users/alinaqvi/Desktop/github_projects/avida/work/ecology_test_relative_cost_slow_run_11/data/detail-506861.spop
ecology_test_relative_cost_slow_run_11,ecology_test_relative_cost_slow,506861,12594,1963,1259400,q,sub,6790,0.005391456249007464,/Users/alinaqvi/Desktop/github_projects/avida/work/ecology_test_relative_cost_slow_run_11/data/detail-506861.spop
ecology_test_relative_cost_slow_run_11,ecology_test_relative_cost_slow,506861,12594,1963,1259400,r,nand,6362,0.005051611878672384,/Users/alinaqvi/Desktop/github_projects/avida/work/ecology_test_relative_cost_slow_run_11/data/detail-506861.spop
ecology_test_relative_cost_slow_run_11,ecology_test_relative_cost_slow,506861,12594,1963,1259400,s,repro,84819,0.06734873749404478,/Users/alinaqvi/Desktop/github_projects/avida/work/ecology_test_relative_cost_slow_run_11/data/detail-506861.spop
ecology_test_relative_cost_slow_run_11,ecology_test_relative_cost_slow,506861,12594,1963,1259400,t,repro-semel,742,0.0005891694457678259,/Users/alinaqvi/Desktop/github_projects/avida/work/ecology_test_relative_cost_slow_run_11/data/detail-506861.spop
ecology_test_relative_cost_slow_run_11,ecology_test_relative_cost_slow,506861,12594,1963,1259400,u,move,267031,0.2120303319040813,/Users/alinaqvi/Desktop/github_projects/avida/work/ecology_test_relative_cost_slow_run_11/data/detail-506861.spop
ecology_test_relative_cost_slow_run_11,ecology_test_relative_cost_slow,506861,12594,1963,1259400,v,rotate-left-one,12530,0.009949182150230268,/Users/alinaqvi/Desktop/github_projects/avida/work/ecology_test_relative_cost_slow_run_11/data/detail-506861.spop
ecology_test_relative_cost_slow_run_11,ecology_test_relative_cost_slow,506861,12594,1963,1259400,w,rotate-right-one,12543,0.009959504525964745,/Users/alinaqvi/Desktop/github_projects/avida/work/ecology_test_relative_cost_slow_run_11/data/detail-506861.spop
ecology_test_relative_cost_slow_run_11,ecology_test_relative_cost_slow,506861,12594,1963,1259400,x,sense-resource0,12797,0.010161187867238368,/Users/alinaqvi/Desktop/github_projects/avida/work/ecology_test_relative_cost_slow_run_11/data/detail-506861.spop
ecology_test_relative_cost_slow_run_11,ecology_test_relative_cost_slow,506861,12594,1963,1259400,y,sense-faced-resource0,5004,0.003973320628870891,/Users/alinaqvi/Desktop/github_projects/avida/work/ecology_test_relative_cost_slow_run_11/data/detail-506861.spop
ecology_test_relative_cost_slow_run_12,ecology_test_relative_cost_slow,386977,15429,1492,1542900,a,nop-B,158466,0.1027065914835699,/Users/alinaqvi/Desktop/github_projects/avida/work/ecology_test_relative_cost_slow_run_12/data/detail-386977.spop
ecology_test_relative_cost_slow_run_12,ecology_test_relative_cost_slow,386977,15429,1492,1542900,b,nop-C,399917,0.2591982630112126,/Users/alinaqvi/Desktop/github_projects/avida/work/ecology_test_relative_cost_slow_run_12/data/detail-386977.spop
ecology_test_relative_cost_slow_run_12,ecology_test_relative_cost_slow,386977,15429,1492,1542900,c,if-n-equ,37350,0.02420766089830838,/Users/alinaqvi/Desktop/github_projects/avida/work/ecology_test_relative_cost_slow_run_12/data/detail-386977.spop
ecology_test_relative_cost_slow_run_12,ecology_test_relative_cost_slow,386977,15429,1492,1542900,d,if-less,48393,0.03136496208438654,/Users/alinaqvi/Desktop/github_projects/avida/work/ecology_test_relative_cost_slow_run_12/data/detail-386977.spop
ecology_test_relative_cost_slow_run_12,ecology_test_relative_cost_slow,386977,15429,1492,1542900,e,if-not-0,24385,0.015804653574437746,/Users/alinaqvi/Desktop/github_projects/avida/work/ecology_test_relative_cost_slow_run_12/data/detail-386977.spop
ecology_test_relative_cost_slow_run_12,ecology_test_relative_cost_slow,386977,15429,1492,1542900,f,if-les-0,1538,0.0009968241622917882,/Users/alinaqvi/Desktop/github_projects/avida/work/ecology_test_relative_cost_slow_run_12/data/detail-386977.spop
ecology_test_relative_cost_slow_run_12,ecology_test_relative_cost_slow,386977,15429,1492,1542900,g,if-grt-0,25793,0.01671722081794024,/Users/alinaqvi/Desktop/github_projects/avida/work/ecology_test_relative_cost_slow_run_12/data/detail-386977.spop
ecology_test_relative_cost_slow_run_12,ecology_test_relative_cost_slow,386977,15429,1492,1542900,h,if-label,94796,0.06144014518115237,/Users/alinaqvi/Desktop/github_projects/avida/work/ecology_test_relative_cost_slow_run_12/data/detail-386977.spop
ecology_test_relative_cost_slow_run_12,ecology_test_relative_cost_slow,386977,15429,1492,1542900,i,zero,24097,0.015617992092812236,/Users/alinaqvi/Desktop/github_projects/avida/work/ecology_test_relative_cost_slow_run_12/data/detail-386977.spop
ecology_test_relative_cost_slow_run_12,ecology_test_relative_cost_slow,386977,15429,1492,1542900,j,inc,2769,0.0017946723702119386,/Users/alinaqvi/Desktop/github_projects/avida/work/ecology_test_relative_cost_slow_run_12/data/detail-386977.spop
ecology_test_relative_cost_slow_run_12,ecology_test_relative_cost_slow,386977,15429,1492,1542900,k,dec,3580,0.0023203059174282197,/Users/alinaqvi/Desktop/github_projects/avida/work/ecology_test_relative_cost_slow_run_12/data/detail-386977.spop
ecology_test_relative_cost_slow_run_12,ecology_test_relative_cost_slow,386977,15429,1492,1542900,l,push,27971,0.018128848272733165,/Users/alinaqvi/Desktop/github_projects/avida/work/ecology_test_relative_cost_slow_run_12/data/detail-386977.spop
ecology_test_relative_cost_slow_run_12,ecology_test_relative_cost_slow,386977,15429,1492,1542900,m,pop,560,0.00036295288093849245,/Users/alinaqvi/Desktop/github_projects/avida/work/ecology_test_relative_cost_slow_run_12/data/detail-386977.spop
ecology_test_relative_cost_slow_run_12,ecology_test_relative_cost_slow,386977,15429,1492,1542900,n,swap-stk,2764,0.0017914317194892735,/Users/alinaqvi/Desktop/github_projects/avida/work/ecology_test_relative_cost_slow_run_12/data/detail-386977.spop
ecology_test_relative_cost_slow_run_12,ecology_test_relative_cost_slow,386977,15429,1492,1542900,o,swap,22709,0.014718387452200402,/Users/alinaqvi/Desktop/github_projects/avida/work/ecology_test_relative_cost_slow_run_12/data/detail-386977.spop
ecology_test_relative_cost_slow_run_12,ecology_test_relative_cost_slow,386977,15429,1492,1542900,p,add,46378,0.030058979843152506,/Users/alinaqvi/Desktop/github_projects/avida/work/ecology_test_relative_cost_slow_run_12/data/detail-386977.spop
ecology_test_relative_cost_slow_run_12,ecology_test_relative_cost_slow,386977,15429,1492,1542900,q,sub,41668,0.02700628686240197,/Users/alinaqvi/Desktop/github_projects/avida/work/ecology_test_relative_cost_slow_run_12/data/detail-386977.spop
ecology_test_relative_cost_slow_run_12,ecology_test_relative_cost_slow,386977,15429,1492,1542900,r,nand,3057,0.001981333851837449,/Users/alinaqvi/Desktop/github_projects/avida/work/ecology_test_relative_cost_slow_run_12/data/detail-386977.spop
ecology_test_relative_cost_slow_run_12,ecology_test_relative_cost_slow,386977,15429,1492,1542900,s,repro,69265,0.04489273446107978,/Users/alinaqvi/Desktop/github_projects/avida/work/ecology_test_relative_cost_slow_run_12/data/detail-386977.spop
ecology_test_relative_cost_slow_run_12,ecology_test_relative_cost_slow,386977,15429,1492,1542900,t,repro-semel,39168,0.025385961501069414,/Users/alinaqvi/Desktop/github_projects/avida/work/ecology_test_relative_cost_slow_run_12/data/detail-386977.spop
ecology_test_relative_cost_slow_run_12,ecology_test_relative_cost_slow,386977,15429,1492,1542900,u,move,409525,0.2654254974398859,/Users/alinaqvi/Desktop/github_projects/avida/work/ecology_test_relative_cost_slow_run_12/data/detail-386977.spop
ecology_test_relative_cost_slow_run_12,ecology_test_relative_cost_slow,386977,15429,1492,1542900,v,rotate-left-one,8547,0.005539568345323741,/Users/alinaqvi/Desktop/github_projects/avida/work/ecology_test_relative_cost_slow_run_12/data/detail-386977.spop
ecology_test_relative_cost_slow_run_12,ecology_test_relative_cost_slow,386977,15429,1492,1542900,w,rotate-right-one,859,0.0005567437941538661,/Users/alinaqvi/Desktop/github_projects/avida/work/ecology_test_relative_cost_slow_run_12/data/detail-386977.spop
ecology_test_relative_cost_slow_run_12,ecology_test_relative_cost_slow,386977,15429,1492,1542900,x,sense-resource0,46379,0.03005962797329704,/Users/alinaqvi/Desktop/github_projects/avida/work/ecology_test_relative_cost_slow_run_12/data/detail-386977.spop
ecology_test_relative_cost_slow_run_12,ecology_test_relative_cost_slow,386977,15429,1492,1542900,y,sense-faced-resource0,2966,0.0019223540086849439,/Users/alinaqvi/Desktop/github_projects/avida/work/ecology_test_relative_cost_slow_run_12/data/detail-386977.spop
ecology_test_relative_cost_slow_run_13,ecology_test_relative_cost_slow,385963,14506,1590,1450600,a,nop-B,57092,0.03935750723838412,/Users/alinaqvi/Desktop/github_projects/avida/work/ecology_test_relative_cost_slow_run_13/data/detail-385963.spop
ecology_test_relative_cost_slow_run_13,ecology_test_relative_cost_slow,385963,14506,1590,1450600,b,nop-C,470931,0.324645663863229,/Users/alinaqvi/Desktop/github_projects/avida/work/ecology_test_relative_cost_slow_run_13/data/detail-385963.spop
ecology_test_relative_cost_slow_run_13,ecology_test_relative_cost_slow,385963,14506,1590,1450600,c,if-n-equ,13004,0.008964566386322901,/Users/alinaqvi/Desktop/github_projects/avida/work/ecology_test_relative_cost_slow_run_13/data/detail-385963.spop
ecology_test_relative_cost_slow_run_13,ecology_test_relative_cost_slow,385963,14506,1590,1450600,d,if-less,43553,0.03002412794705639,/Users/alinaqvi/Desktop/github_projects/avida/work/ecology_test_relative_cost_slow_run_13/data/detail-385963.spop
ecology_test_relative_cost_slow_run_13,ecology_test_relative_cost_slow,385963,14506,1590,1450600,e,if-not-0,5742,0.003958362057079829,/Users/alinaqvi/Desktop/github_projects/avida/work/ecology_test_relative_cost_slow_run_13/data/detail-385963.spop
ecology_test_relative_cost_slow_run_13,ecology_test_relative_cost_slow,385963,14506,1590,1450600,f,if-les-0,47488,0.03273679856611057,/Users/alinaqvi/Desktop/github_projects/avida/work/ecology_test_relative_cost_slow_run_13/data/detail-385963.spop
ecology_test_relative_cost_slow_run_13,ecology_test_relative_cost_slow,385963,14506,1590,1450600,g,if-grt-0,20116,0.013867365228181442,/Users/alinaqvi/Desktop/github_projects/avida/work/ecology_test_relative_cost_slow_run_13/data/detail-385963.spop
ecology_test_relative_cost_slow_run_13,ecology_test_relative_cost_slow,385963,14506,1590,1450600,h,if-label,93219,0.06426237418999035,/Users/alinaqvi/Desktop/github_projects/avida/work/ecology_test_relative_cost_slow_run_13/data/detail-385963.spop
ecology_test_relative_cost_slow_run_13,ecology_test_relative_cost_slow,385963,14506,1590,1450600,i,zero,34684,0.023910106162967047,/Users/alinaqvi/Desktop/github_projects/avida/work/ecology_test_relative_cost_slow_run_13/data/detail-385963.spop
ecology_test_relative_cost_slow_run_13,ecology_test_relative_cost_slow,385963,14506,1590,1450600,j,inc,19909,0.01372466565559079,/Users/alinaqvi/Desktop/github_projects/avida/work/ecology_test_relative_cost_slow_run_13/data/detail-385963.spop
ecology_test_relative_cost_slow_run_13,ecology_test_relative_cost_slow,385963,14506,1590,1450600,k,dec,37394,0.025778298635047568,/Users/alinaqvi/Desktop/github_projects/avida/work/ecology_test_relative_cost_slow_run_13/data/detail-385963.spop
ecology_test_relative_cost_slow_run_13,ecology_test_relative_cost_slow,385963,14506,1590,1450600,l,push,16317,0.011248448917689231,/Users/alinaqvi/Desktop/github_projects/avida/work/ecology_test_relative_cost_slow_run_13/data/detail-385963.spop
ecology_test_relative_cost_slow_run_13,ecology_test_relative_cost_slow,385963,14506,1590,1450600,m,pop,19366,0.01335033779125879,/Users/alinaqvi/Desktop/github_projects/avida/work/ecology_test_relative_cost_slow_run_13/data/detail-385963.spop
ecology_test_relative_cost_slow_run_13,ecology_test_relative_cost_slow,385963,14506,1590,1450600,n,swap-stk,29969,0.020659727009513306,/Users/alinaqvi/Desktop/github_projects/avida/work/ecology_test_relative_cost_slow_run_13/data/detail-385963.spop
ecology_test_relative_cost_slow_run_13,ecology_test_relative_cost_slow,385963,14506,1590,1450600,o,swap,6915,0.004766992968426858,/Users/alinaqvi/Desktop/github_projects/avida/work/ecology_test_relative_cost_slow_run_13/data/detail-385963.spop
ecology_test_relative_cost_slow_run_13,ecology_test_relative_cost_slow,385963,14506,1590,1450600,p,add,7530,0.005190955466703433,/Users/alinaqvi/Desktop/github_projects/avida/work/ecology_test_relative_cost_slow_run_13/data/detail-385963.spop
ecology_test_relative_cost_slow_run_13,ecology_test_relative_cost_slow,385963,14506,1590,1450600,q,sub,35319,0.02434785605956156,/Users/alinaqvi/Desktop/github_projects/avida/work/ecology_test_relative_cost_slow_run_13/data/detail-385963.spop
ecology_test_relative_cost_slow_run_13,ecology_test_relative_cost_slow,385963,14506,1590,1450600,r,nand,53008,0.0365421205018613,/Users/alinaqvi/Desktop/github_projects/avida/work/ecology_test_relative_cost_slow_run_13/data/detail-385963.spop
ecology_test_relative_cost_slow_run_13,ecology_test_relative_cost_slow,385963,14506,1590,1450600,s,repro,67658,0.04664138976975045,/Users/alinaqvi/Desktop/github_projects/avida/work/ecology_test_relative_cost_slow_run_13/data/detail-385963.spop
ecology_test_relative_cost_slow_run_13,ecology_test_relative_cost_slow,385963,14506,1590,1450600,t,repro-semel,10684,0.007365228181442162,/Users/alinaqvi/Desktop/github_projects/avida/work/ecology_test_relative_cost_slow_run_13/data/detail-385963.spop
ecology_test_relative_cost_slow_run_13,ecology_test_relative_cost_slow,385963,14506,1590,1450600,u,move,318906,0.21984420239900732,/Users/alinaqvi/Desktop/github_projects/avida/work/ecology_test_relative_cost_slow_run_13/data/detail-385963.spop
ecology_test_relative_cost_slow_run_13,ecology_test_relative_cost_slow,385963,14506,1590,1450600,v,rotate-left-one,11171,0.007700951330483938,/Users/alinaqvi/Desktop/github_projects/avida/work/ecology_test_relative_cost_slow_run_13/data/detail-385963.spop
ecology_test_relative_cost_slow_run_13,ecology_test_relative_cost_slow,385963,14506,1590,1450600,w,rotate-right-one,9166,0.006318764649110712,/Users/alinaqvi/Desktop/github_projects/avida/work/ecology_test_relative_cost_slow_run_13/data/detail-385963.spop
ecology_test_relative_cost_slow_run_13,ecology_test_relative_cost_slow,385963,14506,1590,1450600,x,sense-resource0,1025,0.000706604163794292,/Users/alinaqvi/Desktop/github_projects/avida/work/ecology_test_relative_cost_slow_run_13/data/detail-385963.spop
ecology_test_relative_cost_slow_run_13,ecology_test_relative_cost_slow,385963,14506,1590,1450600,y,sense-faced-resource0,20434,0.014086584861436647,/Users/alinaqvi/Desktop/github_projects/avida/work/ecology_test_relative_cost_slow_run_13/data/detail-385963.spop
ecology_test_relative_cost_slow_run_14,ecology_test_relative_cost_slow,0,172,2,17200,a,nop-B,0,0.0,/Users/alinaqvi/Desktop/github_projects/avida/work/ecology_test_relative_cost_slow_run_14/data/detail-0.spop
ecology_test_relative_cost_slow_run_14,ecology_test_relative_cost_slow,0,172,2,17200,b,nop-C,16728,0.9725581395348837,/Users/alinaqvi/Desktop/github_projects/avida/work/ecology_test_relative_cost_slow_run_14/data/detail-0.spop
ecology_test_relative_cost_slow_run_14,ecology_test_relative_cost_slow,0,172,2,17200,c,if-n-equ,0,0.0,/Users/alinaqvi/Desktop/github_projects/avida/work/ecology_test_relative_cost_slow_run_14/data/detail-0.spop
ecology_test_relative_cost_slow_run_14,ecology_test_relative_cost_slow,0,172,2,17200,d,if-less,0,0.0,/Users/alinaqvi/Desktop/github_projects/avida/work/ecology_test_relative_cost_slow_run_14/data/detail-0.spop
ecology_test_relative_cost_slow_run_14,ecology_test_relative_cost_slow,0,172,2,17200,e,if-not-0,0,0.0,/Users/alinaqvi/Desktop/github_projects/avida/work/ecology_test_relative_cost_slow_run_14/data/detail-0.spop
ecology_test_relative_cost_slow_run_14,ecology_test_relative_cost_slow,0,172,2,17200,f,if-les-0,0,0.0,/Users/alinaqvi/Desktop/github_projects/avida/work/ecology_test_relative_cost_slow_run_14/data/detail-0.spop
ecology_test_relative_cost_slow_run_14,ecology_test_relative_cost_slow,0,172,2,17200,g,if-grt-0,0,0.0,/Users/alinaqvi/Desktop/github_projects/avida/work/ecology_test_relative_cost_slow_run_14/data/detail-0.spop
ecology_test_relative_cost_slow_run_14,ecology_test_relative_cost_slow,0,172,2,17200,h,if-label,0,0.0,/Users/alinaqvi/Desktop/github_projects/avida/work/ecology_test_relative_cost_slow_run_14/data/detail-0.spop
ecology_test_relative_cost_slow_run_14,ecology_test_relative_cost_slow,0,172,2,17200,i,zero,0,0.0,/Users/alinaqvi/Desktop/github_projects/avida/work/ecology_test_relative_cost_slow_run_14/data/detail-0.spop
ecology_test_relative_cost_slow_run_14,ecology_test_relative_cost_slow,0,172,2,17200,j,inc,0,0.0,/Users/alinaqvi/Desktop/github_projects/avida/work/ecology_test_relative_cost_slow_run_14/data/detail-0.spop
ecology_test_relative_cost_slow_run_14,ecology_test_relative_cost_slow,0,172,2,17200,k,dec,0,0.0,/Users/alinaqvi/Desktop/github_projects/avida/work/ecology_test_relative_cost_slow_run_14/data/detail-0.spop
ecology_test_relative_cost_slow_run_14,ecology_test_relative_cost_slow,0,172,2,17200,l,push,0,0.0,/Users/alinaqvi/Desktop/github_projects/avida/work/ecology_test_relative_cost_slow_run_14/data/detail-0.spop
ecology_test_relative_cost_slow_run_14,ecology_test_relative_cost_slow,0,172,2,17200,m,pop,0,0.0,/Users/alinaqvi/Desktop/github_projects/avida/work/ecology_test_relative_cost_slow_run_14/data/detail-0.spop
ecology_test_relative_cost_slow_run_14,ecology_test_relative_cost_slow,0,172,2,17200,n,swap-stk,0,0.0,/Users/alinaqvi/Desktop/github_projects/avida/work/ecology_test_relative_cost_slow_run_14/data/detail-0.spop
ecology_test_relative_cost_slow_run_14,ecology_test_relative_cost_slow,0,172,2,17200,o,swap,0,0.0,/Users/alinaqvi/Desktop/github_projects/avida/work/ecology_test_relative_cost_slow_run_14/data/detail-0.spop
ecology_test_relative_cost_slow_run_14,ecology_test_relative_cost_slow,0,172,2,17200,p,add,0,0.0,/Users/alinaqvi/Desktop/github_projects/avida/work/ecology_test_relative_cost_slow_run_14/data/detail-0.spop
ecology_test_relative_cost_slow_run_14,ecology_test_relative_cost_slow,0,172,2,17200,q,sub,0,0.0,/Users/alinaqvi/Desktop/github_projects/avida/work/ecology_test_relative_cost_slow_run_14/data/detail-0.spop
ecology_test_relative_cost_slow_run_14,ecology_test_relative_cost_slow,0,172,2,17200,r,nand,0,0.0,/Users/alinaqvi/Desktop/github_projects/avida/work/ecology_test_relative_cost_slow_run_14/data/detail-0.spop
ecology_test_relative_cost_slow_run_14,ecology_test_relative_cost_slow,0,172,2,17200,s,repro,400,0.023255813953488372,/Users/alinaqvi/Desktop/github_projects/avida/work/ecology_test_relative_cost_slow_run_14/data/detail-0.spop
ecology_test_relative_cost_slow_run_14,ecology_test_relative_cost_slow,0,172,2,17200,t,repro-semel,72,0.004186046511627907,/Users/alinaqvi/Desktop/github_projects/avida/work/ecology_test_relative_cost_slow_run_14/data/detail-0.spop
ecology_test_relative_cost_slow_run_14,ecology_test_relative_cost_slow,0,172,2,17200,u,move,0,0.0,/Users/alinaqvi/Desktop/github_projects/avida/work/ecology_test_relative_cost_slow_run_14/data/detail-0.spop
ecology_test_relative_cost_slow_run_14,ecology_test_relative_cost_slow,0,172,2,17200,v,rotate-left-one,0,0.0,/Users/alinaqvi/Desktop/github_projects/avida/work/ecology_test_relative_cost_slow_run_14/data/detail-0.spop
ecology_test_relative_cost_slow_run_14,ecology_test_relative_cost_slow,0,172,2,17200,w,rotate-right-one,0,0.0,/Users/alinaqvi/Desktop/github_projects/avida/work/ecology_test_relative_cost_slow_run_14/data/detail-0.spop
ecology_test_relative_cost_slow_run_14,ecology_test_relative_cost_slow,0,172,2,17200,x,sense-resource0,0,0.0,/Users/alinaqvi/Desktop/github_projects/avida/work/ecology_test_relative_cost_slow_run_14/data/detail-0.spop
ecology_test_relative_cost_slow_run_14,ecology_test_relative_cost_slow,0,172,2,17200,y,sense-faced-resource0,0,0.0,/Users/alinaqvi/Desktop/github_projects/avida/work/ecology_test_relative_cost_slow_run_14/data/detail-0.spop
ecology_test_relative_cost_slow_run_15,ecology_test_relative_cost_slow,415014,14708,1093,1470800,a,nop-B,27148,0.018457982050584715,/Users/alinaqvi/Desktop/github_projects/avida/work/ecology_test_relative_cost_slow_run_15/data/detail-415014.spop
ecology_test_relative_cost_slow_run_15,ecology_test_relative_cost_slow,415014,14708,1093,1470800,b,nop-C,395289,0.2687578188740821,/Users/alinaqvi/Desktop/github_projects/avida/work/ecology_test_relative_cost_slow_run_15/data/detail-415014.spop
ecology_test_relative_cost_slow_run_15,ecology_test_relative_cost_slow,415014,14708,1093,1470800,c,if-n-equ,77107,0.05242521076964917,/Users/alinaqvi/Desktop/github_projects/avida/work/ecology_test_relative_cost_slow_run_15/data/detail-415014.spop
ecology_test_relative_cost_slow_run_15,ecology_test_relative_cost_slow,415014,14708,1093,1470800,d,if-less,50300,0.03419907533315203,/Users/alinaqvi/Desktop/github_projects/avida/work/ecology_test_relative_cost_slow_run_15/data/detail-415014.spop
ecology_test_relative_cost_slow_run_15,ecology_test_relative_cost_slow,415014,14708,1093,1470800,e,if-not-0,37091,0.0252182485722056,/Users/alinaqvi/Desktop/github_projects/avida/work/ecology_test_relative_cost_slow_run_15/data/detail-415014.spop
ecology_test_relative_cost_slow_run_15,ecology_test_relative_cost_slow,415014,14708,1093,1470800,f,if-les-0,19771,0.013442344302420452,/Users/alinaqvi/Desktop/github_projects/avida/work/ecology_test_relative_cost_slow_run_15/data/detail-415014.spop
ecology_test_relative_cost_slow_run_15,ecology_test_relative_cost_slow,415014,14708,1093,1470800,g,if-grt-0,27676,0.018816970356268697,/Users/alinaqvi/Desktop/github_projects/avida/work/ecology_test_relative_cost_slow_run_15/data/detail-415014.spop
ecology_test_relative_cost_slow_run_15,ecology_test_relative_cost_slow,415014,14708,1093,1470800,h,if-label,58693,0.03990549360892032,/Users/alinaqvi/Desktop/github_projects/avida/work/ecology_test_relative_cost_slow_run_15/data/detail-415014.spop
ecology_test_relative_cost_slow_run_15,ecology_test_relative_cost_slow,415014,14708,1093,1470800,i,zero,36760,0.024993200979059015,/Users/alinaqvi/Desktop/github_projects/avida/work/ecology_test_relative_cost_slow_run_15/data/detail-415014.spop
ecology_test_relative_cost_slow_run_15,ecology_test_relative_cost_slow,415014,14708,1093,1470800,j,inc,9044,0.00614903453902638,/Users/alinaqvi/Desktop/github_projects/avida/work/ecology_test_relative_cost_slow_run_15/data/detail-415014.spop
ecology_test_relative_cost_slow_run_15,ecology_test_relative_cost_slow,415014,14708,1093,1470800,k,dec,18528,0.012597225999456079,/Users/alinaqvi/Desktop/github_projects/avida/work/ecology_test_relative_cost_slow_run_15/data/detail-415014.spop
ecology_test_relative_cost_slow_run_15,ecology_test_relative_cost_slow,415014,14708,1093,1470800,l,push,73141,0.04972871906445472,/Users/alinaqvi/Desktop/github_projects/avida/work/ecology_test_relative_cost_slow_run_15/data/detail-415014.spop
ecology_test_relative_cost_slow_run_15,ecology_test_relative_cost_slow,415014,14708,1093,1470800,m,pop,20894,0.01420587435409301,/Users/alinaqvi/Desktop/github_projects/avida/work/ecology_test_relative_cost_slow_run_15/data/detail-415014.spop
ecology_test_relative_cost_slow_run_15,ecology_test_relative_cost_slow,415014,14708,1093,1470800,n,swap-stk,10305,0.007006391079684525,/Users/alinaqvi/Desktop/github_projects/avida/work/ecology_test_relative_cost_slow_run_15/data/detail-415014.spop
ecology_test_relative_cost_slow_run_15,ecology_test_relative_cost_slow,415014,14708,1093,1470800,o,swap,36722,0.024967364699483276,/Users/alinaqvi/Desktop/github_projects/avida/work/ecology_test_relative_cost_slow_run_15/data/detail-415014.spop
ecology_test_relative_cost_slow_run_15,ecology_test_relative_cost_slow,415014,14708,1093,1470800,p,add,2049,0.0013931193908077236,/Users/alinaqvi/Desktop/github_projects/avida/work/ecology_test_relative_cost_slow_run_15/data/detail-415014.spop
ecology_test_relative_cost_slow_run_15,ecology_test_relative_cost_slow,415014,14708,1093,1470800,q,sub,29827,0.020279439760674464,/Users/alinaqvi/Desktop/github_projects/avida/work/ecology_test_relative_cost_slow_run_15/data/detail-415014.spop
ecology_test_relative_cost_slow_run_15,ecology_test_relative_cost_slow,415014,14708,1093,1470800,r,nand,7983,0.005427658417187925,/Users/alinaqvi/Desktop/github_projects/avida/work/ecology_test_relative_cost_slow_run_15/data/detail-415014.spop
ecology_test_relative_cost_slow_run_15,ecology_test_relative_cost_slow,415014,14708,1093,1470800,s,repro,75071,0.051040930106064725,/Users/alinaqvi/Desktop/github_projects/avida/work/ecology_test_relative_cost_slow_run_15/data/detail-415014.spop
ecology_test_relative_cost_slow_run_15,ecology_test_relative_cost_slow,415014,14708,1093,1470800,t,repro-semel,27795,0.018897878705466414,/Users/alinaqvi/Desktop/github_projects/avida/work/ecology_test_relative_cost_slow_run_15/data/detail-415014.spop
ecology_test_relative_cost_slow_run_15,ecology_test_relative_cost_slow,415014,14708,1093,1470800,u,move,379284,0.25787598585803645,/Users/alinaqvi/Desktop/github_projects/avida/work/ecology_test_relative_cost_slow_run_15/data/detail-415014.spop
ecology_test_relative_cost_slow_run_15,ecology_test_relative_cost_slow,415014,14708,1093,1470800,v,rotate-left-one,19455,0.013227495240685342,/Users/alinaqvi/Desktop/github_projects/avida/work/ecology_test_relative_cost_slow_run_15/data/detail-415014.spop
ecology_test_relative_cost_slow_run_15,ecology_test_relative_cost_slow,415014,14708,1093,1470800,w,rotate-right-one,7972,0.005420179494152842,/Users/alinaqvi/Desktop/github_projects/avida/work/ecology_test_relative_cost_slow_run_15/data/detail-415014.spop
ecology_test_relative_cost_slow_run_15,ecology_test_relative_cost_slow,415014,14708,1093,1470800,x,sense-resource0,14120,0.009600217568670112,/Users/alinaqvi/Desktop/github_projects/avida/work/ecology_test_relative_cost_slow_run_15/data/detail-415014.spop
ecology_test_relative_cost_slow_run_15,ecology_test_relative_cost_slow,415014,14708,1093,1470800,y,sense-faced-resource0,8775,0.005966140875713897,/Users/alinaqvi/Desktop/github_projects/avida/work/ecology_test_relative_cost_slow_run_15/data/detail-415014.spop
ecology_test_relative_cost_slow_run_16,ecology_test_relative_cost_slow,416833,13543,1392,1354300,a,nop-B,45212,0.033384036033375176,/Users/alinaqvi/Desktop/github_projects/avida/work/ecology_test_relative_cost_slow_run_16/data/detail-416833.spop
ecology_test_relative_cost_slow_run_16,ecology_test_relative_cost_slow,416833,13543,1392,1354300,b,nop-C,303930,0.22441851879199587,/Users/alinaqvi/Desktop/github_projects/avida/work/ecology_test_relative_cost_slow_run_16/data/detail-416833.spop
ecology_test_relative_cost_slow_run_16,ecology_test_relative_cost_slow,416833,13543,1392,1354300,c,if-n-equ,66924,0.0494159344310714,/Users/alinaqvi/Desktop/github_projects/avida/work/ecology_test_relative_cost_slow_run_16/data/detail-416833.spop
ecology_test_relative_cost_slow_run_16,ecology_test_relative_cost_slow,416833,13543,1392,1354300,d,if-less,32597,0.024069260872775604,/Users/alinaqvi/Desktop/github_projects/avida/work/ecology_test_relative_cost_slow_run_16/data/detail-416833.spop
ecology_test_relative_cost_slow_run_16,ecology_test_relative_cost_slow,416833,13543,1392,1354300,e,if-not-0,21629,0.01597061212434468,/Users/alinaqvi/Desktop/github_projects/avida/work/ecology_test_relative_cost_slow_run_16/data/detail-416833.spop
ecology_test_relative_cost_slow_run_16,ecology_test_relative_cost_slow,416833,13543,1392,1354300,f,if-les-0,92682,0.06843535405744665,/Users/alinaqvi/Desktop/github_projects/avida/work/ecology_test_relative_cost_slow_run_16/data/detail-416833.spop
ecology_test_relative_cost_slow_run_16,ecology_test_relative_cost_slow,416833,13543,1392,1354300,g,if-grt-0,4200,0.0031012331093553864,/Users/alinaqvi/Desktop/github_projects/avida/work/ecology_test_relative_cost_slow_run_16/data/detail-416833.spop
ecology_test_relative_cost_slow_run_16,ecology_test_relative_cost_slow,416833,13543,1392,1354300,h,if-label,37632,0.027787048659824263,/Users/alinaqvi/Desktop/github_projects/avida/work/ecology_test_relative_cost_slow_run_16/data/detail-416833.spop
ecology_test_relative_cost_slow_run_16,ecology_test_relative_cost_slow,416833,13543,1392,1354300,i,zero,3005,0.002218858450860223,/Users/alinaqvi/Desktop/github_projects/avida/work/ecology_test_relative_cost_slow_run_16/data/detail-416833.spop
ecology_test_relative_cost_slow_run_16,ecology_test_relative_cost_slow,416833,13543,1392,1354300,j,inc,42598,0.03145388761721923,/Users/alinaqvi/Desktop/github_projects/avida/work/ecology_test_relative_cost_slow_run_16/data/detail-416833.spop
ecology_test_relative_cost_slow_run_16,ecology_test_relative_cost_slow,416833,13543,1392,1354300,k,dec,12795,0.009447685151000517,/Users/alinaqvi/Desktop/github_projects/avida/work/ecology_test_relative_cost_slow_run_16/data/detail-416833.spop
ecology_test_relative_cost_slow_run_16,ecology_test_relative_cost_slow,416833,13543,1392,1354300,l,push,56483,0.04170641659898102,/Users/alinaqvi/Desktop/github_projects/avida/work/ecology_test_relative_cost_slow_run_16/data/detail-416833.spop
ecology_test_relative_cost_slow_run_16,ecology_test_relative_cost_slow,416833,13543,1392,1354300,m,pop,5257,0.003881710108543159,/Users/alinaqvi/Desktop/github_projects/avida/work/ecology_test_relative_cost_slow_run_16/data/detail-416833.spop
ecology_test_relative_cost_slow_run_16,ecology_test_relative_cost_slow,416833,13543,1392,1354300,n,swap-stk,14080,0.010396514804696153,/Users/alinaqvi/Desktop/github_projects/avida/work/ecology_test_relative_cost_slow_run_16/data/detail-416833.spop
ecology_test_relative_cost_slow_run_16,ecology_test_relative_cost_slow,416833,13543,1392,1354300,o,swap,27209,0.02009082182677398,/Users/alinaqvi/Desktop/github_projects/avida/work/ecology_test_relative_cost_slow_run_16/data/detail-416833.spop
ecology_test_relative_cost_slow_run_16,ecology_test_relative_cost_slow,416833,13543,1392,1354300,p,add,17505,0.012925496566491914,/Users/alinaqvi/Desktop/github_projects/avida/work/ecology_test_relative_cost_slow_run_16/data/detail-416833.spop
ecology_test_relative_cost_slow_run_16,ecology_test_relative_cost_slow,416833,13543,1392,1354300,q,sub,27278,0.020141770656427676,/Users/alinaqvi/Desktop/github_projects/avida/work/ecology_test_relative_cost_slow_run_16/data/detail-416833.spop
ecology_test_relative_cost_slow_run_16,ecology_test_relative_cost_slow,416833,13543,1392,1354300,r,nand,34251,0.025290556006793176,/Users/alinaqvi/Desktop/github_projects/avida/work/ecology_test_relative_cost_slow_run_16/data/detail-416833.spop
ecology_test_relative_cost_slow_run_16,ecology_test_relative_cost_slow,416833,13543,1392,1354300,s,repro,53211,0.03929040832902606,/Users/alinaqvi/Desktop/github_projects/avida/work/ecology_test_relative_cost_slow_run_16/data/detail-416833.spop
ecology_test_relative_cost_slow_run_16,ecology_test_relative_cost_slow,416833,13543,1392,1354300,t,repro-semel,7541,0.00556819020896404,/Users/alinaqvi/Desktop/github_projects/avida/work/ecology_test_relative_cost_slow_run_16/data/detail-416833.spop
ecology_test_relative_cost_slow_run_16,ecology_test_relative_cost_slow,416833,13543,1392,1354300,u,move,376096,0.277705087499077,/Users/alinaqvi/Desktop/github_projects/avida/work/ecology_test_relative_cost_slow_run_16/data/detail-416833.spop
ecology_test_relative_cost_slow_run_16,ecology_test_relative_cost_slow,416833,13543,1392,1354300,v,rotate-left-one,15922,0.011756627039799157,/Users/alinaqvi/Desktop/github_projects/avida/work/ecology_test_relative_cost_slow_run_16/data/detail-416833.spop
ecology_test_relative_cost_slow_run_16,ecology_test_relative_cost_slow,416833,13543,1392,1354300,w,rotate-right-one,3500,0.0025843609244628222,/Users/alinaqvi/Desktop/github_projects/avida/work/ecology_test_relative_cost_slow_run_16/data/detail-416833.spop
ecology_test_relative_cost_slow_run_16,ecology_test_relative_cost_slow,416833,13543,1392,1354300,x,sense-resource0,38660,0.02854611238278077,/Users/alinaqvi/Desktop/github_projects/avida/work/ecology_test_relative_cost_slow_run_16/data/detail-416833.spop
ecology_test_relative_cost_slow_run_16,ecology_test_relative_cost_slow,416833,13543,1392,1354300,y,sense-faced-resource0,14103,0.01041349774791405,/Users/alinaqvi/Desktop/github_projects/avida/work/ecology_test_relative_cost_slow_run_16/data/detail-416833.spop
ecology_test_relative_cost_slow_run_17,ecology_test_relative_cost_slow,383286,13903,1233,1390300,a,nop-B,47282,0.034008487376825144,/Users/alinaqvi/Desktop/github_projects/avida/work/ecology_test_relative_cost_slow_run_17/data/detail-383286.spop
ecology_test_relative_cost_slow_run_17,ecology_test_relative_cost_slow,383286,13903,1233,1390300,b,nop-C,391959,0.28192404517010716,/Users/alinaqvi/Desktop/github_projects/avida/work/ecology_test_relative_cost_slow_run_17/data/detail-383286.spop
ecology_test_relative_cost_slow_run_17,ecology_test_relative_cost_slow,383286,13903,1233,1390300,c,if-n-equ,53329,0.03835790836510106,/Users/alinaqvi/Desktop/github_projects/avida/work/ecology_test_relative_cost_slow_run_17/data/detail-383286.spop
ecology_test_relative_cost_slow_run_17,ecology_test_relative_cost_slow,383286,13903,1233,1390300,d,if-less,14637,0.010527943609292958,/Users/alinaqvi/Desktop/github_projects/avida/work/ecology_test_relative_cost_slow_run_17/data/detail-383286.spop
ecology_test_relative_cost_slow_run_17,ecology_test_relative_cost_slow,383286,13903,1233,1390300,e,if-not-0,29900,0.021506149751852117,/Users/alinaqvi/Desktop/github_projects/avida/work/ecology_test_relative_cost_slow_run_17/data/detail-383286.spop
ecology_test_relative_cost_slow_run_17,ecology_test_relative_cost_slow,383286,13903,1233,1390300,f,if-les-0,42125,0.03029921599654751,/Users/alinaqvi/Desktop/github_projects/avida/work/ecology_test_relative_cost_slow_run_17/data/detail-383286.spop
ecology_test_relative_cost_slow_run_17,ecology_test_relative_cost_slow,383286,13903,1233,1390300,g,if-grt-0,55892,0.040201395382291595,/Users/alinaqvi/Desktop/github_projects/avida/work/ecology_test_relative_cost_slow_run_17/data/detail-383286.spop
ecology_test_relative_cost_slow_run_17,ecology_test_relative_cost_slow,383286,13903,1233,1390300,h,if-label,80272,0.057737179026109475,/Users/alinaqvi/Desktop/github_projects/avida/work/ecology_test_relative_cost_slow_run_17/data/detail-383286.spop
ecology_test_relative_cost_slow_run_17,ecology_test_relative_cost_slow,383286,13903,1233,1390300,i,zero,28359,0.020397755880025892,/Users/alinaqvi/Desktop/github_projects/avida/work/ecology_test_relative_cost_slow_run_17/data/detail-383286.spop
ecology_test_relative_cost_slow_run_17,ecology_test_relative_cost_slow,383286,13903,1233,1390300,j,inc,19141,0.013767532187297706,/Users/alinaqvi/Desktop/github_projects/avida/work/ecology_test_relative_cost_slow_run_17/data/detail-383286.spop
ecology_test_relative_cost_slow_run_17,ecology_test_relative_cost_slow,383286,13903,1233,1390300,k,dec,28275,0.020337337265338415,/Users/alinaqvi/Desktop/github_projects/avida/work/ecology_test_relative_cost_slow_run_17/data/detail-383286.spop
ecology_test_relative_cost_slow_run_17,ecology_test_relative_cost_slow,383286,13903,1233,1390300,l,push,1244,0.0008947709127526434,/Users/alinaqvi/Desktop/github_projects/avida/work/ecology_test_relative_cost_slow_run_17/data/detail-383286.spop
ecology_test_relative_cost_slow_run_17,ecology_test_relative_cost_slow,383286,13903,1233,1390300,m,pop,2683,0.0019297993238869308,/Users/alinaqvi/Desktop/github_projects/avida/work/ecology_test_relative_cost_slow_run_17/data/detail-383286.spop
ecology_test_relative_cost_slow_run_17,ecology_test_relative_cost_slow,383286,13903,1233,1390300,n,swap-stk,954,0.0006861828382363519,/Users/alinaqvi/Desktop/github_projects/avida/work/ecology_test_relative_cost_slow_run_17/data/detail-383286.spop
ecology_test_relative_cost_slow_run_17,ecology_test_relative_cost_slow,383286,13903,1233,1390300,o,swap,2336,0.0016802129036898512,/Users/alinaqvi/Desktop/github_projects/avida/work/ecology_test_relative_cost_slow_run_17/data/detail-383286.spop
ecology_test_relative_cost_slow_run_17,ecology_test_relative_cost_slow,383286,13903,1233,1390300,p,add,28294,0.020351003380565346,/Users/alinaqvi/Desktop/github_projects/avida/work/ecology_test_relative_cost_slow_run_17/data/detail-383286.spop
ecology_test_relative_cost_slow_run_17,ecology_test_relative_cost_slow,383286,13903,1233,1390300,q,sub,26399,0.01898798820398475,/Users/alinaqvi/Desktop/github_projects/avida/work/ecology_test_relative_cost_slow_run_17/data/detail-383286.spop
ecology_test_relative_cost_slow_run_17,ecology_test_relative_cost_slow,383286,13903,1233,1390300,r,nand,16606,0.01194418470833633,/Users/alinaqvi/Desktop/github_projects/avida/work/ecology_test_relative_cost_slow_run_17/data/detail-383286.spop
ecology_test_relative_cost_slow_run_17,ecology_test_relative_cost_slow,383286,13903,1233,1390300,s,repro,81010,0.05826799971229231,/Users/alinaqvi/Desktop/github_projects/avida/work/ecology_test_relative_cost_slow_run_17/data/detail-383286.spop
ecology_test_relative_cost_slow_run_17,ecology_test_relative_cost_slow,383286,13903,1233,1390300,t,repro-semel,2712,0.0019506581313385601,/Users/alinaqvi/Desktop/github_projects/avida/work/ecology_test_relative_cost_slow_run_17/data/detail-383286.spop
ecology_test_relative_cost_slow_run_17,ecology_test_relative_cost_slow,383286,13903,1233,1390300,u,move,366898,0.26389843918578726,/Users/alinaqvi/Desktop/github_projects/avida/work/ecology_test_relative_cost_slow_run_17/data/detail-383286.spop
ecology_test_relative_cost_slow_run_17,ecology_test_relative_cost_slow,383286,13903,1233,1390300,v,rotate-left-one,39218,0.028208300366827303,/Users/alinaqvi/Desktop/github_projects/avida/work/ecology_test_relative_cost_slow_run_17/data/detail-383286.spop
ecology_test_relative_cost_slow_run_17,ecology_test_relative_cost_slow,383286,13903,1233,1390300,w,rotate-right-one,14339,0.010313601380996908,/Users/alinaqvi/Desktop/github_projects/avida/work/ecology_test_relative_cost_slow_run_17/data/detail-383286.spop
ecology_test_relative_cost_slow_run_17,ecology_test_relative_cost_slow,383286,13903,1233,1390300,x,sense-resource0,1419,0.0010206430266848881,/Users/alinaqvi/Desktop/github_projects/avida/work/ecology_test_relative_cost_slow_run_17/data/detail-383286.spop
ecology_test_relative_cost_slow_run_17,ecology_test_relative_cost_slow,383286,13903,1233,1390300,y,sense-faced-resource0,15017,0.010801265913831548,/Users/alinaqvi/Desktop/github_projects/avida/work/ecology_test_relative_cost_slow_run_17/data/detail-383286.spop
ecology_test_relative_cost_slow_run_18,ecology_test_relative_cost_slow,416918,18629,1673,1862900,a,nop-B,50044,0.02686349240431585,/Users/alinaqvi/Desktop/github_projects/avida/work/ecology_test_relative_cost_slow_run_18/data/detail-416918.spop
ecology_test_relative_cost_slow_run_18,ecology_test_relative_cost_slow,416918,18629,1673,1862900,b,nop-C,603735,0.3240834183262655,/Users/alinaqvi/Desktop/github_projects/avida/work/ecology_test_relative_cost_slow_run_18/data/detail-416918.spop
ecology_test_relative_cost_slow_run_18,ecology_test_relative_cost_slow,416918,18629,1673,1862900,c,if-n-equ,37515,0.0201379569488432,/Users/alinaqvi/Desktop/github_projects/avida/work/ecology_test_relative_cost_slow_run_18/data/detail-416918.spop
ecology_test_relative_cost_slow_run_18,ecology_test_relative_cost_slow,416918,18629,1673,1862900,d,if-less,57452,0.030840088034784476,/Users/alinaqvi/Desktop/github_projects/avida/work/ecology_test_relative_cost_slow_run_18/data/detail-416918.spop
ecology_test_relative_cost_slow_run_18,ecology_test_relative_cost_slow,416918,18629,1673,1862900,e,if-not-0,59936,0.03217349294111332,/Users/alinaqvi/Desktop/github_projects/avida/work/ecology_test_relative_cost_slow_run_18/data/detail-416918.spop
ecology_test_relative_cost_slow_run_18,ecology_test_relative_cost_slow,416918,18629,1673,1862900,f,if-les-0,37945,0.020368779859359063,/Users/alinaqvi/Desktop/github_projects/avida/work/ecology_test_relative_cost_slow_run_18/data/detail-416918.spop
ecology_test_relative_cost_slow_run_18,ecology_test_relative_cost_slow,416918,18629,1673,1862900,g,if-grt-0,26751,0.014359869021418219,/Users/alinaqvi/Desktop/github_projects/avida/work/ecology_test_relative_cost_slow_run_18/data/detail-416918.spop
ecology_test_relative_cost_slow_run_18,ecology_test_relative_cost_slow,416918,18629,1673,1862900,h,if-label,73924,0.039682215899940955,/Users/alinaqvi/Desktop/github_projects/avida/work/ecology_test_relative_cost_slow_run_18/data/detail-416918.spop
ecology_test_relative_cost_slow_run_18,ecology_test_relative_cost_slow,416918,18629,1673,1862900,i,zero,3031,0.0016270331204036718,/Users/alinaqvi/Desktop/github_projects/avida/work/ecology_test_relative_cost_slow_run_18/data/detail-416918.spop
ecology_test_relative_cost_slow_run_18,ecology_test_relative_cost_slow,416918,18629,1673,1862900,j,inc,45534,0.024442535831230877,/Users/alinaqvi/Desktop/github_projects/avida/work/ecology_test_relative_cost_slow_run_18/data/detail-416918.spop
ecology_test_relative_cost_slow_run_18,ecology_test_relative_cost_slow,416918,18629,1673,1862900,k,dec,43273,0.023228836759890494,/Users/alinaqvi/Desktop/github_projects/avida/work/ecology_test_relative_cost_slow_run_18/data/detail-416918.spop
ecology_test_relative_cost_slow_run_18,ecology_test_relative_cost_slow,416918,18629,1673,1862900,l,push,18748,0.010063878898491599,/Users/alinaqvi/Desktop/github_projects/avida/work/ecology_test_relative_cost_slow_run_18/data/detail-416918.spop
ecology_test_relative_cost_slow_run_18,ecology_test_relative_cost_slow,416918,18629,1673,1862900,m,pop,73318,0.039356916635353484,/Users/alinaqvi/Desktop/github_projects/avida/work/ecology_test_relative_cost_slow_run_18/data/detail-416918.spop
ecology_test_relative_cost_slow_run_18,ecology_test_relative_cost_slow,416918,18629,1673,1862900,n,swap-stk,1650,0.0008857158194213324,/Users/alinaqvi/Desktop/github_projects/avida/work/ecology_test_relative_cost_slow_run_18/data/detail-416918.spop
ecology_test_relative_cost_slow_run_18,ecology_test_relative_cost_slow,416918,18629,1673,1862900,o,swap,19238,0.010326909656986419,/Users/alinaqvi/Desktop/github_projects/avida/work/ecology_test_relative_cost_slow_run_18/data/detail-416918.spop
ecology_test_relative_cost_slow_run_18,ecology_test_relative_cost_slow,416918,18629,1673,1862900,p,add,64941,0.034860164260024695,/Users/alinaqvi/Desktop/github_projects/avida/work/ecology_test_relative_cost_slow_run_18/data/detail-416918.spop
ecology_test_relative_cost_slow_run_18,ecology_test_relative_cost_slow,416918,18629,1673,1862900,q,sub,35994,0.019321488002576628,/Users/alinaqvi/Desktop/github_projects/avida/work/ecology_test_relative_cost_slow_run_18/data/detail-416918.spop
ecology_test_relative_cost_slow_run_18,ecology_test_relative_cost_slow,416918,18629,1673,1862900,r,nand,2902,0.001557786247248913,/Users/alinaqvi/Desktop/github_projects/avida/work/ecology_test_relative_cost_slow_run_18/data/detail-416918.spop
ecology_test_relative_cost_slow_run_18,ecology_test_relative_cost_slow,416918,18629,1673,1862900,s,repro,91691,0.049219496483976596,/Users/alinaqvi/Desktop/github_projects/avida/work/ecology_test_relative_cost_slow_run_18/data/detail-416918.spop
ecology_test_relative_cost_slow_run_18,ecology_test_relative_cost_slow,416918,18629,1673,1862900,t,repro-semel,2048,0.001099361211015084,/Users/alinaqvi/Desktop/github_projects/avida/work/ecology_test_relative_cost_slow_run_18/data/detail-416918.spop
ecology_test_relative_cost_slow_run_18,ecology_test_relative_cost_slow,416918,18629,1673,1862900,u,move,463257,0.24867518385313223,/Users/alinaqvi/Desktop/github_projects/avida/work/ecology_test_relative_cost_slow_run_18/data/detail-416918.spop
ecology_test_relative_cost_slow_run_18,ecology_test_relative_cost_slow,416918,18629,1673,1862900,v,rotate-left-one,9348,0.005017982715121585,/Users/alinaqvi/Desktop/github_projects/avida/work/ecology_test_relative_cost_slow_run_18/data/detail-416918.spop
ecology_test_relative_cost_slow_run_18,ecology_test_relative_cost_slow,416918,18629,1673,1862900,w,rotate-right-one,550,0.00029523860647377747,/Users/alinaqvi/Desktop/github_projects/avida/work/ecology_test_relative_cost_slow_run_18/data/detail-416918.spop
ecology_test_relative_cost_slow_run_18,ecology_test_relative_cost_slow,416918,18629,1673,1862900,x,sense-resource0,9554,0.005128562993182672,/Users/alinaqvi/Desktop/github_projects/avida/work/ecology_test_relative_cost_slow_run_18/data/detail-416918.spop
ecology_test_relative_cost_slow_run_18,ecology_test_relative_cost_slow,416918,18629,1673,1862900,y,sense-faced-resource0,30521,0.016383595469429385,/Users/alinaqvi/Desktop/github_projects/avida/work/ecology_test_relative_cost_slow_run_18/data/detail-416918.spop
ecology_test_relative_cost_slow_run_19,ecology_test_relative_cost_slow,417396,14863,1310,1486300,a,nop-B,87743,0.05903451523918455,/Users/alinaqvi/Desktop/github_projects/avida/work/ecology_test_relative_cost_slow_run_19/data/detail-417396.spop
ecology_test_relative_cost_slow_run_19,ecology_test_relative_cost_slow,417396,14863,1310,1486300,b,nop-C,562064,0.3781632241135706,/Users/alinaqvi/Desktop/github_projects/avida/work/ecology_test_relative_cost_slow_run_19/data/detail-417396.spop
ecology_test_relative_cost_slow_run_19,ecology_test_relative_cost_slow,417396,14863,1310,1486300,c,if-n-equ,86908,0.058472717486375565,/Users/alinaqvi/Desktop/github_projects/avida/work/ecology_test_relative_cost_slow_run_19/data/detail-417396.spop
ecology_test_relative_cost_slow_run_19,ecology_test_relative_cost_slow,417396,14863,1310,1486300,d,if-less,45147,0.030375428917446008,/Users/alinaqvi/Desktop/github_projects/avida/work/ecology_test_relative_cost_slow_run_19/data/detail-417396.spop
ecology_test_relative_cost_slow_run_19,ecology_test_relative_cost_slow,417396,14863,1310,1486300,e,if-not-0,6468,0.004351745946309628,/Users/alinaqvi/Desktop/github_projects/avida/work/ecology_test_relative_cost_slow_run_19/data/detail-417396.spop
ecology_test_relative_cost_slow_run_19,ecology_test_relative_cost_slow,417396,14863,1310,1486300,f,if-les-0,57704,0.038823925183341185,/Users/alinaqvi/Desktop/github_projects/avida/work/ecology_test_relative_cost_slow_run_19/data/detail-417396.spop
ecology_test_relative_cost_slow_run_19,ecology_test_relative_cost_slow,417396,14863,1310,1486300,g,if-grt-0,23015,0.015484760815447756,/Users/alinaqvi/Desktop/github_projects/avida/work/ecology_test_relative_cost_slow_run_19/data/detail-417396.spop
ecology_test_relative_cost_slow_run_19,ecology_test_relative_cost_slow,417396,14863,1310,1486300,h,if-label,56485,0.03800376774540806,/Users/alinaqvi/Desktop/github_projects/avida/work/ecology_test_relative_cost_slow_run_19/data/detail-417396.spop
ecology_test_relative_cost_slow_run_19,ecology_test_relative_cost_slow,417396,14863,1310,1486300,i,zero,6378,0.004291192895108659,/Users/alinaqvi/Desktop/github_projects/avida/work/ecology_test_relative_cost_slow_run_19/data/detail-417396.spop
ecology_test_relative_cost_slow_run_19,ecology_test_relative_cost_slow,417396,14863,1310,1486300,j,inc,26540,0.0178564219874857,/Users/alinaqvi/Desktop/github_projects/avida/work/ecology_test_relative_cost_slow_run_19/data/detail-417396.spop
ecology_test_relative_cost_slow_run_19,ecology_test_relative_cost_slow,417396,14863,1310,1486300,k,dec,36930,0.02484693534279755,/Users/alinaqvi/Desktop/github_projects/avida/work/ecology_test_relative_cost_slow_run_19/data/detail-417396.spop
ecology_test_relative_cost_slow_run_19,ecology_test_relative_cost_slow,417396,14863,1310,1486300,l,push,14252,0.009588912063513422,/Users/alinaqvi/Desktop/github_projects/avida/work/ecology_test_relative_cost_slow_run_19/data/detail-417396.spop
ecology_test_relative_cost_slow_run_19,ecology_test_relative_cost_slow,417396,14863,1310,1486300,m,pop,17346,0.011670591401466729,/Users/alinaqvi/Desktop/github_projects/avida/work/ecology_test_relative_cost_slow_run_19/data/detail-417396.spop
ecology_test_relative_cost_slow_run_19,ecology_test_relative_cost_slow,417396,14863,1310,1486300,n,swap-stk,3164,0.0021287761555540603,/Users/alinaqvi/Desktop/github_projects/avida/work/ecology_test_relative_cost_slow_run_19/data/detail-417396.spop
ecology_test_relative_cost_slow_run_19,ecology_test_relative_cost_slow,417396,14863,1310,1486300,o,swap,31307,0.02106371526609702,/Users/alinaqvi/Desktop/github_projects/avida/work/ecology_test_relative_cost_slow_run_19/data/detail-417396.spop
ecology_test_relative_cost_slow_run_19,ecology_test_relative_cost_slow,417396,14863,1310,1486300,p,add,18077,0.012162416739554599,/Users/alinaqvi/Desktop/github_projects/avida/work/ecology_test_relative_cost_slow_run_19/data/detail-417396.spop
ecology_test_relative_cost_slow_run_19,ecology_test_relative_cost_slow,417396,14863,1310,1486300,q,sub,12406,0.00834690170221355,/Users/alinaqvi/Desktop/github_projects/avida/work/ecology_test_relative_cost_slow_run_19/data/detail-417396.spop
ecology_test_relative_cost_slow_run_19,ecology_test_relative_cost_slow,417396,14863,1310,1486300,r,nand,3216,0.0021637623629146203,/Users/alinaqvi/Desktop/github_projects/avida/work/ecology_test_relative_cost_slow_run_19/data/detail-417396.spop
ecology_test_relative_cost_slow_run_19,ecology_test_relative_cost_slow,417396,14863,1310,1486300,s,repro,37888,0.025491488932247865,/Users/alinaqvi/Desktop/github_projects/avida/work/ecology_test_relative_cost_slow_run_19/data/detail-417396.spop
ecology_test_relative_cost_slow_run_19,ecology_test_relative_cost_slow,417396,14863,1310,1486300,t,repro-semel,21045,0.014159321805826549,/Users/alinaqvi/Desktop/github_projects/avida/work/ecology_test_relative_cost_slow_run_19/data/detail-417396.spop
ecology_test_relative_cost_slow_run_19,ecology_test_relative_cost_slow,417396,14863,1310,1486300,u,move,297094,0.19988831326111822,/Users/alinaqvi/Desktop/github_projects/avida/work/ecology_test_relative_cost_slow_run_19/data/detail-417396.spop
ecology_test_relative_cost_slow_run_19,ecology_test_relative_cost_slow,417396,14863,1310,1486300,v,rotate-left-one,16973,0.011419632644822713,/Users/alinaqvi/Desktop/github_projects/avida/work/ecology_test_relative_cost_slow_run_19/data/detail-417396.spop
ecology_test_relative_cost_slow_run_19,ecology_test_relative_cost_slow,417396,14863,1310,1486300,w,rotate-right-one,2450,0.0016483886160263742,/Users/alinaqvi/Desktop/github_projects/avida/work/ecology_test_relative_cost_slow_run_19/data/detail-417396.spop
ecology_test_relative_cost_slow_run_19,ecology_test_relative_cost_slow,417396,14863,1310,1486300,x,sense-resource0,14024,0.009435511000470968,/Users/alinaqvi/Desktop/github_projects/avida/work/ecology_test_relative_cost_slow_run_19/data/detail-417396.spop
ecology_test_relative_cost_slow_run_19,ecology_test_relative_cost_slow,417396,14863,1310,1486300,y,sense-faced-resource0,1676,0.001127632375698042,/Users/alinaqvi/Desktop/github_projects/avida/work/ecology_test_relative_cost_slow_run_19/data/detail-417396.spop
ecology_test_relative_cost_slow_run_20,ecology_test_relative_cost_slow,415875,13042,1247,1304200,a,nop-B,69891,0.053589173439656496,/Users/alinaqvi/Desktop/github_projects/avida/work/ecology_test_relative_cost_slow_run_20/data/detail-415875.spop
ecology_test_relative_cost_slow_run_20,ecology_test_relative_cost_slow,415875,13042,1247,1304200,b,nop-C,321486,0.24650053672749578,/Users/alinaqvi/Desktop/github_projects/avida/work/ecology_test_relative_cost_slow_run_20/data/detail-415875.spop
ecology_test_relative_cost_slow_run_20,ecology_test_relative_cost_slow,415875,13042,1247,1304200,c,if-n-equ,23419,0.017956601748198128,/Users/alinaqvi/Desktop/github_projects/avida/work/ecology_test_relative_cost_slow_run_20/data/detail-415875.spop
ecology_test_relative_cost_slow_run_20,ecology_test_relative_cost_slow,415875,13042,1247,1304200,d,if-less,61505,0.047159178040177885,/Users/alinaqvi/Desktop/github_projects/avida/work/ecology_test_relative_cost_slow_run_20/data/detail-415875.spop
ecology_test_relative_cost_slow_run_20,ecology_test_relative_cost_slow,415875,13042,1247,1304200,e,if-not-0,13551,0.010390277564790676,/Users/alinaqvi/Desktop/github_projects/avida/work/ecology_test_relative_cost_slow_run_20/data/detail-415875.spop
ecology_test_relative_cost_slow_run_20,ecology_test_relative_cost_slow,415875,13042,1247,1304200,f,if-les-0,63339,0.04856540407912897,/Users/alinaqvi/Desktop/github_projects/avida/work/ecology_test_relative_cost_slow_run_20/data/detail-415875.spop
ecology_test_relative_cost_slow_run_20,ecology_test_relative_cost_slow,415875,13042,1247,1304200,g,if-grt-0,20474,0.015698512498083118,/Users/alinaqvi/Desktop/github_projects/avida/work/ecology_test_relative_cost_slow_run_20/data/detail-415875.spop
ecology_test_relative_cost_slow_run_20,ecology_test_relative_cost_slow,415875,13042,1247,1304200,h,if-label,49541,0.037985738383683486,/Users/alinaqvi/Desktop/github_projects/avida/work/ecology_test_relative_cost_slow_run_20/data/detail-415875.spop
ecology_test_relative_cost_slow_run_20,ecology_test_relative_cost_slow,415875,13042,1247,1304200,i,zero,5241,0.004018555436282779,/Users/alinaqvi/Desktop/github_projects/avida/work/ecology_test_relative_cost_slow_run_20/data/detail-415875.spop
ecology_test_relative_cost_slow_run_20,ecology_test_relative_cost_slow,415875,13042,1247,1304200,j,inc,26430,0.020265296733629812,/Users/alinaqvi/Desktop/github_projects/avida/work/ecology_test_relative_cost_slow_run_20/data/detail-415875.spop
ecology_test_relative_cost_slow_run_20,ecology_test_relative_cost_slow,415875,13042,1247,1304200,k,dec,35071,0.026890814292286458,/Users/alinaqvi/Desktop/github_projects/avida/work/ecology_test_relative_cost_slow_run_20/data/detail-415875.spop
ecology_test_relative_cost_slow_run_20,ecology_test_relative_cost_slow,415875,13042,1247,1304200,l,push,18823,0.014432602361600981,/Users/alinaqvi/Desktop/github_projects/avida/work/ecology_test_relative_cost_slow_run_20/data/detail-415875.spop
ecology_test_relative_cost_slow_run_20,ecology_test_relative_cost_slow,415875,13042,1247,1304200,m,pop,22628,0.017350099677963502,/Users/alinaqvi/Desktop/github_projects/avida/work/ecology_test_relative_cost_slow_run_20/data/detail-415875.spop
ecology_test_relative_cost_slow_run_20,ecology_test_relative_cost_slow,415875,13042,1247,1304200,n,swap-stk,36646,0.028098451157797882,/Users/alinaqvi/Desktop/github_projects/avida/work/ecology_test_relative_cost_slow_run_20/data/detail-415875.spop
ecology_test_relative_cost_slow_run_20,ecology_test_relative_cost_slow,415875,13042,1247,1304200,o,swap,11441,0.008772427541788069,/Users/alinaqvi/Desktop/github_projects/avida/work/ecology_test_relative_cost_slow_run_20/data/detail-415875.spop
ecology_test_relative_cost_slow_run_20,ecology_test_relative_cost_slow,415875,13042,1247,1304200,p,add,32116,0.024625057506517407,/Users/alinaqvi/Desktop/github_projects/avida/work/ecology_test_relative_cost_slow_run_20/data/detail-415875.spop
ecology_test_relative_cost_slow_run_20,ecology_test_relative_cost_slow,415875,13042,1247,1304200,q,sub,17585,0.013483361447630732,/Users/alinaqvi/Desktop/github_projects/avida/work/ecology_test_relative_cost_slow_run_20/data/detail-415875.spop
ecology_test_relative_cost_slow_run_20,ecology_test_relative_cost_slow,415875,13042,1247,1304200,r,nand,7921,0.0060734549915657104,/Users/alinaqvi/Desktop/github_projects/avida/work/ecology_test_relative_cost_slow_run_20/data/detail-415875.spop
ecology_test_relative_cost_slow_run_20,ecology_test_relative_cost_slow,415875,13042,1247,1304200,s,repro,65195,0.04998849869651894,/Users/alinaqvi/Desktop/github_projects/avida/work/ecology_test_relative_cost_slow_run_20/data/detail-415875.spop
ecology_test_relative_cost_slow_run_20,ecology_test_relative_cost_slow,415875,13042,1247,1304200,t,repro-semel,32023,0.024553749424934827,/Users/alinaqvi/Desktop/github_projects/avida/work/ecology_test_relative_cost_slow_run_20/data/detail-415875.spop
ecology_test_relative_cost_slow_run_20,ecology_test_relative_cost_slow,415875,13042,1247,1304200,u,move,316243,0.2424804477840822,/Users/alinaqvi/Desktop/github_projects/avida/work/ecology_test_relative_cost_slow_run_20/data/detail-415875.spop
ecology_test_relative_cost_slow_run_20,ecology_test_relative_cost_slow,415875,13042,1247,1304200,v,rotate-left-one,12805,0.009818279404999233,/Users/alinaqvi/Desktop/github_projects/avida/work/ecology_test_relative_cost_slow_run_20/data/detail-415875.spop
ecology_test_relative_cost_slow_run_20,ecology_test_relative_cost_slow,415875,13042,1247,1304200,w,rotate-right-one,17734,0.01359760772887594,/Users/alinaqvi/Desktop/github_projects/avida/work/ecology_test_relative_cost_slow_run_20/data/detail-415875.spop
ecology_test_relative_cost_slow_run_20,ecology_test_relative_cost_slow,415875,13042,1247,1304200,x,sense-resource0,10266,0.007871492102438276,/Users/alinaqvi/Desktop/github_projects/avida/work/ecology_test_relative_cost_slow_run_20/data/detail-415875.spop
ecology_test_relative_cost_slow_run_20,ecology_test_relative_cost_slow,415875,13042,1247,1304200,y,sense-faced-resource0,12826,0.00983438122987272,/Users/alinaqvi/Desktop/github_projects/avida/work/ecology_test_relative_cost_slow_run_20/data/detail-415875.spop
